{"summary":"An entertainer impersonates a look-alike banker, causing comic confusion for wife and girlfriend.","cast":"Maurice Chevalier|Merle Oberon|Ann Sothern|Eric Blore|Ferdinand Munier|Walter Byron|Lumsden Hare|Robert Greig|Ferdinand Gottschalk|Halliwell Hobbes|Georges Renavent|Phillip Dare|Frank McGlynn Sr.|Barbara Leonard|Olin Howland|Mary Adair|Richard Allen|Lois Bailey|Dee Barnes|Kathryn Barnes|Max Barwyn|Bobbie Beal|Leon Beaumon|Eugene Beday|Brooks Benedict|Irene Bentley|Joseph E. Bernard|Angela Blue|Nina Borget|Barlowe Borland|Peggy Brandon|Charlotte Brent|Bunny Bronson|Austin Browne|Mary Jane Carey|Doris Carlyle|Marguerite Caverley|Ruth Cedar|Pokey Champion|Vera Champion|Alex Chevron|Robert Cody|Al Constance|Marcelle Corday|Bruce Covington|Sue Curtis|Virginia Dabney|Patsy Daly|Midgie Dare|Margaret Davis|Lucille Day|Ruth Day|Alice Dean|Ann Delikat|Nam Dibot|Mario Dominici|Maryan Downing|Rita Dunn|Zandra Dvorak|Jill Evans|Claudia Fargo|Adolph Faylauer|Boris Fedotoff|Barbara Ferris|Arna Finston|Hazel Fitzgerald|Thaya Foster|June Gale|Pop Garson|Elinore Gates|Gail Goodson|Betty Gordon|Dick Gordon|Galia Grandell|Robert Graves|Jenny Gray|Rosemary Grimes|Charles Hagen|Audrey Hall|Geneva Hall|Pat Hanne|Luis Hanore|Jeanne Hart|Bernadene Hayes|Earlene Heath|Lew Hicks|Mary Jane Hodge|Harry Holman|Shirley Hughes|John Ince|Perry Ivins|Ann Johnson|Myra Jones|Bobby Joyce|Crystal Keate|Lynne Kelly|Marie Koile|Paul Kruger|Lucille La Marr|Billie Lee|Lucille Lund|Pierce Lyden|Joseph P. Mack|Mae Madison|Helen Mann|Libby Marks|Vivian Martin|Al Mazzola|Helen McAllister|Dixie McKinley|Pauline Milan|Rosa Milano|Wilson Millar|Harry Milton|Rene Mimieux|Doris Morton|Patsy Murray|Dolly Newmire|Wedgwood Nowell|William H. O'Brien|Vesey O'Davoren|Nancy Page|Muriel Paull|Patsy Perrin|Albert Pollet|Lillian Porter|Jack Raymond|Mildred Reagan|Edward Reinach|Nell Rhoades|Ruth Riley|Barbara Roberts|June Rohlfs|Pauline Rosebrook|Lillian Ross|Henri Runique|Muriel Scheck|Hans Schumm|Roy Seagus|Helen Seamon|Conrad Seideman|Harry Semels|Bobbie Sheehan|Joan Sheldon|Marion Sheldon|Yorke Sherwood|Mike Siebert|Helen Splane|Alice Stombs|Cyril Thornton|Doris Toddings|Paul Toien|Anders Van Haden|Sailor Vincent|Baron von Dobeneck|Edna Waldron|Leonard Walker|Marie Wells|Joan Woodbury|Fay Worth|Marbeth Wright","keywords":"banker|dual role|folies bergere|temper|singer","year":1935,"director":"Director: Roy Del Ruth","genre":"Comedy|Musical","rating":6.6,"title":"El caballero del Folies Bergere"}