{"summary":"It's the early days of the F.B.I. - federal agents working for the Department of Justice. Though they've got limited powers - they don't carry weapons and have to get local police approval ... See full summary »","cast":"James Cagney|Margaret Lindsay|Ann Dvorak|Robert Armstrong|Barton MacLane|Lloyd Nolan|William Harrigan|Russell Hopton|Edward Pawley|Noel Madison|Monte Blue|Regis Toomey|Addison Richards|Harold Huber|Raymond Hatton|Marie Astaire|Brooks Benedict|Stanley Blystone|Ward Bond|David Brian|Frank Bull|Glen Cavender|Nick Copeland|George Daly|Joe De Stefani|Don Downen|Florence Dudley|Eddie Dunn|Bill Elliott|Pat Flaherty|James Flavin|Sol Gorss|Eddie Graham|Jonathan Hale|Henry Hall|Al Hill|John Impolito|Perry Ivins|Edward Keane|Douglas Kennedy|Mike Lally|Marc Lawrence|James T. Mack|Frank Marlowe|Edwin Maxwell|Martha Merrill|Bruce Mitchell|Gene Morgan|Adrian Morris|Frances Morris|Wheeler Oakman|Lee Phelps|Dick Rush|Ferdinand Schumann-Heink|Frank Shannon|Charles Sherlock|Gertrude Short|Mary Treen|Monte Vandergrift|Dorothy Vernon|Emmett Vogan|Huey White|Tom Wilson","keywords":"compliment|phone booth|kidnapping|jealous|hospital","year":1935,"director":"Director: William Keighley","genre":"Crime|Drama|Film-Noir|Thriller","rating":7.2,"title":"Contra el imperio del crimen"}