{"summary":"The life of spoiled rich Robert Merrick is saved through the use of a hospital's only resuscitator, but because the medical device cannot be in two places at once, it results in the death ... See full summary »","cast":"Irene Dunne|Robert Taylor|Charles Butterworth|Betty Furness|Sara Haden|Ralph Morgan|Henry Armetta|Gilbert Emery|Arthur Treacher|Beryl Mercer|Alyce Ardell|Theodore von Eltz|Sidney Bracey|Arthur Hoyt|Cora Sue Collins|Marion Clayton Anderson|William Arnold|William Bailey|Jane Barnes|Margaret Brayton|Ralph Brooks|Helen Brown|Roy Brown|Lucile Browne|Vance Carroll|Eddy Chandler|Charles Coleman|Joyce Compton|Allen Connor|Gino Corrado|Inez Courtney|Juan de la Cruz|Mickey Daniels|Alan Davis|George Davis|Jean De Briac|Mario Dominici|Norma Drew|Lowell Durham|Edward Earle|Charles Fallon|Adolph Faylauer|James Flavin|Sumner Getchell|Gretta Gould|George Hackathorne|Henry Hale|Sherry Hall|Ara Haswell|Jack Hatfield|Beth Hazelton|Otto Hoffman|Gladden James|Ray Johnson|Jane Keckley|Crauford Kent|Donald Kerr|Arnold Korff|Isabel La Mal|Louis LaVoie|Andrea Leeds|Lucien Littlefield|Rollo Lloyd|Sidney Marion|Frank Mayo|Walter Miller|Clive Morgan|Margaret Morris|Leonard Mudie|Louis Natheaux|Paddy O'Flynn|Purnell Pratt|Frank Reicher|Georgette Rhodes|Frederick Roland|Oscar Rudolph|John St. Polis|William Stack|Ethel Sykes|Melissa Ten Eyck|Maidel Turner|Monte Vandergrift|Frederick Vogeding|Walter Walker|Harry Watson|Lillian West|Andy White|Carol Wines|Leah Winslow|William Worthington","keywords":"f rated|medical|false identity|selfishness|blindness","year":1935,"director":"Director: John M. Stahl","genre":"Drama|Romance","rating":6.9,"title":"Sublime obsesión"}