{"summary":"Two couples and a troupe of actors have an encounter with some mischievous fairies in the forest.","cast":"Ian Hunter|Verree Teasdale|Hobart Cavanaugh|Dick Powell|Ross Alexander|Olivia de Havilland|Jean Muir|Grant Mitchell|Frank McHugh|Dewey Robinson|James Cagney|Joe E. Brown|Hugh Herbert|Otis Harlan|Arthur Treacher|Victor Jory|Anita Louise|Nini Theilade|Mickey Rooney|Katherine Frey|Helen Westcott|Fred Sale|Billy Barty|Kenneth Anger|Eleanor Bayley|Sheila Brown|Jackie Butler|Carrie Daumery|Ruth Eddings|Carol Ellis|Kay Frye|Patsy Galloway|Shep Houghton|Joan Lott|Martha Merrill|Rags Ragland|Angelo Rossitto|Donn Stokes|Victoria Vinton|Helen Wood","keywords":"boyfriend girlfriend relationship|play rehearsal|romantic rivalry|multiple wedding|bare chested male","year":1935,"director":"Directors: William Dieterle, Max Reinhardt","genre":"Comedy|Fantasy|Romance","rating":6.9,"title":"El sueño de una noche de verano"}