{"summary":"A Louisiana con man enters his steamboat into a winner-take-all race with a rival while trying to find a witness to free his nephew, about to be hanged for murder.","cast":"Will Rogers|Anne Shirley|Irvin S. Cobb|Eugene Pallette|John McGuire|Berton Churchill|Francis Ford|Roger Imhof|Raymond Hatton|Hobart Bosworth|Stepin Fetchit|C.E. Anderson|Sam Baker|William 'Billy' Benedict|Heinie Conklin|Tex Cooper|D'Arcy Corrigan|Luke Cosgrave|Tex Driscoll|Grace Goodall|Ben Hall|Dell Henderson|Robert Homans|Si Jenks|John Lester Johnson|Ed Jones|Tiny Jones|Fred Kohler Jr.|James A. Marcus|Louis Mason|Charles Middleton|Robert Milasch|Ferdinand Munier|Robert Parrish|Vester Pegg|Jack Pennick|Otto Richards|Ernest Shields|Wingate Smith|William Sundholm|John Tyke|Lois Verner|John Wallace","keywords":"witness|steamboat|patent medicine|wax museum|uncle nephew relationship","year":1935,"director":"Director: John Ford","genre":"Comedy|Drama|Romance","rating":7.1,"title":"Barco a la deriva"}