{"summary":"Charles Vanel and Annabella star respectively as a daring WW I aviator and his loving but neglected wife. Ostracized by the other pilots because of his recklessness and standoffishness, ... See full summary »","cast":"Annabella|Charles Vanel|Jean Murat|Jean-Pierre Aumont|Daniel Mendaille|Raymond Cordy|Suzanne Desprès|Alexandre Rignault|Pierre Labry|Geo Laby|René Bergeron|Jean Heuzé|Roland Toutain|Yves Forget|Serge Grave|André Lannes|Guy Sloux|Jean Davy|Claire Franconnay|Raymond Aimos|Paul Amiot|Léon Arvel|Vera Baranovskaya|Jeanne Byrel|Charles Camus|Noël Darzal|Enrique Gómez|André Laurens|Marcel Melrac|Viviane Romance|Eugène Stuber|Paulette Élambert","keywords":"french military|warplane|world war one|train station|spy plane","year":1935,"director":"Director: Anatole Litvak","genre":"Drama","rating":6.9,"title":"L'équipage"}