{"summary":"Carnival promoters and gangsters back a math genius rube in a big money bridge tournament.","cast":"Stuart Erwin|Robert Armstrong|Betty Furness|Edmund Gwenn|Harvey Stephens|Edward Brophy|E.E. Clive|Dewey Robinson|Eddie Shubert|Spencer Charters|Erville Alderson|Harry C. Bradley|Tyler Brooke|Nat Carr|George Chandler|Jack Chefe|Harvey Clark|Frank Faylen|Stuart Holmes|Harry Lash|Carl M. Leviness|Wally Maher|Louis Mason|Frank McLure|Roger Moore|Bert Moorhouse|Franklin Parker|Kathrin Clare Ward|Bobby Watson|Harry Wilson","keywords":"money","year":1936,"director":"Director: Edwin L. Marin","genre":"Comedy","rating":5.9,"title":"All American Chump"}