{"summary":"A band of Gypsies are camped outside the walls of Count Arnheim's palace. Oliver's wife kidnaps the Count's daughter Arline, then leaves the child and runs off with her lover, Devilshoof. ... See full summary »","cast":"Stan Laurel|Oliver Hardy|Thelma Todd|Antonio Moreno|Darla Hood|Julie Bishop|Mae Busch|William P. Carleton|James Finlayson|Zeffie Tilbury|Mitchell Lewis|Felix Knight|Yogi|Sam Appel|Harry Bernard|Eddie Borden|Harry Bowen|Jerry Breslin|Sammy Brooks|Tony Campanaro|Eddy Chandler|Lane Chandler|Alice Cooke|Baldwin Cooke|Jimmy Dime|Bobby Dunn|Rita Dunn|Edward Earle|Earl Eby|Dick Gilbert|Laughing Gravy|Charlie Hall|Winter Hall|Howard Hickman|Jack Hill|Andrea Leeds|Sam Lufkin|Bill Madsen|George Magrill|Margaret Mann|Ivor McFadden|Art Miles|James C. Morton|Bob O'Connor|Lee Phelps|Peter Potter|John Powers|Art Rowlands|Margot Sage|Mary Sage|Cap Somers|Lucille Stafford|Harold Switzer|Blanca Vischer|Dave Wengren|Leo Willis|Harry Wilson","keywords":"remake|1930s|gypsies|child abduction|child kidnapping","year":1936,"director":"Directors: James W. Horne, Charley Rogers (as Charles Rogers) | 1 more credit »","genre":"Comedy|Musical","rating":6.8,"title":"Un par de gitanos"}