{"summary":"In 15th-century Paris, the brother of the archdeacon plots with the gypsy king to foment a peasant revolt. Meanwhile, a freakish hunchback falls in love with the gypsy queen.","cast":"Lon Chaney|Patsy Ruth Miller|Norman Kerry|Kate Lester|Winifred Bryson|Nigel De Brulier|Brandon Hurst|Ernest Torrence|Tully Marshall|Harry von Meter|Raymond Hatton|Nick De Ruiz|Eulalie Jensen|Roy Laidlaw|Ray Myers|William Parke|Gladys Brockwell|John Cossar|Edwin Wallock|Fred Behrle|Joe Bonomo|Earl Gordon Bostwick|Helen Broneau|C.E. Collins|Jim Collins|Harry De Vere|Charles Farrell|Al Ferguson|Max Garnetz|John George|Eva Gordon|John Gough|Cesare Gravina|Marion Gray|Charles Haefeli|Fred Herzog|Karl Holl|Alfred Hollingsworth|Harry Holman|Al Hoxie|Jay Hunt|Arthur Hurni|John Impolito|Gladys Johnston|Bob Kortman|Louise La Planche|Ethan Laidlaw|Eva Lewis|Elmo Lincoln|Eric Mack|Andy MacLennan|Albert MacQuarrie|George MacQuarrie|Harry Mann|Alex Manuel|Louis Miller|William O'Rourke|Russ Powell|Albert Prisco|Mabel Richardson|Walter Rodgers|Gilbert Roland|Eugene H. Roth|Lou Salter|Nick Shaid|Jane Sherman|Lydia Yeamans Titus|Rene Traveletti|Pearl Tupper|Robert Wahlberg|Malcolm Waite|Fred Walker|Fanny Warren|Clarence Wilson","keywords":"monster|notre dame cathedral|psychotronic film|church bell|tied up","year":1923,"director":"Director: Wallace Worsley","genre":"Drama|Horror|Romance","rating":7.2,"title":"El jorobado de Notre Dame"}