{"summary":"A man returns to his Appalachian homestead. On the trip, he falls for a young woman. The only problem is her family has vowed to kill every member of his family.","cast":"Buster Keaton|Natalie Talmadge|Joe Roberts|Francis X. Bushman Jr.|Monte Collins|Craig Ward|Joe Keaton|Kitty Bradbury|Buster Keaton Jr.|Erwin Connelly|Edward Coxen|Jack Duffy|Jean Dumas|Tom London|George Marion","keywords":"train crash|manhattan new york city|shenandoah valley|bound together by rope|murder attempt","year":1923,"director":"Directors: John G. Blystone (as Jack Blystone), Buster Keaton","genre":"Comedy|Romance|Thriller","rating":7.8,"title":"La ley de la hospitalidad"}