{"summary":"The star-crossed desert romance of a cloistered woman and a renegade monk.","cast":"Marlene Dietrich|Charles Boyer|Tilly Losch|Basil Rathbone|C. Aubrey Smith|Joseph Schildkraut|John Carradine|Alan Marshal|Lucile Watson|Henry Brandon|Eric Alden|Louis Aldez|Harlan Briggs|John Bryan|Ann Bupp|Pedro de Cordoba|Corky|Nigel De Brulier|Marcel De la Brosse|Barry Downing|Helen Jerome Eddy|Irene Franklin|Robert Frazer|John George|Ann Gillis|Ferdinand Gottschalk|Betty Jane Graham|Bonita Granville|Edna Mae Harris|Marcia Mae Jones|Jane Kerr|Leonid Kinskey|Rosalie Lincoln|Mary MacLaren|Michael Mark|Andrew McKenna|Louis Mercier|Russ Powell|Frank Puglia|Maria Riva|Adrian Rosley|Marion Sayers|David Scott|Robert R. Stephenson|Frances Turham|Betty Van Auken|Charles Waldron","keywords":"reference to allah|camp|desert|monk|monastery","year":1936,"director":"Director: Richard Boleslawski","genre":"Adventure|Drama|Romance","rating":5.9,"title":"El jardín de Alá"}