{"summary":"A small boy is instrumental in a famous Civil War victory.","cast":"George 'Spanky' McFarland|Phillips Holmes|Ralph Morgan|Irving Pichel|Rosina Lawrence|Billie 'Buckwheat' Thomas|Carl 'Alfalfa' Switzer|Hobart Bosworth|Robert Middlemass|James P. Burtis|Louise Beavers|Willie Best|Ernie Alexander|Hooper Atchley|Harry Bernard|John 'Uh huh' Collum|Jack Cooper|Richard DeNeut|Von the Dog|Jack Dougherty|Rex Downing|Alex Finlayson|Bud Geary|Walter Gregory|Karl Hackett|Henry Hall|Jack Hill|Ham Kinsey|Portia Lanning|Frank LaRue|Eugene 'Porky' Lee|Richard Neill|Flaette Roberts|Buddy Roosevelt|Jeffrey Sayre|Harry Strang|Harold Switzer|Jerry Tucker|Carl Voss|Slim Whitaker|Robert Winkler","keywords":"character name as title|two word title|nickname as title|1860s|19th century","year":1936,"director":"Directors: Gordon Douglas, Fred C. Newmeyer (as Fred Newmeyer)","genre":"Comedy|Family|War","rating":6.0,"title":"General Spanky"}