{"summary":"Blake is in love with an aristocratic woman whose husband seriously injures him. Blake's friendship with Lord Nelson provides the basis for Blake's part in the growth of Lloyd's insurance ... See full summary »","cast":"Freddie Bartholomew|Madeleine Carroll|Guy Standing|Tyrone Power|C. Aubrey Smith|Virginia Field|Douglas Scott|George Sanders|J.M. Kerrigan|Una O'Connor|Forrester Harvey|Gavin Muir|E.E. Clive|Miles Mander|Montagu Love|John Burton|Arthur Hohl|Robert Greig|Lumsden Hare|Will Stanton|Murray Kinnell|Billy Bevan|Elsa Buchanan|Georges Renavent|Reginald Barlow|May Beatty|Lester Matthews|Vernon Steele|Barlowe Borland|Hugh Huntley|Charles Croker-King|Ivan F. Simpson|Holmes Herbert|Charles McNaughton|Leonard Mudie|Charles Coleman|Thomas Pogue|Yorke Sherwood|Robert Adair|Norman Ainsley|Harry Allen|Charles Bennett|Arthur Blake|John Blood|Agostino Borgato|Sidney Bracey|Thomas Braidon|Rita Carlyle|David Cavendish|Dennis Chaldecott|Fay Chaldecott|Howard Chaldecott|Herbert Clifton|Hal Cooke|Ralph Cooper|D'Arcy Corrigan|Margaret Daggett|J. Gunnis Davis|Jean De Briac|Art Dupuis|Frank Elliott|Norman Francis|Norman French|Douglas Gerrard|Douglas Gordon|Billy Griffith|Winter Hall|Clive Halliday|Winifred Harris|Anne Howard|Olaf Hytten|Frank Leigh|Eric Lonsdale|Tommy Martin|James May|Henry Mowbray|Doreen Munroe|Harold Nelson|Vesey O'Davoren|Alexander Pollard|John Powers|Constance Purdy|Gerald Rogers|Yvonne Severn|Frederick Sewell|Robert L. Simpson|Pat Somerset|John Graham Spacey|Robert R. Stephenson|Kerry Teakle|Joseph R. Tozer|William Wagner|Leonard Walker|Fred Walton|Cecil Weston|Eric Wilton|Barry Winton|Bruce Wyndham","keywords":"insurance|battle of trafalgar|merchant marine|london england|lloyds of london","year":1936,"director":"Director: Henry King","genre":"Drama|History|Romance|War","rating":6.9,"title":"Lloyds de Londres"}