{"summary":"The Tramp struggles to live in modern industrial society with the help of a young homeless woman.","cast":"Charles Chaplin|Paulette Goddard|Henry Bergman|Tiny Sandford|Chester Conklin|Hank Mann|Stanley Blystone|Al Ernest Garcia|Richard Alexander|Cecil Reynolds|Mira McKinney|Murdock MacQuarrie|Wilfred Lucas|Edward LeSaint|Fred Malatesta|Sammy Stein|Juana Sutton|Ted Oliver|Norman Ainsley|Bobby Barber|Heinie Conklin|Gloria DeHaven|Gloria Delson|Pat Flaherty|Gloria Franks|Frank Hagney|Chuck Hamilton|Pat Harmon|Lloyd Ingraham|Walter James|Edward Kimball|Jack Low|Buddy Messinger|Bruce Mitchell|Frank Moran|James C. Morton|Louis Natheaux|J.C. Nugent|Russ Powell|John Rand|Wyn Ritchie Evans|Harry Wilson","keywords":"jail|actor director writer|music score composed by director|factory|satire","year":1936,"director":"Director: Charles Chaplin (as Charlie Chaplin)","genre":"Comedy|Drama|Family|Romance","rating":8.5,"title":"Tiempos modernos"}