{"summary":"Two pairs of long-lost twin brothers experience high jinks involving a valuable ring, cases of mistaken identity, and gangsters.","cast":"Stan Laurel|Oliver Hardy|Alan Hale|Sidney Toler|Daphne Pollard|Betty Brown|James Finlayson|Iris Adrian|Lona Andre|Ralf Harolde|Noel Madison|Arthur Housman|Ernie Alexander|Marvelle Andre|Harry Arras|Johnny Arthur|Gertrude Astor|Chester A. Bachman|Jay Belasco|Harry Bernard|Joe Bordeaux|Ed Brandenburg|Jerry Breslin|Bunny Bronson|Sammy Brooks|Mrs. Jack W. Burns|Irma Campanaro|Tony Campanaro|Rheba Campbell|Polly Chase|Alice Cooke|Baldwin Cooke|Ray Cooke|Jack Cooper|Nick Copeland|Dulce Day|Bobby Dunn|Rita Dunn|Jay Eaton|Jack Egan|Jack Egger|Billy Engle|Estelle Etterre|Alex Finlayson|Bob Finlayson|Dick French|Dick Gilbert|June Gittelson|Virginia Grey|Charlie Hall|Foxy Hall|Frances Hall|Marvin Hatley|Dell Henderson|Jack Hill|Fred Holmes|George W. Jimenez|Mildred June|John Kelly|James Kilgannon|Rose Langdon|Sam Lufkin|Bill Madsen|Kay McCoy|Charles McMurphy|Buddy Messinger|Gertrude Messinger|Art Miles|James C. Morton|Harry Neilman|Madeline Nolan|Bob O'Connor|Barney O'Toole|Eddie Parker|Lee Phelps|James Pierce|Alexander Pollard|Constantine Romanoff|Art Rowlands|Margo Sage|Mary Sage|Tiny Sandford|David Sharpe|Crete Sipple|Leo Sulky|Walter Taylor|Rosemary Theby|Edna Waldron|Ruth Warren|Robert Wilber|Harry Wilson","keywords":"mistaken identity|doppelganger|husband wife relationship|sailors|twin brothers","year":1936,"director":"Director: Harry Lachman","genre":"Comedy","rating":7.4,"title":"Dos pares de mellizos"}