{"summary":"An incognito opera singer falls for a policeman who has been assigned to track down her fugitive brother.","cast":"Jeanette MacDonald|Nelson Eddy|Reginald Owen|Allan Jones|James Stewart|Alan Mowbray|Gilda Gray|George Regas|Robert Greig|Una O'Connor|Lucien Littlefield|David Niven|Herman Bing|Rinaldo Alacorn|Ernie Alexander|Max Barwyn|Agostino Borgato|Leonard Carey|Aileen Carlyle|Sonny Chorre|David Clyde|Bill Cody Jr.|Iron Eyes Cody|Jimmy Conlin|Olga Dane|Edgar Dearing|Bob Ferrey|John George|Fred Graham|Dorothy Gray|Sam Harris|Russell Hicks|Halliwell Hobbes|Delos Jewkes|Bert Lindley|Mary Loos|Jim Mason|Frank McLure|Louis Mercier|Robert Barr Miller|James Murray|Milton Owen|Jack Pennick|Lee Phelps|Paul Porcasi|Bob Reeves|David Robel|Adrian Rosley|Matty Roubert|Rolfe Sedan|William Stack|Pat West|Florence Wix","keywords":"remake|character name as title|forenames as title|two word title|based on stage musical","year":1936,"director":"Director: W.S. Van Dyke","genre":"Musical|Romance|Adventure|Drama|Western","rating":6.8,"title":"Rose Marie"}