{"summary":"A double-crossing woman, the two-timing P.I. she hired, the corpulent \"empress of crime\", and a gentleman thief are all after a legendary priceless eighth-century ram's horn.","cast":"Bette Davis|Warren William|Alison Skipworth|Arthur Treacher|Marie Wilson|Wini Shaw|Porter Hall|Olin Howland|Charles C. Wilson|John Alexander|J.H. Allen|Sam Appel|May Beatty|Barbara Blane|Billy Bletcher|Raymond Brown|James P. Burtis|Frank Darien|William B. Davidson|Don Downen|John Elliott|Sol Gorss|Kid Herman|Maynard Holmes|Joe King|Alice La Mont|Alphonse Martell|Edward McWade|Bert Moorhouse|Edmund Mortimer|John J. Richardson|Cliff Saum|Francis Sayles|Eddie Shubert|Ray Turner|Huey White|Leo White|Douglas Williams|Jack Wise","keywords":"sardonic|down on his luck|dame|double cross|crime comedy","year":1936,"director":"Director: William Dieterle","genre":"Comedy|Crime|Mystery","rating":6.0,"title":"Satan Met a Lady"}