{"summary":"The biography of the pioneering French microbiologist who helped revolutionize agriculture and medicine.","cast":"Paul Muni|Josephine Hutchinson|Anita Louise|Donald Woods|Fritz Leiber|Henry O'Neill|Porter Hall|Raymond Brown|Akim Tamiroff|Halliwell Hobbes|Frank Reicher|Dickie Moore|Ruth Robinson|Walter Kingsford|Iphigenie Castiglioni|Herbert Corthell|Richard Alexander|Manson Behfeld|George Beranger|J. Bonini|William Burgess|Wheaton Chambers|Mabel Colcord|Frank Darien|Eddie Dew|Bill Elliott|Alphonse Ethier|Florence Fair|Ralph Fitzsimmons|Brenda Fowler|Blanche Franke|Otto Fries|Baron Hesse|Herbert Heywood|Otto Hoffman|Isabel La Mal|Wilfred Lucas|Eric Mayne|Frank Mayo|Leonard Mudie|Jean Perry|Frederick Peters|John Picorri|Tempe Pigott|Jack Santoro|Ferdinand Schumann-Heink|C. Montague Shaw|Leonid Snegoff|Robert Strange|Anders Van Haden|Edward Van Sloan|Fred Walton|Frank Ward|Paul Weigel|Niles Welch|Marie Wells|Lottie Williams","keywords":"character name as title|louis pasteur character|louis napoleon|hydrophobia|reference to otto von bismarck","year":1936,"director":"Director: William Dieterle","genre":"Biography|Drama|History","rating":7.3,"title":"La tragedia de Louis Pasteur"}