{"summary":"Two frivolous pigs blow the \"wolf\" horn one too many times and Practical Pig ignores them. The Big Bad Wolf and Three Little Wolves capture the pigs and eventually Practical Pig manages to rescue them in nick of time with \"Wolf Pacifier.\"","cast":"Billy Bletcher|Pinto Colvig|Dorothy Compton|Mary Moder","keywords":"poked in the eye|half dressed cartoon animal|1930s|big bad wolf character|the three little pigs characters","year":1936,"director":"Directors: Burt Gillett (uncredited), David Hand (uncredited)","genre":"Animation|Comedy|Family|Short","rating":7.1,"title":"Los tres lobitos"}