{"summary":"Middle Asia. Ten demobilized Red Army soldiers ride through the desert towards the railway. There are three more people with them: the border guard commander Zhuravlev and his wife Marya ... See full summary »","cast":"Ivan Novoseltsev|Yelena Kuzmina|Aleksandr Chistyakov|Andrey Fayt|Ivan Kuznetsov|Alexei Dolinin|Pyotr Masokha|Pavel Yudin|Dmitriy Zolts|Viktor Kulakov|Stepan Krylov|Aleksandr Kepinov|Aga-Rza Kuliyev|Viktor Arkasov|Aleksandr Chekayevskiy|Serafim Kozminskiy|Nikolay Kryuchkov","keywords":"border guard|bandit|soldier|firearm|pistol","year":1937,"director":"Director: Mikhail Romm","genre":"Adventure|War","rating":6.9,"title":"Los trece"}