{"summary":"After hearing the story of Moses, the sons of a devout Christian mother go their own ways, while the atheist brother's breaking of the Ten Commandments leads to tragedy.","cast":"Theodore Roberts|Charles de Rochefort|Estelle Taylor|Julia Faye|Pat Moore|James Neill|Lawson Butt|Clarence Burton|Noble Johnson|Edythe Chapman|Richard Dix|Rod La Rocque|Leatrice Joy|Nita Naldi|Robert Edeson|Charles Ogle|Agnes Ayres|Leon Beaumon|Genevieve Belasco|Wilson Benge|Virginia Bradford|Arthur Edmund Carewe|Camille Carlson|Gino Corrado|Dorothy Dale|Cecilia de Mille|Attilio Degasparis|Louise Emmons|Charles Farrell|Viscount Glerawly|Rex Ingram|Roscoe Karns|Jack Montgomery|Kathleen O'Shee|Guy Oliver|Jack Padjan|Eugene Pallette|John J. Richardson|Mabel Richardson|Robert St. Angelo|Abe Steinberg|Betty Steinberg|Rose Steinberg","keywords":"blockbuster|syphilis|smother mother|mother in law daughter in law relationship|bible reader","year":1923,"director":"Director: Cecil B. DeMille (as Cecil B. De Mille)","genre":"Biography|Drama|Fantasy|History","rating":6.8,"title":"Los diez mandamientos"}