{"summary":"The countrymen in the hills of Missouri take the hounds on night fox hunts. This goes on until Jacob Terry comes into the county and decides to raise sheep and install a woven wire fence. ... See full summary »","cast":"Lionel Barrymore|Maureen O'Sullivan|Eric Linden|Dudley Digges|Spring Byington|Charley Grapewin|Henry Wadsworth|William Newell|James Macklin|Jonathan Hale|Frederick Burton|Samuel Adams|Sidney Bracey|Burr Caruth|Clay Drew|Lillian Drew|George Guhl|Ben Hall|Lew Kelly|James A. Marcus|Louis Mason|Eva McKenzie|Lee Phelps|Peter Potter|Frank Sheridan","keywords":"dog|sheep|missouri|false accusation|murder","year":1936,"director":"Director: Richard Thorpe","genre":"Drama","rating":6.8,"title":"La voz irresistible"}