{"summary":"A married couple file an amicable divorce, but find it harder to let go of each other than they initially thought.","cast":"Irene Dunne|Cary Grant|Ralph Bellamy|Alexander D'Arcy|Cecil Cunningham|Molly Lamont|Esther Dale|Joyce Compton|Robert Allen|Robert Warwick|Mary Forbes|Claud Allister|Asta|Al Bridge|Wyn Cahoon|Ruth Cherrington|Dora Clement|Kathryn Curry|Edgar Dearing|Jack Deery|Jay Eaton|Sarah Edwards|Tom Ferrandini|Bess Flowers|Ben Hall|Mitchell Harris|Dell Henderson|Arthur Stuart Hull|Scott Kolk|Carl M. Leviness|Frank McLure|Bert Moorhouse|Miki Morita|Edmund Mortimer|Zita Moulton|George C. Pearce|Edward Peil Sr.|Frances Raymond|Bruce Sidney|Skippy|Paul Stanton|John Tyrrell|Lee Willard|Frank C. Wilson","keywords":"divorce|piano|infidelity|based on play|national film registry","year":1937,"director":"Director: Leo McCarey","genre":"Comedy|Romance","rating":7.7,"title":"La pícara puritana"}