{"summary":"In this musical comedy, Paul Robeson stars as Joe, a Marseilles docker hired by a wealthy English couple to find their missing son. When Joe finds him, he learns he escaped of his own will,... See full summary »","cast":"Paul Robeson|Elisabeth Welch|Roy Emerton|James Hayter|Lawrence Brown|Eldon Gorst|Marcelle Rogez|Eric Cowley|Joyce Kennedy|Dino Galvani|Anthony Holles|Eslanda Robeson|Margaret Rutherford","keywords":"marseille|kidnapping|runaway|blackmail|based on novel","year":1937,"director":"Director: J. Elder Wills","genre":"Drama|Musical","rating":5.7,"title":"Big Fella"}