{"summary":"Steve Raleigh wants to produce a show on Broadway. He finds a backer, Herman Whipple and a leading lady, Sally Lee, however his wife Caroline Whipple forces Steve to use a known star, not a... See full summary »","cast":"Robert Taylor|Eleanor Powell|George Murphy|Binnie Barnes|Buddy Ebsen|Sophie Tucker|Judy Garland|Charles Igor Gorin|Raymond Walburn|Robert Benchley|Willie Howard|Charley Grapewin|Robert Wildhack|Billy Gilbert|Barnett Parker|Helen Troy|King Baggot|Monica Bannister|Bonnie Bannon|Eddie Borden|Harry C. Bradley|Dudley Clements|Charles Coleman|Gino Corrado|The Crinoline Choir|Rosita Cronin|Helen Day|Harrison Greene|Harry Holman|Shep Houghton|Delos Jewkes|Edna Mae Jones|Carole Landis|Patsy Lee|Wilbur Mack|Frank McGlynn Sr.|Matt McHugh|Eloise Rawitzer|Mildred Rehn|Marjorie Reynolds|Dewey Robinson|Carlos Ruffino|Clarice Sherry|Maidel Turner|Robert Wayne|Pat West|Leo White|June Wilkins|Charles C. Wilson|William Worthington","keywords":"train|horse|new york city|manhattan new york city|male female relationship","year":1937,"director":"Director: Roy Del Ruth","genre":"Musical|Romance","rating":6.7,"title":"La melodía de Broadway 1938"}