{"summary":"When a strategically important new aerial guidance system is stolen, Charlie traces it to the Berlin Olympics, where he has to battle spies and enemy agents to retrieve it.","cast":"Warner Oland|Katherine DeMille|Pauline Moore|Allan Lane|Keye Luke|C. Henry Gordon|John Eldredge|Layne Tom Jr.|Jonathan Hale|Morgan Wallace|Frederick Vogeding|Andrew Tombes|Howard Hickman|William Begg|Brooks Benedict|Stanley Blystone|Walter Bonn|Don Brodie|Glen Cavender|George Chandler|Foy Draper|Arno Frey|Hans Fuerberg|Curt Furberg|Theresa Harris|Oscar 'Dutch' Hendrian|David S. Horsley|Selmer Jackson|Hans Joby|Edward Keane|Al Kikume|Tommy Klein|Tony Merlo|Ralph Metcalfe|Philip Morris|Louis Natheaux|Virgil B. Nover|Jesse Owens|Paul Panzer|Caroline Rankin|Fritz Schilgen|Perry E. Seeley|Lee Shumway|Minerva Urecal|Dale Van Sickel|Emmett Vogan|Wilhelm von Brincken|Billy Wayne|Frank Wykoff","keywords":"chess|charlie chan character|five word title|hindenburg|1930s","year":1937,"director":"Director: H. Bruce Humberstone","genre":"Comedy|Crime|Mystery|Thriller","rating":7.2,"title":"Charlie Chan en los juegos olímpicos"}