{"summary":"The O'Leary brothers -- honest Jack and roguish Dion -- become powerful figures, and eventually rivals, in Chicago on the eve of its Great Fire.","cast":"Tyrone Power|Alice Faye|Don Ameche|Alice Brady|Andy Devine|Brian Donlevy|Phyllis Brooks|Tom Brown|Sidney Blackmer|Berton Churchill|June Storey|Paul Hurst|Tyler Brooke|J. Anthony Hughes|Gene Reynolds|Bobs Watson|Billy Watson|Madame Sul-Te-Wan|Spencer Charters|Rondo Hatton|Thelma Manning|Ruth Gillette|Eddie Collins|Scotty Mattraw|Joe Twerp|Charles Lane|Clarence Wilson|Frank Dae|Harry Stubbs|Joe King|Francis Ford|Bob Murphy|Wade Boteler|Gustav von Seyffertitz|Russell Hicks|Carol Adams|Jessie Arnold|Kathryn Barnes|Sue Barstead|Jeanette Bates|Colleen Bawn|Doris Becker|Patsy Bedell|Brooks Benedict|Barbara Booth|Ed Brady|Horace G. Brown|Julie Cabanne|George Chandler|Jack Cheatham|Davison Clark|Tom Coleman|James Conaty|Jeanne Criswell|Dale Dee|Natalie Finley|Bess Flowers|Norah Gale|Kirby Grant|Harrison Greene|Harriette Haddon|Sherry Hall|Harry Hayden|Harry Hollingsworth|Sheldon Jett|Edna Mae Jones|Jean Joyce|Adelaide Kaye|Edward Keane|Crystal Keate|Fred Kelsey|Jacqueline Kopp|Mary Louise Kopp|Billie Lee|Patricia Lee|Patsy Lee|Vera Lewis|Mary Lorraine|Corine McAlister|J.P. McGowan|Pat McKee|Lydia McKim|Florence McPherson|Jackie Cagney Miller|Bert Moorhouse|William H. O'Brien|George Offerman Jr.|Pat Parrish|Gil Perkins|Patsy Perrin|Eleanore Prentiss|Jane Ray|Rice and Cady|Dorothy Rodgers|John Roy|Muriel Scheck|Audrey Scott|Louise Seidel|Hugh Sheridan|Lorraine Standish|Larry Steers|Hope Taylor|Harry Tenbrook|June Terry|Valerie Traxler|John Wallace|Marion Weldon|Dorothy White|Charles Williams","keywords":"blockbuster|fire|lawyer|cow|brother","year":1938,"director":"Director: Henry King","genre":"Action|Drama|Musical|Romance","rating":6.8,"title":"Chicago"}