{"summary":"Fight promoter Nick Donati grooms a bellhop as a future champ, but has second thoughts when the 'kid' falls for his sister.","cast":"Edward G. Robinson|Bette Davis|Humphrey Bogart|Wayne Morris|Jane Bryan|Harry Carey|William Haade|Soledad Jiménez|Joe Cunningham|Ben Welden|Joseph Crehan|Veda Ann Borg|Frank Faylen|Harland Tucker|Bob Evans|Hank Hankinson|Bob Nestell|Jack Kranz|Jack Adair|William Arnold|Sam Bagley|Al Bain|Don Barclay|Curtis Benton|George Blake|Phil Bloom|Willie Bloom|William A. Boardway|Don Brodie|Harry Burkhardt|Mushy Callahan|James Carlisle|Glen Cavender|Eddy Chandler|Lane Chandler|André Cheron|Billy Coe|Irene Coleman|Joyce Compton|Bing Conley|Virginia Dabney|Carrie Daumery|Don DeFore|Don Downen|Ralph Dunn|Eddie Fetherston|Sam Finn|Bess Flowers|Eddie Foster|Bud Geary|Joseph Glick|Eddie Graham|Herschel Graham|Kit Guard|Robert Haines|Willard Hall|Kenneth Harlan|John Harron|Harry Harvey|Jack Hatfield|Ben Hendricks Jr.|Al Hill|Max Hoffman Jr.|Stuart Holmes|George Humbert|I. Stanford Jolley|Kenner G. Kemp|Donald Kerr|Milton Kibbee|Mike Lally|Richard LaMarr|Ethelreda Leopold|Carl M. Leviness|Frank Mayo|Tom McGuire|Horace McMahon|Carlyle Moore Jr.|Edmund Mortimer|Jack Mower|Louis Natheaux|Paul Panzer|Jack Perry|Charles Randolph|John Rice|John J. Richardson|John Roche|Buddy Roosevelt|Paul Russell|Robert Ryan|Ferdinand Schumann-Heink|Harry Semels|John Sheehan|John Shelton|Charles Sullivan|Elliott Sullivan|Everett Sullivan|Mary Sunde|Dale Van Sickel|Emmett Vogan|Philip Waldron|Larry Wheat|Stanhope Wheatcroft|Huey White|Jeff York","keywords":"heavyweight championship fight|romantic rivalry|bare chested male|hairy chest|character name as title","year":1937,"director":"Director: Michael Curtiz","genre":"Crime|Drama|Romance|Sport","rating":7.2,"title":"Kid Galahad"}