{"summary":"Donald continually heckles Mickey's magic act, but Mickey bests him at every turn. Donald shoots off a magic pistol that causes all the stage props to fall down on them at the finish of the act.","cast":"Pinto Colvig|Walt Disney|Clarence Nash","keywords":"animal character name in title|goofy the dog character|mickey mouse character|donald duck character|stage magician","year":1937,"director":"Director: David Hand (uncredited)","genre":"Family|Animation|Comedy|Short","rating":7.3,"title":"Mickey el mago"}