{"summary":"Young lovers fall afoul of repressive society as Salem elders get caught up in the witch hunts and trials of 17th century Massachusetts. One family in particular uses the hysteria to its ... See full summary »","cast":"Claudette Colbert|Fred MacMurray|Harvey Stephens|Gale Sondergaard|Louise Dresser|Benny Bartlett|Edward Ellis|Beulah Bondi|Bonita Granville|Virginia Weidler|Donald Meek|E.E. Clive|Halliwell Hobbes|Pedro de Cordoba|Madame Sul-Te-Wan|Lucy Beaumont|Henry Kolker|William Farnum|Ivan F. Simpson|Brandon Hurst|Sterling Holloway|Zeffie Tilbury|Babs Nelson|Mary Treen|J. Farrell MacDonald|Stanley Fields|Lionel Belmore|Wally Albright|Ricca Allen|Agnes Ayres|Vangie Beilby|Wilson Benge|Chief John Big Tree|Sidney Bracey|Tom Brower|Fritzi Brunette|Tommy Bupp|Rosita Butler|Madge Collins|Harry Cording|Sidney D'Albrook|Jack Deery|Harold Entwistle|Herbert Evans|Amelia Falleur|Fryda Gagne|Edith Hallor|Frank Hammond|Carol Holloway|Harold Howard|Colin Kenny|Grace Kern|Clarence Kolb|Ward Lane|Vera Lewis|George Magrill|James A. Marcus|Charles McAvoy|Clive Morgan|Harold Nelson|Billy O'Brien|Anne O'Neal|Rita Owen|John Power|Stella Razeto|Audrey Reynolds|Jack Richardson|Tom Ricketts|Allen D. Sewall|Kathryn Sheldon|Russell Simpson|Walter Soderling|John Graham Spacey|Hayden Stevenson|Al Stewart|Colin Tapley|Joseph R. Tozer|William Wagner|Helen Westcott","keywords":"salem|trial|witchcraft|1600s","year":1937,"director":"Director: Frank Lloyd","genre":"Drama","rating":6.5,"title":"La muchacha de Salem"}