{"summary":"An eccentric woman learns she is not dying of radium poisoning as earlier assumed, but when she meets a reporter looking for a story, she feigns sickness again for her own profit.","cast":"Carole Lombard|Fredric March|Charles Winninger|Walter Connolly|Sig Ruman|Frank Fay|Troy Brown Sr.|Maxie Rosenbloom|Margaret Hamilton|Olin Howland|Raymond Scott and His Quintet|Monica Bannister|Bobby Barber|Billy Barty|Tommy E. Baughner|Everett Brown|Helen Brown|Allan Cavan|Nora Cecil|Shirley Chambers|George Chandler|Rudolph Chavers|Denny Clairmont|Louise Clark|Billy Diamond|John Dilson|Ann Doran|Betty Douglas|Claire Du Brey|Bill Dunn|Gloria Eaton|Peggy Emerson|Jinx Falkenburg|Dorothy Mae Fargo|Diane Fisher|Emily Fitzroy|Bess Flowers|Sally Harper|A.R. Haysel|Louis Herbers|Tenen Holtz|Hedda Hopper|Philip Hurlic|Malcolm Hutton|Tiny Jones|Eddie Kane|Robert Kellard|Sharon Keller|Leonard Kibrick|Sidney Kibrick|Leonid Kinskey|Charles Lane|Art Lasky|Vera Lewis|Dolores Lilly|Monica Lyman|Mary MacLaren|Edwin Maxwell|Hattie McDaniel|Vivian McLean|Mickey McMasters|Alex Melesh|Elaine Merk|Betty Miles|Ben Morgan|Miki Morita|Jeanette Noeson|Alex Novinsky|Lee Otis Jr.|June Parkes|Bob Perry|Lee Phelps|Aileen Pringle|John Qualen|Dick Rich|Charles Richman|Tom Ricketts|Cyril Ring|Donna Mae Roberts|Dorothy Rodgers|Bobby Samrich|Alexander Schoenberg|Audrey Scott|Kathryn Sheldon|Charles Sherlock|Hans Steinke|A.W. Sweatt|Bobby Tracy|Elinor Troy|Vivian Valdez|Hilda Vaughn|Walter Walker|Ernest Whitman|Johnny Williams|Clarence Wilson|Florence Wix|Monty Woolley","keywords":"newspaper reporter|small town girl|newspaper editor|vermont|screwball comedy","year":1937,"director":"Director: William A. Wellman","genre":"Comedy|Drama|Fantasy|Romance","rating":6.9,"title":"La reina de Nueva York"}