{"summary":"While riding to Mineral Springs Autry is robbed by thieves and then tossed off the train.","cast":"Gene Autry|Smiley Burnette|Frances Grant|Earle Hodgins|Donald Kirke|Boothe Howard|The Light Crust Doughboys|Champion|Clara Kimball Young|Edward Peil Sr.|Frankie Marvin|Carl Stockdale|Roscoe Gerald|Roger Gray|Fred Burns|Walter James|Lew Meehan|Fred 'Snowflake' Toones|Silver Tip Baker|Roy Bucko|Zeke Campbell|Horace B. Carpenter|Spencer Chan|Jack Clifford|Tommy Coats|Edward Coxen|Rube Dalroy|Bert Dodson|Curley Dresden|Earl Dwire|Oscar Gahan|Clifford Gross|Jack Hendricks|Wally Howe|Alfred P. James|Arabella Jones|Jack Kirk|Tracy Layne|Duke R. Lee|Murdock MacQuarrie|William McCall|Merrill McCormick|Bruce Mitchell|Marvin 'Smokey' Montgomery|George Morrell|Tip O'Neil|Edward Peil Jr.|Pascale Perry|Kenneth Pitts|Bud Pope|George Reed|Bob Reeves|Dick Reinhart|Tom Smith|Wes Warner|Jay Wilsey|Joy Winthrop","keywords":"tension|explosion|dancing|death of father","year":1936,"director":"Director: Joseph Kane","genre":"Western","rating":5.8,"title":"Oh, Susanna!"}