{"summary":"Three narrators (French writer Jean Martin, an English royal equerry, and a papal chamberlain) tell the story of seven matched pearls, four of them now in the British Crown. Episodes whirl ... See full summary »","cast":"Jacqueline Delubac|Sacha Guitry|Lyn Harding|Renée Saint-Cyr|Enrico Glori|Ermete Zacconi|Barbara Shaw|Marguerite Moreno|Arletty|Marcel Dalio|Claude Dauphin|Robert Seller|Ponzio|Andrews Engelmann|Yvette Pienne|Raimu|Lisette Lanvin|Pierre Juvenet|Henri Crémieux|Aimé Simon-Girard|Germaine Aussey|Simone Renant|Damia|Di Mazzei|Jean-Louis Barrault|Robert Pizani|Émile Drain|Huguette Duflos|Raymonde Allain|Violet Farebrother|Rosine Deréan|Marie Leconte|Pierre Magnier|Cécile Sorel|Lilie Granval|Jean Coquelin|Gaston Dubosc|Pauline Carton|Anaclara|Colette Borelli|Julien Clément|Marfa d'Hervilly|Denis de Marney|Aline Debray|Dynalik|Georges Fels|Eugénie Fougère|Gary Garland|Anthony Gildès|Georges Grey|Geneviève Guitry|Lautner|Oléo|Jacqueline Pacaud|Annie Rozanne|Léon Walther|Laurence Atkins|Jacques Berlioz|Humberto Catalano|James Craven|Derrick De Marney|Fred Duprez|Romuald Joubé|Darling Légitimus|Percy Marmont|Paulette Élambert","keywords":"anthology film|omnibus film|portmanteau film|collection of short films|pearl","year":1937,"director":"Director: Sacha Guitry","genre":"Comedy|History","rating":7.0,"title":"Las perlas de la corona"}