{"summary":"Raymond Dabney returns to his family after trouble with the law. He convinces the sheriff to give him a job watching the house and furniture of widow Crystal Wetherby without knowing she is... See full summary »","cast":"Jean Harlow|Robert Taylor|Reginald Owen|Una O'Connor|Henrietta Crosman|E.E. Clive|Cora Witherspoon|Marla Shelton|Forrester Harvey|Lionel Braham|Barnett Parker|Melville Cooper|Jimmy Aubrey|Billy Bevan|Thomas Braidon|Robert Cory|Herbert Evans|Douglas Gordon|Bobbie Hale|Leyland Hodgson|Arthur Stuart Hull|John Powers|Charles Requa|Tom Ricketts|Frederick Sewell|William Stack","keywords":"screwball comedy|widow|family relationships|financial crisis|marriage for money","year":1937,"director":"Director: W.S. Van Dyke (as W.S. Van Dyke II)","genre":"Comedy|Romance","rating":6.6,"title":"Jugando a la misma carta"}