{"summary":"A Cinderella story of a young country girl who comes to Hollywood and achieves movie stardom with the help of a publicity man.","cast":"Patsy Kelly|Jack Haley|Rosina Lawrence|Mischa Auer|Lyda Roberti|Stan Laurel|Oliver Hardy|Charles Halton|Tom Dugan|Russell Hicks|Cully Richards|Spencer Charters|Samuel Adams|Robert Gleckler|Joyce Compton|Johnny Arthur|James Finlayson|Walter Long|Wesley Barry|John Hyams|Leila McIntyre|Benny Burt|Arline Abers|John Alban|Leon Alton|George Atkinson|Chester A. Bachman|Brooks Benedict|Mary Blackwood|The Bo Brummels|Chet Brandenburg|Don Brodie|Tex Brodus|Howard Brooks|James Burke|Barney Carr|Eddie Clayton|Ray Cooke|Wilma Cox|Oliver Cross|Blair Davies|Mary Dees|Jack Egan|Charles Fogel|Otto Fries|Sumner Getchell|Mary Gordon|Charlie Hall|Eddie Hart|Jack Hill|Michael Jeffers|Si Jenks|Patricia Ka|Eddie Kane|Felix Knight|Mike Lally|Sam Lufkin|Wilbur Mack|Murdock MacQuarrie|Ralph Malone|Charles McMurphy|Frank Mills|Alice Moore|James C. Morton|Jack Norton|William J. O'Brien|Bob O'Connor|Frank O'Connor|Paul Parry|Jack Perry|Margie Roanberg|Syd Saylor|Charles Sullivan|Carl 'Alfalfa' Switzer|Jim Thorpe|Lois Verner|Russell Wade|May Wallace|Barbara Weeks|Lois Wilde|Al Williams|Harry Wilson|Robert Winkler","keywords":"1930s|los angeles california|california|hollywood|womanizer","year":1937,"director":"Director: Edward Sedgwick","genre":"Comedy|Musical","rating":5.6,"title":"Pick a Star"}