{"summary":"Captain Lovett ordered his first mate Thompson to get rid of his slave-trading crew and get a more respectable bunch for standard shipping, but when he brings his new bride Nancy aboard he ... See full summary »","cast":"Warner Baxter|Wallace Beery|Elizabeth Allan|Mickey Rooney|George Sanders|Jane Darwell|Joseph Schildkraut|Miles Mander|Arthur Hohl|Douglas Scott|Minna Gombell|Billy Bevan|Francis Ford|J. Farrell MacDonald|J.P. McGowan|DeWitt Jennings|Paul Hurst|Jane Jones|Dorothy Christy|Charles Middleton|Dewey Robinson|Holmes Herbert|Edwin Maxwell|Herbert Heywood|Winter Hall|Marilyn Knowlden|Arthur Aylesworth|Bull Anderson|Matthew 'Stymie' Beard|Scotty Beckett|John Bleifer|Sven Hugo Borg|Anita Brown|George Bruggeman|James P. Burtis|John Burton|Jack Byron|Lon Chaney Jr.|Russ Clark|Richard Clarke|Larry Dods|George Du Count|Bobby Dunn|Eddie Dunn|Art Dupuis|Otto Fries|Chester Gan|Roy Glenn|Charles Griffin|Mel Kalish|Fred Kelsey|Tom Kennedy|Edward LeSaint|Jack Low|Frank Meredith|James C. Morton|Remington Olmsted|Lionel Pape|Len Powers|Robert St. Angelo|Landers Stevens|Jack Stoney|Dale Van Sickel|John Wallace","keywords":"musket|eye patch|18th century|slavery|seaman","year":1937,"director":"Director: Tay Garnett","genre":"Adventure|Drama","rating":6.3,"title":"Redención"}