{"summary":"A documentary showing the struggle of the Spanish Republican government against a rebellion by ultra-right-wing forces led by Gen. Francisco Franco and backed by Nazi Germany and Fascist Italy.","cast":"Manuel Azaña|José Díaz|Dolores Ibárruri|Enrique Lister|Commander Martinez de Aragón|Gustav Regler|Orson Welles|Ernest Hemingway|Jean Renoir","keywords":"spanish civil war|francisco franco|irrigation|germany|italy","year":1937,"director":"Director: Joris Ivens","genre":"Documentary|War","rating":6.6,"title":"Tierra de España"}