{"summary":"After the Russian revolution, a married Russian couple of nobility must take up jobs in Paris in order to survive.","cast":"Claudette Colbert|Charles Boyer|Basil Rathbone|Anita Louise|Melville Cooper|Isabel Jeans|Morris Carnovsky|Victor Kilian|Maurice Murphy|Gregory Gaye|Montagu Love|Renie Riano|Fritz Feld|Heather Thatcher|May Boley|Doris Lloyd|Curt Bois|Ferdinand Munier|Grace Hayle|Allan Conrad|Vladimir Sokoloff|Tommy Bupp|Glen Cavender|George Davis|Alphonse Martell|Torben Meyer|Christian Rub|Clifford Soubier|Jerry Tucker|Delmar Watson|Leo White","keywords":"theft|screwball comedy|butler|russian|orchestral music score","year":1937,"director":"Director: Anatole Litvak","genre":"Comedy","rating":7.0,"title":"Tovarich"}