{"summary":"The public defender's secretary and an ex-convict get married and try to make a life together, but a series of disasters sends their lives spiraling out of control.","cast":"Sylvia Sidney|Henry Fonda|Barton MacLane|Jean Dixon|William Gargan|Jerome Cowan|Charles 'Chic' Sale|Margaret Hamilton|Warren Hymer|Guinn 'Big Boy' Williams|John Wray|Walter De Palma|Earl Askam|Hooper Atchley|Allen Black|Stanley Blystone|Ward Bond|Wade Boteler|Al Bridge|Don Brodie|Raymond Brown|George Burton|Jack Carson|Jack Cheatham|Russ Clark|David Clyde|Shirley Coates|Harry Cording|Hal Craig|Edgar Dearing|Mary Anne Durkin|Dick Elliott|Franklyn Farnum|James Flavin|Malcolm Graham|Frank Hagney|Jonathan Hale|Al K. Hall|Ben Hall|Chuck Hamilton|Oscar 'Dutch' Hendrian|Jack Herrick|Herbert Heywood|Al Hill|Earl 'Hap' Hogan|Betty Ruth Huff|Stanley King|Ethan Laidlaw|Robert Lee|Stanley Mack|Wally Maher|Frank Mills|Roberta Mountjoy|Ted Oliver|William Pawley|Lee Phelps|James Pierce|Lon Poff|Stanley Price|Mickey Rentschler|William Ruhl|Allen D. Sewall|Claire Sinclair|Robert St. Angelo|Jean Stoddard|Amzie Strickland|Henry Taylor|Monte Vandergrift|Max Wagner|Kathrin Clare Ward|E. Alyn Warren|Lillian West|Charles C. Wilson|Harry Wilson","keywords":"melodrama|secretary|prison|truck driver|sister","year":1937,"director":"Director: Fritz Lang","genre":"Crime|Drama|Film-Noir","rating":7.3,"title":"Sólo se vive una vez"}