{"summary":"In 1846 the actress Gloria Vane is performing at the Adelphi Theatre, London. She is in love with the destitute nobleman Albert Finsbury, who is shortly departing to Australia to become an ... See full summary »","cast":"Zarah Leander|Willy Birgel|Edwin Jürgensen|Carola Höhn|Viktor Staal|Erich Ziegel|Hilde von Stolz|Jakob Tiedtke|Robert Dorsay|Ernst Legal|Siegfried Schürenberg|Lina Lossen|Lissy Arna|Herbert Hübner|Mady Rahl|Lina Carstens|Paul Bildt|Boris Alekin|Ekkehard Arendt|Valy Arnheim|Carl Auen|Ellen Bang|Ernst Benzinger|Horst Birr|Else Boy|Hanns-Maria Böhmer|Hansjoachim Büttner|Jac Diehl|Max Diekmann|Fritz Draeger|Hildegard Friebel|Eva Genschow|Andrea Germann|Hella Graf|Karl Hannemann|Eric Harden|Max Hiller|Fritz Hoopts|William Huch|Mohamed Husen|Oskar Höcker|Curd Jürgens|Georg Kalkum|Hans Kettler|Kurt Klotz-Oberland|Gerda Kuffner|Nien Soen Ling|Hanna Mohs|Hellmuth Passarge|Edgar Pauly|Hermann Pfeiffer|Werner Pledath|Klaus Pohl|Gustav Püttjer|Walter Raat-Kraatz|Arthur Reppert|William Richter|Liane Sandra|Olga Schaub|Lili Schoenborn-Anspach|S.O. Schoening|Walter Schramm-Duncker|Paul Schwed|Hasso Sherief-Osmann|Friedrich Franz Stampe|Franz Stein|Theo Stolzenberg|Horst Teetzmann|Ilse Trautschold|Thea Truhlsen|Gertrud Vigo|Eugen von Bongardt|Ilse von Collani|Iwa Wanja|Auguste Wanner-Kirsch|Hanns Waschatko|Walter Werner|Ali Wonka|Fritz Wulfert","keywords":"prison|forgery|debt|australia|nobleman","year":1937,"director":"Director: Douglas Sirk (as Detlef Sierck)","genre":"Drama","rating":6.8,"title":"La golondrina cautiva"}