{"summary":"The Bellows family causes comic confusion on an ocean liner, with time out for radio-style musical acts.","cast":"W.C. Fields|Martha Raye|Dorothy Lamour|Shirley Ross|Lynne Overman|Bob Hope|Ben Blue|Leif Erickson|Patricia Wilder|Grace Bradley|Rufe Davis|Lionel Pape|Virginia Vale|Russell Hicks|Kirsten Flagstad|Wilfrid Pelletier|Tito Guízar|Shep Fields and His Rippling Rhythm Orchestra|Shep Fields|Carol Adams|John Alban|Louise Allen|Robert Allen|Rudolph Anders|Gertrude Astor|Irving Bacon|Muriel Barr|Monte Blue|Don Brodie|Michael Brooke|James P. Burtis|Marie Burton|Mae Busch|James Carlisle|Ethel Clayton|Jimmy Conlin|Eleanor Counts|James Craig|Nell Craig|Edward Cutler|Billy Daniel|Sheila Darcy|John Dawson|Dorothy Dayton|Paula DeCardo|Richard Denning|Jack Dougherty|Frank Du Frane|Yvonne Duval|Estelle Etterre|Marion Feducha|Geraldine Fissette|Jerry Fletcher|Nora Gale|Bud Geary|Gus Glassmire|Joe Gray|Lorna Gray|Harriette Haddon|Sherry Hall|Lou Halmy|Ray Hanford|Evelyn Harding|Darlyn Heckley|Carol Holloway|Shep Houghton|John Hubbard|John Huettner|John Jennings|Lola Jensen|Harvey Karels|Adelaide Kaye|Eleanor Keaton|Gwen Kenyon|Stanley King|Leonid Kinskey|Dee La Nore|Harry Lauter|Mary MacLaren|Wally Maher|Joyce Mathews|Eileen McAvoy|Lal Chand Mehra|Beth Meredith|Ted Meredith|Charles Millsfield|Mavis Mims|Robert Mitchell|Helaine Moler|Rex Moore|Clive Morgan|Patricia Murray|Paul Newlan|Edgar Norton|Wedgwood Nowell|William H. O'Brien|Peggy O'Neil|Ted O'Shea|Carol Parker|Eleanor Peterson|Esther Pressman|Bernard Punsly|Theodore Rand|Jolane Reynolds|Suzanne Ridgway|William Roberts|Alma Ross|Bobbie Sheehan|Katharine Snell|Amzie Strickland|Kenneth Swartz|Charles Teske|August Tollaire|Archie Twitchell|Colleen Ward|Marion Weldon|Dorothy White|Gloria Williams|Harry Wilson|Vivian Wilson|Florence Wix|Ercelle Woods|Bruce Wyndham","keywords":"pinching cheek|song|billiards|ocean liner|race","year":1938,"director":"Directors: Mitchell Leisen, James P. Hogan (uncredited)","genre":"Animation|Comedy|Musical|Romance","rating":6.3,"title":"The Big Broadcast of 1938"}