{"summary":"An embittered woman, leader of a criminal gang, has a change of heart.","cast":"Ingrid Bergman|Tore Svennberg|Anders Henrikson|Georg Rydeberg|Gunnar Sjöberg|Hilda Borgström|Karin Kavli|Erik 'Bullen' Berglund|Sigurd Wallén|Gösta Cederlund|Magnus Kesster|Göran Bernhard|Bror Bügler|Anna-Lisa Baude|Margareta Bergman|Astrid Bodin|Carl Browallius|Erland Colliander|John Ericsson|Frithiof Hedvall|Folke Helleberg|Linnéa Hillberg|Helge Karlsson|Helfrid Lambert|Knut Lambert|Vera Lindby|Signe Lundberg-Settergren|Yngve Nyqvist|Eric von Gegerfelt","keywords":"governess|disfigurement|plastic surgery|eastern europe|face","year":1938,"director":"Director: Gustaf Molander","genre":"Drama","rating":6.9,"title":"Un rostro de mujer"}