{"summary":"Former bootlegger Remy Marco has a slight problem with forclosing bankers, a prospective son-in-law, and four hard-to-explain corpses.","cast":"Edward G. Robinson|Jane Bryan|Allen Jenkins|Ruth Donnelly|Willard Parker|John Litel|Edward Brophy|Harold Huber|Eric Stanley|Paul Harvey|Bobby Jordan|Joe Downing|Margaret Hamilton|George E. Stone|Bert Hanlon|Jean Benedict|Harry Seymour|Betty Compson|Joe Caits|George Lloyd|John Harmon|Duke York|Pat Daly|Harry Tenbrook|Raymond Butler|Sam Ash|Brooks Benedict|Wade Boteler|Frank Bruno|Tommy Bupp|Donald Chaffin|Loia Cheaney|Richard Clucas|Harry Cody|Ralph Dunn|Charles Flickinger|Jimmie Fox|Harrison Greene|Ben Hendricks Jr.|Al Herman|John Hiestand|Al Hill|Elwyn Hoffman|Stuart Holmes|Jerry Jerome|Leonard Kibrick|Carole Landis|Frank Mayo|Tom McGuire|Pat McKee|Sue Moore|Jack Mower|Harry Myers|Louis Natheaux|Anne O'Neal|Jane Ray|Bert Roach|Ronald R. Rondell|Jackie Salling|Jeffrey Sayre|Harry Semels|Myrtle Stedman|Doc Stone|Elliott Sullivan|George Taylor|Billy Wayne|Dick Wessel|Huey White|Harry Wilson|Robert Winkler|Jack Wise","keywords":"screwball comedy|beer|state trooper|orphan|gangster","year":1938,"director":"Director: Lloyd Bacon","genre":"Comedy|Crime","rating":7.1,"title":"A Slight Case of Murder"}