{"summary":"A naval officer is demoted for negligence and put in command of a run-down submarine chaser and with a motley crew.","cast":"Richard Greene|Nancy Kelly|Preston Foster|George Bancroft|Slim Summerville|John Carradine|Joan Valerie|Henry Armetta|Dick Hogan|Warren Hymer|Elisha Cook Jr.|Douglas Fowley|J. Farrell MacDonald|George E. Stone|Jack Pennick|Maxie Rosenbloom|Charles Trowbridge|Moroni Olsen|Ward Bond|Robert Lowery|Harry Strang|Victor Varconi|Ernie Alexander|Murray Alper|Lon Chaney Jr.|Dorothy Christy|Russ Clark|E.E. Clive|Ray Cooke|Alan Davis|Duke Green|Fred Malatesta|Frank Moran|Manuel París|Ferdinand Schumann-Heink|Charles Tannen|Dick Wessel","keywords":"u.s. navy|merchant marine|remake|yachtsman|rich playboy","year":1938,"director":"Director: John Ford","genre":"Action|Adventure|Drama|Romance|War","rating":5.9,"title":"Submarine Patrol"}