{"summary":"When an eccentric family meets in their uncle's remote, decaying mansion on the tenth anniversary of his death for the reading of his will, murder and madness follow.","cast":"Bob Hope|Paulette Goddard|John Beal|Douglass Montgomery|Gale Sondergaard|Elizabeth Patterson|Nydia Westman|George Zucco|John Wray|George Regas|William Abbey|Milton Kibbee|Charles Lane|Frank Melton|Nick Thompson|Chief Thundercloud","keywords":"louisiana bayou|tenth anniversary|eavesdropping|hiding in a closet|black cat","year":1939,"director":"Director: Elliott Nugent","genre":"Comedy|Horror|Mystery|Thriller","rating":7.2,"title":"El gato y el canario"}