{"summary":"In 15th-century France, a gypsy girl is framed for murder by the infatuated Chief Justice, and only the deformed bellringer of Notre Dame Cathedral can save her.","cast":"Charles Laughton|Cedric Hardwicke|Thomas Mitchell|Maureen O'Hara|Edmond O'Brien|Alan Marshal|Walter Hampden|Harry Davenport|Katharine Alexander|George Zucco|Fritz Leiber|Etienne Girardot|Helene Reynolds|Minna Gombell|Arthur Hohl|Curt Bois|George Tobias|Rod La Rocque|Spencer Charters|Kathryn Adams|Diane Hunter|Sig Arno|Eddie Abdo|Louis Adlon|George Barrows|Vangie Beilby|Lionel Belmore|Ted Billings|Barlowe Borland|Eddie Bracken|Gene Clark|Richard Clayton|Earl Clyde|Edmund Cobb|Alan Copeland|Harry Cording|Laura Hope Crews|Harold DeGarro|Eddie Dew|Dick Dickinson|Charles Drake|Arthur Dulac|Ralph Dunn|Gretl Dupont|James Fawcett|Budd Fine|Harry Fleischmann|J.C. Fowler|Thom Fox|Vallejo Gantner|John George|Peter Godfrey|Alexander Granach|Edward Groag|Laurie Hale|Charlie Hall|Charles Halton|Rondo Hatton|Al Herman|Louis Jean Heydt|Otto Hoffman|Billy Jones|Kenner G. Kemp|Cy Kendall|Victor Kilian|Louis King|Ann Kunde|John Laing|Mike Lally|Jack Lawrence|Elmo Lincoln|Ray Long|Theodore Lorch|Joseph P. Mack|Frank Mazzola|Margaret McWade|Consuelo Melendez|Frederic Mellinger|Victor Metzetti|Robert Milasch|Arthur Millett|Frank Mills|Angela Mulinos|Ferdinand Munier|Paul Newlan|Lillian Nicholson|Nestor Paiva|Gail Patrick|Eleanor Pellapreau|Jack Perrin|Tempe Pigott|Antonio Pina|Russ Powell|Elsie Prescott|Dewey Robinson|Hector V. Sarno|Charles Schaeffer|Norbert Schiller|Margaret Seddon|Ward Shattuck|Alan Spear|Walter O. Stahl|Rudolf Steinboeck|Anne G. Sterling|Fanny Sterling|Ruth Sterling|Sam Sterling|George Suzanne|Louis Valaris|Harry J. Vejar|Harry Weil|Mary Lou Wentz|Gisela Werbisek|Cecil Weston|Louis Williams|Louis Zamperini","keywords":"disability|fool's day|beggar|15th century|cathedral","year":1939,"director":"Director: William Dieterle","genre":"Drama|Romance","rating":7.8,"title":"Esmeralda, la zíngara"}