{"summary":"A group of disparate travelers are caught and thrown together in a posh Alpine hotel when the borders are closed at the beginning of World War II.","cast":"Norma Shearer|Clark Gable|Edward Arnold|Charles Coburn|Joseph Schildkraut|Burgess Meredith|Laura Hope Crews|Richard 'Skeets' Gallagher|Peter Willes|Pat Paterson|William Edmunds|Fritz Feld|Virginia Grey|Virginia Dale|Paula Stone|Bernadene Hayes|Joan Marsh|Lorraine Krueger|Barbara Bedford|Gertrude Bennett|Margaret Bert|Clem Bevans|Hobart Cavanaugh|Jimmy Conlin|Anna Demetrio|Helen Dickson|Frank Faylen|Bud Geary|Jack Grey|Eddie Gribbon|William Irving|Charles Judels|Suzanne Kaaren|Evalyn Knapp|Edward LeSaint|Mitchell Lewis|Francis McDonald|Claire McDowell|Buddy Messinger|Robert Middlemass|Adolph Milar|Rudolf Myzet|Frank Orth|Garry Owen|Paul Panzer|Emory Parnell|Lee Phelps|Edward Raquello|George Sorel|Harry Strang|Bernard Suss|Frank M. Thomas|E. Alyn Warren|Bonita Weber|Joe Yule","keywords":"gin|champagne|whiskey|brandy|vermouth","year":1939,"director":"Director: Clarence Brown","genre":"Comedy|Drama|Musical|Romance","rating":6.5,"title":"La delicia de los idiotas"}