{"summary":"A chorus girl stranded in Paris is set up by a millionaire to break up his wife's affair with another man, while being romantically pursued by a cab driver.","cast":"Claudette Colbert|Don Ameche|John Barrymore|Francis Lederer|Mary Astor|Elaine Barrie|Hedda Hopper|Rex O'Malley|Monty Woolley|Armand Kaliz|Eugene Borden|Paul Bryar|Jack Chefe|André Cheron|Eddie Conrad|Gino Corrado|Gennaro Curci|Billy Daniel|Leander De Cordova|Joe De Stefani|Carlos De Valdez|Elspeth Dudgeon|William Eddritt|Bess Flowers|Arno Frey|Robert Graves|Lucille Harding|Sam Harris|William Hopper|Judith King|Max Lucke|Mary MacLaren|Tony Martelli|Joyce Mathews|Louis Mercier|Harold Miller|Bert Moorhouse|Edmund Mortimer|Ferdinand Munier|Nestor Paiva|Lionel Pape|Manuel París|Donald Reed|Joseph Romantini|Ronald R. Rondell|Harry Semels|Helen St. Rayner|Larry Steers|Bert Stevens|Leonard Sues|Michael Visaroff|Florence Wix","keywords":"national film registry|taxi|taxi driver|party|screwball comedy","year":1939,"director":"Director: Mitchell Leisen","genre":"Comedy|Romance","rating":7.9,"title":"Medianoche"}