{"summary":"The story of how Alexander Graham Bell invented the telephone.","cast":"Don Ameche|Loretta Young|Henry Fonda|Charles Coburn|Gene Lockhart|Spring Byington|Sally Blane|Polly Ann Young|Georgiana Young|Bobs Watson|Russell Hicks|Paul Stanton|Jonathan Hale|Harry Davenport|Beryl Mercer|Elizabeth Patterson|Charles Trowbridge|Jan Duggan|Claire Du Brey|Harry Tyler|Ralph Remley|Zeffie Tilbury|Esther Brodelet|Tyler Brooke|Nora Cecil|Davison Clark|Dick Elliott|John Elliott|Edmund Elton|Fern Emmett|Mary Field|George Guhl|Otto Hoffman|Warren Jackson|Frank Jaquet|Sheldon Jett|Edward Keane|Jack Kelly|Crauford Kent|Edward LeSaint|Jarold Clifford Lyons|Dave Morris|Ottola Nesmith|Ruth Robinson|John Graham Spacey|Landers Stevens|Charles Tannen|William Wagner|Eddy Waller|Jack Walsh|Lillian West","keywords":"alexander graham bell character|character name as title|six word title|telephone|boston massachusetts","year":1939,"director":"Director: Irving Cummings","genre":"Biography|Drama|History","rating":6.9,"title":"El gran milagro"}