{"summary":"Dr. Sovac transplants the brain of a gangster into his professor friend's body to save his life, but there is a side effect that causes a dangerous split personality.","cast":"Boris Karloff|Bela Lugosi|Stanley Ridges|Anne Nagel|Anne Gwynne|Virginia Brissac|Edmund MacDonald|Paul Fix|Murray Alper|Jack Mulhall|Joe King|John Kelly|Robert Morgan|Jessie Arnold|Raymond Bailey|Elfriede Borodin|Tommy Conlon|Franco Corsaro|James Craig|Kernan Cripps|Eddie Dunn|Edward Earle|Harry Hayden|Frank Jaquet|Philip Kieffer|Ellen Lowe|Jerry Marlowe|David Oliver|Wallace Reid Jr.|William Ruhl|Frank Sheridan|Edwin Stanley|Milburn Stone|Harry Tenbrook|Emmett Vogan|Russell Wade|Dave Willock|Victor Zimmerman","keywords":"notebook|day in title|color in title|looking at oneself in a mirror|psychotronic film","year":1940,"director":"Director: Arthur Lubin","genre":"Crime|Drama|Horror|Mystery|Sci-Fi|Thriller","rating":6.3,"title":"Viernes 13"}