{"summary":"In 1844, after the assassination of Mormon leader Joseph Smith by an angry mob in Illinois, the Mormons choose Brigham Young as their new leader and follow him to a new promised land in Utah.","cast":"Tyrone Power|Linda Darnell|Dean Jagger|Brian Donlevy|Jane Darwell|John Carradine|Mary Astor|Vincent Price|Jean Rogers|Ann E. Todd|Willard Robertson|Moroni Olsen|Marc Lawrence|Stanley Andrews|Frank M. Thomas|Fuzzy Knight|Dickie Jones|Selmer Jackson|Frederick Burton|Arthur Aylesworth|Chief John Big Tree|Davison Clark|Claire Du Brey|Tully Marshall|Dick Rich|Edwin Maxwell|Ralph Dunn|Edmund MacDonald|George Melford|Russell Simpson|Esther Brodelet|Paul E. Burns|Cliff Clark|Edmund Elton|Jody Gilbert|William Haade|Herbert Heywood|Cammilla Johnson|Cullen Johnson|Payne B. Johnson|David Kirkland|Bob Kortman|Paul Kruger|Ann Kunde|Frank LaRue|Charles Frederick Lindsley|Tom London|Murdock MacQuarrie|Louis Mason|Charles Middleton|Lucille Miller|Frank Mills|Philip Morris|Imboden Parrish|Ruth Robinson|John Roy|Frank Shannon|Lee Shumway|Harry Tyler|Eddy Waller|Cecil Weston|Blackie Whiteford|Hank Worden","keywords":"brigham young character|character name as title|two word title|psychotronic film|rocky mountains","year":1940,"director":"Director: Henry Hathaway","genre":"Adventure|Biography|History|Romance|Western","rating":6.4,"title":"El hombre de la frontera"}