{"summary":"Charlie tries to discover the identity of a strangler who strikes multiple times on a cruise ship bound from Honolulu to California.","cast":"Sidney Toler|Marjorie Weaver|Lionel Atwill|Victor Sen Yung|Don Beddoe|Leo G. Carroll|Robert Lowery|Harlan Briggs|Cora Witherspoon|Kay Linaker|Charles Middleton|Claire Du Brey|Leonard Mudie|James Burke|Richard Keene|Layne Tom Jr.|C. Montague Shaw|George Atkinson|Wade Boteler|Cliff Clark|John Dilson|Sherry Hall|Carey Harrison|J. Anthony Hughes|Paul McVey|Walter Miller|Leslie Sketchley|Harry Strang|Emmett Vogan","keywords":"charlie chan character|four word title|1940s|murder on ship|cruise ship murder","year":1940,"director":"Director: Eugene Forde","genre":"Comedy|Crime|Mystery|Thriller","rating":7.3,"title":"Charlie Chan's Murder Cruise"}