{"summary":"A mad scientist develops an aftershave lotion that causes his gigantic bats to kill anyone who wears it.","cast":"Bela Lugosi|Suzanne Kaaren|Dave O'Brien|Guy Usher|Yolande Donlan|Donald Kerr|Edmund Mortimer|Gene O'Donnell|Alan Baldwin|John Ellis|Arthur Q. Bryan|Hal Price|John Davidson|Billy Griffith|Wally Rairden","keywords":"psychotronic film|giant bat|aftershave lotion|mad scientist|revenge","year":1940,"director":"Director: Jean Yarbrough (as Jean Yarborough)","genre":"Horror|Sci-Fi","rating":5.6,"title":"El murciélago diabólico"}