{"summary":"In the midst of the Russian Revolution of 1905, the crew of the battleship Potemkin mutiny against the brutal, tyrannical regime of the vessel's officers. The resulting street demonstration in Odessa brings on a police massacre.","cast":"Aleksandr Antonov|Vladimir Barskiy|Grigoriy Aleksandrov|Ivan Bobrov|Mikhail Gomorov|Aleksandr Levshin|N. Poltavtseva|Konstantin Feldman|Prokhorenko|A. Glauberman|Beatrice Vitoldi|Daniil Antonovich|Iona Biy-Brodskiy|Julia Eisenstein|Sergei M. Eisenstein|Andrey Fayt|Korobey|Marusov|Protopopov|Repnikova|Vladimir Uralskiy|Zerenin|Aleksanteri Ahola-Valo","keywords":"year 1905|russian revolution|russian navy|social discontent|unrest","year":1925,"director":"Director: Sergei M. Eisenstein (as S.M. Eisenstein)","genre":"Drama|History|Thriller|War","rating":8.0,"title":"El acorazado Potemkin"}