{"summary":"An American girl on vacation in Argentina falls for a wealthy racehorse owner.","cast":"Don Ameche|Betty Grable|Carmen Miranda|Charlotte Greenwood|J. Carrol Naish|Henry Stephenson|Kay Aldridge|Leonid Kinskey|Chris-Pin Martin|Robert Conway|Gregory Gaye|Bobby Stone|Charles Judels|Fayard Nicholas|Harold Nicholas|Thomas Dowling|Catherine Dowling|Pepe Guízar|Flores Bros.|Six Hits and a Miss|Bando da Lua|Edward Fielding|Eddie Conrad|Fortunio Bonanova|Armand Kaliz|Frank Puglia|Lowden Adams|Rafael Alcayde|Marvin Bailey|Nino Bellini|Eugene Borden|Pauline Byrne|Gino Corrado|Franco Corsaro|Andre Cuyas|Vince Degen|Jean Del Val|Helen Dickson|Joe Dominguez|Juan Duval|Oswaldo de Moraes Eboli|Thornton Edwards|Paul Ellis|Eddie Hall|Sam Harris|Howard Hudson|George Humbert|Hélio Jordão|Carl M. Leviness|Fred Malatesta|Francisco Marán|Mack McLean|Bert Moorhouse|Alberto Morin|Barry Norton|Aloysio de Oliveira|Afonso Osório|Armando Osório|Stênio Osório|Paul Portanova|Jerry Preshaw|Suzanne Ridgway|Julian Rivero|Ronald R. Rondell|Aníbal Augusto Sardinha|Bill Seckler|Larry Steers|David Thursby|Elena Verdugo|Lucio Villegas|Dorothy White|Frank Yaconelli","keywords":"national film registry|remake|camp|campy|american","year":1940,"director":"Director: Irving Cummings","genre":"Comedy|Drama|Musical|Romance|Sport","rating":6.5,"title":"Serenata argentina"}