{"summary":"Young Dr. Kildare tries to help an unlucky brain surgeon and his seemingly insane patient.","cast":"Lew Ayres|Lionel Barrymore|Laraine Day|Shepperd Strudwick|Samuel S. Hinds|Emma Dunn|Nat Pendleton|Walter Kingsford|Alma Kruger|John Eldredge|Nell Craig|Marie Blake|Charles Waldron|George Lessey|Tom Collins|George Reed|Paul Porcasi|Horace McMahon|Frank Orth|Margaret Seddon|Fay Helm|William Bailey|Stephen Chase|Donald Douglas","keywords":"surgeon|nurse|shock therapy|medical|hospital","year":1940,"director":"Director: Harold S. Bucquet","genre":"Crime|Drama","rating":6.1,"title":"Dr. Kildare's Strange Case"}