{"summary":"After crooked nightclub owner Chips Maguire murders a police informant, he blackmails his piano player to allow him to stay at his eccentric mother's boarding house.","cast":"Ann Sheridan|Jeffrey Lynn|Humphrey Bogart|Zasu Pitts|Una O'Connor|Jessie Busley|John Litel|Grant Mitchell|Felix Bressart|Charles Judels|Brandon Tynan|Howard Hickman|Herb Vigran|Tommy Reilly|The Elderbloom Chorus|Bender and Daum|White and Stanley|The Lady Killer's Quartet|Aldrich Bowker|Eddy Chandler|Frank Fanning|James Flavin|Bess Flowers|Edward Gargan|Chuck Hamilton|Max Hoffman Jr.|Jack Mower|Lee Phelps|Dale Van Sickel|Claude Wisberg","keywords":"shot in the back|nightclub owner|irish accent|gin rummy|playing gin rummy","year":1940,"director":"Director: Lewis Seiler","genre":"Comedy|Crime|Drama|Musical|Romance","rating":6.7,"title":"It All Came True"}