{"summary":"Don Cesar, son of Zorro, is framed for murder while visiting Spain, and becomes the whip-wielding outlaw Don Q.","cast":"Mary Astor|Jack McDonald|Donald Crisp|Stella De Lanti|Warner Oland|Jean Hersholt|Albert MacQuarrie|Lottie Pickford|Charles Stevens|Tote Du Crow|Martha Franklin|Juliette Belanger|Roy Coulson|Enrique Acosta|Douglas Fairbanks|George Blankman|Charles Byer|Robert McKim","keywords":"superhero|framed for murder|duel|whip|sword whip fight","year":1925,"director":"Director: Donald Crisp","genre":"Adventure|Romance","rating":6.9,"title":"Don Q, hijo del Zorro"}