{"summary":"After a scandal runs a gold-digger out of town, she meets a con artist and becomes embroiled in a string of petty deceits.","cast":"Mae West|W.C. Fields|Joseph Calleia|Dick Foran|Ruth Donnelly|Margaret Hamilton|Donald Meek|Fuzzy Knight|Willard Robertson|George Moran|Jackie Searl|Fay Adler|Gene Austin|Russell Hall|Otto Heimel|Mark Anthony|John Barton|Hank Bell|William 'Billy' Benedict|Georgie Billings|Wade Boteler|Al Bridge|Harlan Briggs|Bob Burns|Nora Bush|Eddie Butler|Lane Chandler|Lita Chevret|Bing Conley|Jimmy Conlin|Victor Cox|William B. Davidson|Clyde Dembeck|Jan Duggan|Frank Ellis|Al Ferguson|J.C. Fowler|Chester Gan|Slim Gaut|Kit Guard|Herman Hack|Robert Haines|Ben Hall|Buddy Harris|Charles Hart|Al Haskell|Edward Hearn|Otto Hoffman|George Huggins|Lloyd Ingraham|Danny Jackson|Si Jenks|John Kelly|Paul Kruger|Philo McCullough|Walter McGrail|Robert McKenzie|Charles McMurphy|George Melford|James C. Morton|Anne Nagel|Bill Nestell|Vester Pegg|Tex Phelps|Bob Reeves|Addison Richards|Betty Roche|Jack Roper|Dick Rush|Carl Sepulveda|Buster Slaven|Dorothy Vernon|Sailor Vincent|Morgan Wallace|Delmar Watson|Blackie Whiteford|Joe Whitehead|Bill Wolfe","keywords":"con man|train|sheriff|bandit|marriage of convenience","year":1940,"director":"Director: Edward F. Cline","genre":"Comedy|Western","rating":6.9,"title":"Mi pequeño gorrión"}