{"summary":"When one of two truck-driving brothers loses an arm, they both join a transport company where later, the other is falsely charged as an accessory in the murder of the owner.","cast":"George Raft|Ann Sheridan|Ida Lupino|Humphrey Bogart|Gale Page|Alan Hale|Roscoe Karns|John Litel|George Tobias|Eddie Acuff|William Bendix|Marie Blake|Chet Brandenburg|Eddy Chandler|Richard Clayton|Joyce Compton|Alan Davis|Joe Devlin|Demetris Emanuel|Frank Faylen|Eddie Fetherston|Pat Flaherty|Bess Flowers|Brenda Fowler|Ned Glass|Sol Gorss|Jesse Graves|Mack Gray|William Haade|Charles Halton|John Hamilton|Phyllis Hamilton|Carl Harbaugh|George Haywood|Oscar 'Dutch' Hendrian|Howard Hickman|Al Hill|J. Anthony Hughes|Paul Hurst|Claire James|Michael Jeffers|Dorothea Kent|Mike Lally|Vera Lewis|George Lloyd|Wilfred Lucas|Frank Mayo|Matt McHugh|Edmund Mortimer|Jack Mower|Henry O'Neill|Pedro Regas|John Ridgely|Ralph Sanford|Cliff Saum|Harry Semels|Charles Sherlock|Charles Sullivan|Don Turner|Dorothy Vaughan|Max Wagner|Billy Wayne|Dick Wessel|Frank Wilcox|Norman Willis|Charles C. Wilson|Tom Wilson|Jack Wise|Lillian Yarbo","keywords":"falling asleep while driving|truck driver|brother brother relationship|jealousy|hitchhiking","year":1940,"director":"Director: Raoul Walsh","genre":"Crime|Drama|Film-Noir|Thriller","rating":7.3,"title":"La pasión ciega"}