{"summary":"Songwriters Calhoun and Harrigan get Katie and Lily Blane to introduce a new one. Lily goes to England, and Katy joins her after the boys give a new song to Nora Bayes. All are reunited ... See full summary »","cast":"Alice Faye|Betty Grable|Jack Oakie|John Payne|Allen Jenkins|Esther Ralston|The Nicholas Brothers|Ben Carter|John Loder|Elisha Cook Jr.|Fred Keating|Billy Gilbert|Lillian Porter|Princess Vanessa Ammon|The Brian Sisters|Roberts Brothers|Tyler Brooke|Hal K. Dawson|William B. Davidson|Lionel Pape|Billy Bevan|Dewey Robinson|Robert Emmett Keane|John Sheehan|George Watts|Ted Billings|Betty Brian|Doris Brian|Gwen Brian|Bobby Callahan|Maurice Costello|Franklyn Farnum|James Flavin|Bess Flowers|Kit Guard|Eddie Hall|John Indrisano|Larry McGrath|Pat McKee|Bud Mercer|Jim Mercer|Louis Mercier|Charles R. Moore|Fayard Nicholas|Harold Nicholas|Jack Roper|Mary Stewart|Harry Strang|Dorothy Tuttle|Charles C. Wilson","keywords":"reconciliation|military enlistment|declaration of war|hairy chest|reference to fanny brice","year":1940,"director":"Director: Walter Lang","genre":"Drama|Musical|Romance","rating":6.4,"title":"Tin Pan Alley"}