{"summary":"Five years after meeting and falling in love with a banker, a willful shop girl decides to become his mistress upon learning he has since gotten married and had a son.","cast":"Charles Boyer|Margaret Sullavan|Richard Carlson|Frank McHugh|Tim Holt|Frank Jenks|Esther Dale|Samuel S. Hinds|Peggy Stewart|Nell O'Day|Kitty O'Neil|Nella Walker|Cecil Cunningham|Marjorie Gateson|Dale Winter|Eddie Acuff|Dorothy Adams|William Alston|Charles Arnt|Herbert Ashley|Michael Audley|Frank Austin|Irving Bacon|Paul Barrett|John Butler|André Cheron|Dora Clement|James Conaty|Ray Cooke|Marcelle Corday|Joseph Crehan|Kernan Cripps|Mary Currier|Mario Dominici|Dick Elliott|Mary Forbes|Constant Franke|Dorothy Granger|Howard Hickman|Robert Homans|Shep Houghton|Selmer Jackson|Frank Jaquet|Milton Kibbee|Charles Lane|Wilfred Lucas|Ken Lundy|Walter McGrail|James McNamara|Billy Mitchell|Edmund Mortimer|Jack Mulhall|Norma Jean Nilsson|Frank O'Connor|Spec O'Donnell|Tom O'Grady|Pat O'Malley|David Oliver|Tony Paton|Thomas Pogue|Russ Powell|Georges Renavent|Suzanne Ridgway|Whitey Rodgers|Henry Roquemore|Virginia Sale|Ludwig Stössel|Ferris Taylor|Charles Trowbridge|Emmett Vogan|Billy Wayne|Dan White|Ernest Whitman|Duke York|Victor Zimmerman","keywords":"marriage|mistress|gossip|kidnapping|train","year":1941,"director":"Director: Robert Stevenson","genre":"Drama","rating":6.8,"title":"Su vida íntima"}