{"summary":"Gay Lawrence, aka The Falcon, is about to depart the city to marry his fiancée, Helen Reed, when a mystery girl, Rita Mara, asks for his aid in disposing of a secret formula for making ... See full summary »","cast":"George Sanders|Wendy Barrie|James Gleason|Allen Jenkins|Mona Maris|Fred Aldrich|Eddie Arden|Sam Bagley|Bobby Barber|Roxanne Barkley|Anthony Blair|Eddie Borden|Jack Carr|Jack Chefe|Russ Clark|Leo Cleary|Hans Conried|Alec Craig|Aline Dixon|Eddie Dunn|Art Dupuis|Charles Fogel|William Forrest|Edward Gargan|Eddie Hart|Youda Hayes|Joe Hinds|Selmer Jackson|Victor Kilian|Harry Lee|Frank Martinelli|Malcolm 'Bud' McTaggart|Frank Moran|Amarilla Morris|Paul Newlan|Frank O'Connor|Earle Ross|Dick Rush|Elizabeth Russell|Mickey Simpson|Douglas Spencer|Al Sullivan|Arthur Tovey","keywords":"fainting woman|the falcon character|gay lawrence character|five word title|police","year":1942,"director":"Director: Irving Reis","genre":"Crime|Drama|Mystery|Romance","rating":6.6,"title":"Los diamantes del halcón"}