{"summary":"A nineteenth-century New Hampshire farmer who makes a pact with Satan for economic success enlists Daniel Webster to extract him from his contract.","cast":"Edward Arnold|Walter Huston|Jane Darwell|Simone Simon|Gene Lockhart|John Qualen|H.B. Warner|Frank Conlan|Lindy Wade|George Cleveland|Anne Shirley|James Craig|Frank Austin|Walter Baldwin|Eddie Borden|Hazel Boyne|Sonny Bupp|Bob Burns|Horace B. Carpenter|Tex Cooper|Jeff Corey|Alec Craig|Russell Custer|Joan Delmer|Eddie Dew|Patricia Doyle|Robert Dudley|Charles Herzinger|Harry Hood|George Huggins|Harry Humphrey|Payne B. Johnson|Al Kunde|Anita Lee|Thomas Mitchell|Robert Pittard|June Preston|Stewart Richards|Robert Robinson|Sherman Sanders|Allen D. Sewall|Carl Stockdale|Robert Strange|Jim Toney|Virginia Williams","keywords":"horse drawn sleigh|soul|devil|new hampshire|deal with the devil","year":1941,"director":"Director: William Dieterle","genre":"Comedy|Drama|Fantasy","rating":7.6,"title":"El hombre que vendió su alma"}