{"summary":"A disfigured watch-maker with a grudge against society embarks on a life of crime.","cast":"Peter Lorre|Evelyn Keyes|Don Beddoe|George E. Stone|John Tyrrell|Cy Schindell|Stanley Brown|James Seay|Warren Ashe|Charles C. Wilson|George McKay|Ernie Adams|Sam Ash|Al Bridge|Mary Currier|John Dilson|Sarah Edwards|Eddie Foster|Joel Friedkin|Jack Gardner|Chuck Hamilton|Al Hill|Walter Merrill|David Oliver|Ralph Peters|Lee Phelps|Frank Reicher|Claire Rochelle|Lee Shumway|Walter Soderling|Edwin Stanley|Harry Strang|Ben Taggart","keywords":"blindness|burn victim|disfigurement|arizona|psychotronic film","year":1941,"director":"Director: Robert Florey","genre":"Crime|Drama|Film-Noir|Horror|Romance","rating":7.2,"title":"The Face Behind the Mask"}