{"summary":"The legendary Forty-seven ronin plot to avenge the death of their lord, Asano Naganori, by killing Kira Yoshinaka, a shogunate official responsible for Asano being forced to commit seppuku.","cast":"Chôjûrô Kawarasaki|Kan'emon Nakamura|Kunitarô Kawarazaki|Yoshizaburo Arashi|Chôemon Bandô|Sukezô Sukedakaya|Kikunojo Segawa|Shotaro Ichikawa|Enji Ichikawa|Kikunosuke Ichikawa|Shinzô Yamazaki|Senshô Ichikawa|Shoji Ichikawa|Iwagoro Ichikawa|Shinzaburo Ichikawa|Harunosuke Bandô|Kimisaburô Nakamura|Minoru Bando|Ginjirô Bandô|Tokusaburo Arashi|Tokujirô Tsutsui|Seiichi Katô|Ryôtarô Kawanami|Jôji Kaieda|Hiroshi Ôuchi|Rokurô Ôkawa|Ryu Okochi|Mitsusaburô Ramon|Isamu Kosugi|Kazutoyo Mimasu|Masao Shimizu|Tetsu Tsuboi|Yoshindo Yamaji|Aizo Tamashima|Mitsuaki Minami|Haruo Inoue|Tomiemon Otomo|Kiyoshi Kagawa|Yuzuru Kume|Chiyotaro Sawamura|Shingorô Nakamura|Toshio Arashi|Shôichirô Ichikawa|Utaemon Ichikawa|Mitsuko Miura|Sugako Takimi|Kazuko Okada|Fumiko Yamaji|Michiyo Kyômachi|Yasuko Mitsui|Shizue Yamagishi|Daisuke Katô|Seizaburô Kawazu|Tsuruzô Nakamura|Mieko Takamine|Yôko Umemura","keywords":"ronin|samurai|dishonor|corruption|revenge","year":1941,"director":"Director: Kenji Mizoguchi","genre":"Action|Drama|History","rating":7.4,"title":"La venganza de los cuarenta y siete samuráis"}