{"summary":"Dr. Henry Jekyll experiments with scientific means of revealing the hidden, dark side of man and releases a murderer from within himself.","cast":"John Barrymore|Brandon Hurst|Martha Mansfield|Charles Lane|Cecil Clovelly|Nita Naldi|Louis Wolheim|Alma Aiken|J. Malcolm Dunn|Ferdinand Gottschalk|Julia Hurley|Jack McHugh|Georgie Drew Mendum|Blanche Ring|May Robson|George Stevens|Edgard Varèse","keywords":"gothic horror|silent film|cult film|self experimentation|character names in title","year":1920,"director":"Director: John S. Robertson","genre":"Drama|Horror|Sci-Fi","rating":7.0,"title":"El hombre y la bestia"}