{"summary":"Lydia MacMillan, a wealthy old woman who has never married, is invited by an old beau, Dr. Michael Fitzpatrick, for a reunion with the men who have been in her life to reminisce about the ... See full summary »","cast":"Merle Oberon|Edna May Oliver|Alan Marshal|Joseph Cotten|Hans Jaray|George Reeves|John Halliday|Sara Allgood|William Roy|Frank Conlan|Evelyn Beresford|Tyler Brooke|Harry Cording|Hal K. Dawson|Paul Everton|Jesse Graves|Gertrude Hoffman|Payne B. Johnson|Eva Lee Kuney|Oscar O'Shea|Herbert Rawlinson|Betta St. John|Edwin Stanley|Pierre Watkin|Patricia Windrow|Florence Wix","keywords":"romantic rivalry|character name as title|forename as title|one word title|reunion","year":1941,"director":"Director: Julien Duvivier","genre":"Drama|Romance","rating":6.4,"title":"Lydia"}