{"summary":"Story about three German refugees during World War II who are always hiding, always in fear of deportation.","cast":"Fredric March|Margaret Sullavan|Frances Dee|Glenn Ford|Anna Sten|Erich von Stroheim|Allan Brett|Joseph Cawthorn|Leonid Kinskey|Alexander Granach|Roman Bohnen|Sig Ruman|William Stack|Lionel Royce|Ernst Deutsch|Spencer Charters|Hans Schumm|Walter O. Stahl|Philip Van Zandt|Frederick Vogeding|Joe E. Marks|Gerta Rozan|James Bush|Emory Parnell|Kate MacKenna|Edit Angold|Edward Fielding|Wilhelm von Brincken|Gisela Werbisek|Lisa Golm|Adolph Milar|Stephanie Toler|Venita Vincent|Georgia Backus|Eugene Borden|Harry Cording|Dick Curtis|Gretl Dupont|Brenda Fowler|Olin Francis|Frederick Giermann|Bernard Gorcey|Paul Leyssac|Tony Merlo|Ted Oliver|John Picorri|John Piffle|George Rosener|Hector V. Sarno|Stephen Soldi|Hermine Sterler|Janet Waldo|Wolfgang Zilzer","keywords":"foreign language adaptation|world war two|nazi|germany|fascist","year":1941,"director":"Director: John Cromwell","genre":"Drama|War","rating":6.8,"title":"Así acaba nuestra noche"}