{"summary":"An American pilot impulsively joins His Majesty's Royal Air Force in Britain in an attempt to impress his ex-girlfriend.","cast":"Tyrone Power|Betty Grable|John Sutton|Reginald Gardiner|Donald Stuart|Ralph Byrd|Richard Fraser|Denis Green|Bruce Lester|Gilchrist Stuart|Lester Matthews|Frederick Worlock|Ethel Griffies|Fortunio Bonanova|James Craven|Morton Lowry|G.P. Huntley|Stuart Robertson|Dennis Hoey|Gladys Cooper|John Rogers|Harry Allen|Claud Allister|Ray Atchley|Bunny Beatty|Charles Bennett|Russell Burroughs|John Burton|Gerard Cavin|Howard Davies|Richard Davis|Leslie Denison|Jay Eaton|Charles Ferguson|Eddie Fisher|Mildred Gaye|Frederick Giermann|Frances Gladwin|John Good|Douglas Gordon|Harriette Haddon|Bobbie Hale|Sam Harris|John Hartley|Leyland Hodgson|Lilyan Irene|Charles Irwin|Edna Mae Jones|Victor Kendall|Crauford Kent|Guy Kingsford|Patricia Knox|Kurt Kreuger|Paul Kruger|Marten Lamont|Eric Lonsdale|Anthony Marsh|Alphonse Martell|John Meredith|Harold Miller|Lucille Miller|Gavin Muir|Roseanne Murray|William H. O'Brien|Reginald Owen|Gil Perkins|Lillian Porter|Jean Prescott|Charles Ray|Otto Reichow|Lynne Roberts|Maureen Roden-Ryan|Henry Rowland|Hans Schumm|Bert Stevens|Evan Thomas|David Thursby|Valerie Traxler|Leslie Vincent|Hans von Morhart|Gordon Wallace|John Wilde","keywords":"pilot|bomber|spitfire aircraft|royal air force|love triangle","year":1941,"director":"Director: Henry King","genre":"Action|Adventure|Drama|Romance|War","rating":6.5,"title":"Un americano en la RAF"}