{"summary":"Tim Kelly is an orphan who runs away after his orphanage burns down. Presumed to be killed in the fire, he is able to roam the streets of New York freely. He meets Max Ginsberg, an old ... See full summary »","cast":"Jackie Coogan|Lydia Yeamans Titus|Ethel Wales|Robert Edeson|William Conklin|Max Davidson|Dynamite the Horse","keywords":"partnership|orphanage|fire|orphan|manhattan new york city","year":1925,"director":"Director: Edward F. Cline","genre":"Drama|Comedy","rating":7.1,"title":"El trapero"}