{"summary":"A wealthy woman, trying to discourage a former boyfriend from pursuing her, hires a young songwriter who needs money to pay off his gambling debts to pretend to be her boyfriend. The ... See full summary »","cast":"Norma Shearer|Robert Taylor|George Sanders|Frank McHugh|Elizabeth Patterson|Chill Wills|King Baggot|John Berkes|Edward Biby|Ben Carter|Hobart Cavanaugh|Heinie Conklin|Richard Crane|Russell Custer|Helen Dickson|Frank Elliott|Rex Evans|Franklyn Farnum|George Ford|Jean Fowler|Bud Geary|Thurston Hall|Sam Harris|Winifred Harris|Raymond Hatton|Harry Hayden|Olin Howland|Bud Jamison|Fred Kelsey|Arthur Loft|Louis Mason|Edmund Mortimer|Ottola Nesmith|William H. O'Brien|Catherine Price|Dick Rich|Loretta Russell|Florence Shirley|Gertrude Short","keywords":"debt|casino|songwriter|secretary|gambling","year":1942,"director":"Director: George Cukor","genre":"Comedy|Romance","rating":6.0,"title":"Her Cardboard Lover"}