{"summary":"The Invisible Man's grandson uses his secret formula to spy on Nazi Germany.","cast":"Ilona Massey|Jon Hall|Peter Lorre|Cedric Hardwicke|J. Edward Bromberg|Albert Bassermann|John Litel|Holmes Herbert|Keye Luke|Sven Hugo Borg|Paul Bryar|John Burton|Lane Chandler|Mabel Colcord|James Craven|Donald Curtis|Leslie Denison|Eddie Dunn|Martin Faust|Charles Flynn|Lee Tung Foo|Henry Guttman|Bobbie Hale|John Holland|Patrick McVey|John Merton|Alberto Morin|Ferdinand Munier|William Pagan|Eddie Parker|Charles Regan|Otto Reichow|William Ruhl|Ferdinand Schumann-Heink|Hans Schumm|Wallace Scott|Lee Shumway|Milburn Stone|Walter Tetley|Philip Van Zandt|Michael Visaroff|Phil Warren|Pat West|Matt Willis|Duke York|Wolfgang Zilzer|Victor Zimmerman|Henry Zynda","keywords":"double agent|behind enemy lines|nazi|spy|prank","year":1942,"director":"Director: Edwin L. Marin","genre":"Action|Adventure|Romance|Sci-Fi","rating":6.1,"title":"Invisible Agent"}