{"summary":"An inventor needs cash to develop his big idea. His wife, who loves him, decides to raise it for him by divorcing him and marrying a millionaire.","cast":"Claudette Colbert|Joel McCrea|Mary Astor|Rudy Vallee|Sig Arno|Robert Warwick|Arthur Stuart Hull|Torben Meyer|Jimmy Conlin|Victor Potel|William Demarest|Jack Norton|Robert Greig|Roscoe Ates|Dewey Robinson|Chester Conklin|Sheldon Jett|Robert Dudley|Franklin Pangborn|Arthur Hoyt|Al Bridge|Fred 'Snowflake' Toones|Charles R. Moore|Frank Moran|Harry Rosenthal|Esther Howard|Ernest Anderson|George Anderson|Wilson Benge|Monte Blue|Ralph Brooks|James Carlisle|James Conaty|Marcelle Corday|Oliver Cross|Laurie Douglas|Frank Faylen|Tom Ferrandini|Bess Flowers|Byron Foulger|Joe Gilbert|Alfred Hall|Sam Harris|Harry Hayden|John Holland|Mike Lally|J. Farrell MacDonald|Edward McNamara|Charles Meakin|Esther Michelson|Howard M. Mitchell|Bert Moorhouse|Mantan Moreland|Odette Myrtil|Monty O'Grady|Paul Power|Lillian Randolph|Keith Richards|Julius Tannen|Harry Tyler|Max Wagner","keywords":"millionaire|inventor|twin|palm beach florida|screwball comedy","year":1942,"director":"Director: Preston Sturges","genre":"Comedy|Romance","rating":7.5,"title":"Un marido rico"}