{"summary":"Prologue: The murderer \"Boss\" Huller - after having spent ten years in prison - breaks his silence to tell the warden his story. \"Boss\", a former trapeze artist, and his wife own a cheap ... See full summary »","cast":"Emil Jannings|Maly Delschaft|Lya De Putti|Warwick Ward|Alice Hechy|Georg John|Kurt Gerron|Paul Rehkopf|Charles Lincoln|Georg Baselt|Trude Hesterberg|Werner Krauss|The Flying Codonas|Alex Hyde and his Original New York Jazz Orchestra|Enrico Rastelli|Etelka Maquita","keywords":"trapeze artist|son|prison|orphan|circus","year":1925,"director":"Director: Ewald André Dupont (as E.A. Dupont)","genre":"Crime|Drama|Romance","rating":7.4,"title":"Varieté"}