{"summary":"Two carefree castaways on a desert shore find an Arabian Nights city, where they compete for the luscious Princess Shalmar.","cast":"Bing Crosby|Bob Hope|Dorothy Lamour|Anthony Quinn|Dona Drake|Vladimir Sokoloff|Mikhail Rasumny|George Givot|Robert Barron|Leon Belasco|Sara Berner|Clara Blandick|Monte Blue|Dick Botiller|Rita Christiani|Harry Cording|Vivian Dandridge|Yvonne De Carlo|Theo De Voe|The Debonnaires|Jimmy Dime|Devi Dja|Edward Emerson|Brooke Evans|Karen X. Gaylord|John George|Vic Groves|Jamiel Hasson|Brandon Hurst|Joe Jewett|Pete G. Katchenaro|Cy Kendall|Louise La Planche|George Lloyd|Richard Loo|Patsy Mace|Michael Mark|Kermit Maynard|Leo Mostovoy|Sylvia Opert|Nestor Paiva|Stanley Price|Suzanne Ridgway|Kent Rogers|Cy Schindell|Harry Semels|Dan Seymour|Nick Shaid|Sammy Stein|Andrew Tombes|Blanca Vischer|Blue Washington|Poppy Wilde","keywords":"national film registry|unintentional male to male kiss|damsel in distress|song|singer","year":1942,"director":"Director: David Butler","genre":"Adventure|Comedy|Family|Music|Romance","rating":7.1,"title":"Ruta de Marruecos"}