{"summary":"An escaped prisoner and a stuffy law professor vie for the hand of a spirited schoolteacher.","cast":"Cary Grant|Jean Arthur|Ronald Colman|Edgar Buchanan|Glenda Farrell|Charles Dingle|Emma Dunn|Rex Ingram|Leonid Kinskey|Tom Tyler|Don Beddoe|Sam Ash|Dorothy Babb|Georgia Backus|Holger Bendixen|William 'Billy' Benedict|Ferike Boros|Al Bridge|Lloyd Bridges|Leslie Brooks|Eddie Bruce|Jack Carr|Eddie Coke|Gino Corrado|Joe Cunningham|Lew Davis|Ralph Dunn|Al Ferguson|Clyde Fillmore|Joe Garcio|Jack Gardner|Bud Geary|William Gould|Jay Guedillio|Dave Harper|Edward Hearn|Oscar 'Dutch' Hendrian|George Hickman|Maynard Holmes|Dick Jensen|Robert Keats|Stubby Kruger|William Lally|Eddie Laughton|Jack Low|Herman Marks|Jewel McGowan|Joe McGuinn|Frank McLure|Patrick McVey|Frank Mills|Clarence Muse|Frank O'Connor|Blanche Payson|Charles Perry|Ralph Peters|Lee Phelps|Lee Prather|Al Rhein|Dewey Robinson|Cy Schindell|Dan Seymour|Jack Shea|Roberta Smith|Charles St. George|Frank Sully|Frank M. Thomas|Mabel Todd|Victor Travis|Lelah Tyler|John Tyrrell|Ralph Volkie|Max Wagner|Robert Walker|George Watts|Lee 'Lasses' White","keywords":"screwball comedy|gardener|lawyer|arson|schoolteacher","year":1942,"director":"Director: George Stevens","genre":"Comedy|Drama|Romance|Thriller","rating":7.5,"title":"El asunto del día"}