{"summary":"Although she comes from an aristocratic family, beautiful Prudence Cathaway defies convention by joining the WAAFs and becoming romantically involved with an AWOL soldier.","cast":"Tyrone Power|Joan Fontaine|Thomas Mitchell|Henry Stephenson|Nigel Bruce|Gladys Cooper|Philip Merivale|Sara Allgood|Alexander Knox|Queenie Leonard|Melville Cooper|Jill Esmond|Holmes Herbert|Denis Green|Arthur Shields|Dennis Hoey|Thomas Louden|Miles Mander|John Abbott|Harry Allen|May Beatty|Billy Bevan|Colin Campbell|Leonard Carey|Winston Churchill|Herbert Clifton|Andy Clyde|David Clyde|Valerie Cole|Clyde Cook|Alec Craig|Carol Curtis-Brown|Dorothy Daniels de Becker|Harold De Becker|Alan Edmiston|Mary Field|Brenda Forbes|Mary Forbes|Eddie Hall|Gerald Hamer|Lumsden Hare|Forrester Harvey|Leyland Hodgson|Olaf Hytten|Stephanie Insall|Lilyan Irene|Charles Irwin|Colin Kenny|Connie Leon|Doris Lloyd|Gwendolyn Logan|Morton Lowry|Aubrey Mather|Virginia McDowall|Ottola Nesmith|Jessica Newcombe|Mrs. Wilfrid North|Rita Page|Alexander Pollard|Jean Prescott|Stella Rae|Stuart Robertson|John Rogers|Clifford Severn|Raymond Severn|Anita Sharp-Bolster|Jack Shea|Yorke Sherwood|Wyndham Standing|Val Stanton|Will Stanton|Donald Stuart|Heather Thatcher|Cyril Thornton|David Thursby|Silvia Vaughan|Clare Verdera|Gordon Wallace|Cecil Weston|Rhys Williams|Joyce Wynn","keywords":"deserter|blind date|awol|reference to william shakespeare|london england","year":1942,"director":"Director: Anatole Litvak","genre":"Drama|Romance|War","rating":6.8,"title":"Sé fiel a ti mismo"}