{"summary":"The daughter of a musical mentor is hopelessly in love with her cousin's husband, a handsome composer.","cast":"Charles Boyer|Joan Fontaine|Alexis Smith|Brenda Marshall|Charles Coburn|May Whitty|Peter Lorre|Joyce Reynolds|Jean Muir|Montagu Love|Eduardo Ciannelli|Janine Crispin|Doris Lloyd|Joan Blair|André Charlot|Richard Ryen|Crauford Kent|Marcel Dalio|Clemence Groves|Brooks Benedict|Louise Brien|James Carlisle|David Clyde|Jack Deery|Mildred Evelyn|Bess Flowers|Edmund Goulding|Sam Harris|Brandon Hurst|Charles Irwin|Colin Kenny|George Kirby|Leota Lorraine|Wilbur Mack|Eric Mayne|Harold Miller|Bert Moorhouse|Edmund Mortimer|Max Rabinowitz|Jean Ransome|Paul Ravel|Cyril Ring|Geoffrey Steele|Donald Stuart","keywords":"melodrama|psychotronic film|composer|musician|jealousy","year":1943,"director":"Director: Edmund Goulding","genre":"Drama|Music|Romance","rating":6.8,"title":"La ninfa constante"}