{"summary":"A group of French soldiers during WWII are captured by Nazis troops and sent to a military prison. There they will have to make use of his best resources to keep alive... and sane, while at the same time scheming a way out.","cast":"Jean-Pierre Aumont|Gene Kelly|Cedric Hardwicke|Richard Whorf|Joseph Calleia|Peter Lorre|Hume Cronyn|William Roy|Tonio Selwart|Jack Lambert|Wallace Ford|Donald Curtis|Jack Edwards Jr.|Richard Ryen|Frederick Giermann|John Abbott|Harry Allen|Morris Ankrum|Louis V. Arco|Felix Basch|George Beban Jr.|Barbara Bedford|Carmen Beretta|Margaret Bert|Jay Black|Walter Bonn|Sven Hugo Borg|Frederic Brunn|Warren Burr|George Calliga|Tony Carson|Fred Coby|Dick Curtis|Max Cutler|Sidney D'Albrook|Danny Daniels|Paul Delmar|Gene Delmont|Earle S. Dewey|Dan Druff|Emma Dunn|Johnny Dunn|Tay Dunn|Leona Duray|Dale Easton|Richard Ellis|Billy Engle|Fred Essler|Charles H. Faber|Fred Farrell|Eric Feldary|Arno Frey|Hans Fuerberg|Bob Gilbert|Jack Gordon|Joseph Granby|Eddie Hall|Peter Helmers|Sandra Henley|Ray Hilton|Hans Hopf|William Hudson|Edward Kilroy|Paul Langton|Mitchell Lewis|Egon Lind|Paul Marion|Greg McClure|Harro Meller|John Merton|Rhea Mitchell|Roger Moore|Stuart Nedd|John Northpole|Fred Nurney|Alfred Paix|Dorothy Phillips|John Phipps|Frederick Pressel|Otto Reichow|Henry Roquemore|Gene Roth|Lionel Royce|Eva Rubinstein|Paul Rubinstein|Hector V. Sarno|Ferdinand Schumann-Heink|Robert R. Stephenson|Phil Sudano|Simon Surgess|Robert Thompson|Louis Traves|Philip Van Zandt|Henry Victor|Wilhelm von Brincken|Hans von Morhart|Hans Heinrich von Twardowski|Harry Wilson|Ted Wray|William Yetter Sr.","keywords":"psychotronic film|nazi|solitary confinement|escape|german soldier","year":1943,"director":"Director: Tay Garnett","genre":"War|Drama","rating":6.6,"title":"La cruz de Lorena"}