{"summary":"Two thieves, the Blackbird and West End Bertie, fall in love with the same girl, a French nightclub performer named Fifi. Each man tries to outdo the other to win her heart.","cast":"Lon Chaney|Owen Moore|Renée Adorée|Doris Lloyd|Andy MacLennan|William Weston|Sidney Bracey|Ernie Adams|Charles Avery|Lionel Belmore|Margaret Bert|Peggy Best|Louise Emmons|Willie Fung|Fred Gamble|Cecil Holland|Bertram Johns|Billy Mack|James T. Mack|Eric Mayne|Polly Moran|Frank Norcross|Eddie Sturgis","keywords":"death|ex husband ex wife relationship|bar|london england|ex lover","year":1926,"director":"Director: Tod Browning","genre":"Crime|Drama|Romance","rating":6.8,"title":"Maldad encubierta"}