{"summary":"Nicole Larsen is detested by her countrymen because they suspect she is collaborating with the occupying Germans. In reality she is working for the Norwegian underground, risking her life passing secrets to the resistance fighters.","cast":"Merle Oberon|Brian Aherne|Carl Esmond|Isobel Elsom|Fritz Leiber|Erville Alderson|Erik Rolf|Reinhold Schünzel|Louis Adlon|Niels Bagge|Conrad Binyon|Sven Hugo Borg|Frederic Brunn|Gordon B. Clarke|Leslie Denison|John Elliott|Fern Emmett|Eric Feldary|E.L. Fisher-Smith|Byron Foulger|Arno Frey|Greta Granstedt|Ethel Griffies|Louis Jean Heydt|Lloyd Ingraham|Charles Irwin|Guy Kingsford|Marten Lamont|Paul Langton|Nelson Leigh|Rolf Lindau|Miles Mander|William Martin|Robert McKenzie|Pat Moriarity|George O'Flaherty|Larry Parks|William 'Bill' Phillips|Alexander Pollard|Paul Power|Otto Reichow|Henry Rowland|John Royce|Richard Ryen|Pietro Sosso|Tom Stevenson|Walter Thiele|Evan Thomas|Hans von Morhart|Hans Heinrich von Twardowski|Rex Williams|Lewis Wilson","keywords":"year 1942|world war two|british spy|norwegian town|norway","year":1943,"director":"Director: Dorothy Arzner","genre":"Drama|War","rating":6.6,"title":"First Comes Courage"}