{"summary":"The secretary of a newly appointed government official strives to make him a success in spite of his shortcomings.","cast":"Olivia de Havilland|Sonny Tufts|Anne Shirley|Jess Barker|James Dunn|Paul Stewart|Agnes Moorehead|Harry Davenport|Una O'Connor|Sig Ruman|Demetrius Alexis|Harry A. Bailey|Joseph E. Bernard|Edward Biby|June Booth|Patti Brill|Tom Burton|Chester Carlisle|James Carlisle|Harry Clay|Barbara Coleman|James Conaty|Rita Corday|Tom Costello|Oliver Cross|Jane Darwell|Wally Dean|Harry Denny|Ralph Dunn|Dick Earle|Jay Eaton|Bruce Edwards|Edward Fielding|George Ford|J.C. Fowler|Fred Fox|Virginia Gardner|George Givot|Babe Green|Barbara Hale|Donald Hall|Mary Halsey|Charles Halton|John Hamilton|Sam Harris|Al Hill|Stuart Holmes|Russell Huestis|David Hughes|Warren Hymer|J. Louis Johnson|Edward Keane|Daun Kennedy|Donald Kerr|James Kirkwood|Margaret Landry|Ralph Linn|Sam Lufkin|Norman Mayes|Eric Mayne|Frank McLure|Charles Meakin|Alex Melesh|George Melford|Chef Milani|Harold Miller|Karl Miller|Josh Milton|Howard M. Mitchell|Bert Moorhouse|Frank Moran|Clive Morgan|Marion Murray|David Newell|Fred Norton|William H. O'Brien|Shirley O'Hara|Emory Parnell|Louis Payne|George Riley|Cyril Ring|Ronald R. Rondell|Loretta Russell|Jeffrey Sayre|Harry Shannon|Ivan F. Simpson|Art Smith|Paul Stanton|Larry Steers|Harry Tenbrook|Lawrence Tierney|Joan Valerie|Ray Walker|Larry Williams|Steve Winston|Ian Wolfe","keywords":"washington monument washington d.c.|washington d.c.|secretary|male female relationship|world war two","year":1943,"director":"Director: Dudley Nichols","genre":"Comedy|Romance|War","rating":5.7,"title":"La chica del gobierno"}