{"summary":"A gambler has plans to swindle money from a charity program, but starts to have second thoughts when he falls for a rich society girl.","cast":"Cary Grant|Laraine Day|Charles Bickford|Gladys Cooper|Alan Carney|Henry Stephenson|Paul Stewart|Kay Johnson|Erford Gage|Walter Kingsford|Florence Bates|Sam Ash|Edwin August|Walter Bacon|John Bleifer|Don Brodie|George Calliga|Charles Cane|Rita Corday|Joseph Crehan|Kernan Cripps|Hal K. Dawson|Jack Deery|Helen Dickson|Edward Fielding|Budd Fine|Sam Finn|Ray Flynn|Mary Forbes|J.C. Fowler|Jack Gargan|Karen X. Gaylord|Rudy Germane|Dick Gordon|Chuck Hamilton|Sam Harris|Ariel Heath|Frank Henry|Lew Hicks|Chet Huntley|Lloyd Ingraham|J.M. Kerrigan|Bert LeBaron|Max Linder|Pat McKee|Harold Miller|Frank Mills|Daphne Moore|Bert Moorhouse|Edmund Mortimer|Al Murphy|Emory Parnell|Hilda Plowright|Paul Power|Fred Rapport|Al Rhein|Cyril Ring|Dick Rush|Loretta Russell|Mabel Smaney|Vladimir Sokoloff|Robert Strange|Amzie Strickland|Mary Stuart|Ellinor Vanderveer|Juan Varro|Isabel Withers|Arthur Yeoman","keywords":"confidence artist|betrayal|fundraising|casino|knocked unconscious","year":1943,"director":"Director: H.C. Potter","genre":"Comedy|Romance","rating":7.1,"title":"Mr. Lucky"}