{"summary":"After the fall of Tobruk in 1942, during the Allied retreat in the Libyan desert, an American tank picks-up a motley group of survivors but they face advancing Germans and a lack of water.","cast":"Humphrey Bogart|Bruce Bennett|J. Carrol Naish|Lloyd Bridges|Rex Ingram|Richard Aherne|Dan Duryea|Carl Harbord|Patrick O'Moore|Louis Mercier|Guy Kingsford|Kurt Kreuger|John Wengraf|Louis Adlon|Niels Bagge|Walter Bonn|Frederic Brunn|Leslie Denison|Michael Dyne|Carl Ekberg|Jack Gardner|Vilmos Gyimes|Leyland Hodgson|Frank Lackteen|Peter Lawford|Nelson Leigh|Anthony Marsh|John Meredith|George N. Neise|Otto Reichow|Henry Rowland|John Royce|Hans Schumm|Robert R. Stephenson|Walter Thiele|Frederick Worlock","keywords":"world war two|tank|british soldier|reference to muhammad|italian soldier","year":1943,"director":"Director: Zoltan Korda","genre":"Action|Drama|War","rating":7.5,"title":"Sahara"}