{"summary":"Flying Tiger Fred Atwell sneaks away from his famous squadron's personal appearance tour and goes incognito for several days of leave. He quickly falls for photographer Joan Manion, ... See full summary »","cast":"Fred Astaire|Joan Leslie|Robert Benchley|Robert Ryan|Elizabeth Patterson|Marjorie Gateson|Freddie Slack|Freddie Slack and His Orchestra|Fred Aldrich|Robert Andersen|Bobby Barber|Brandon Beach|Brooks Benedict|Joseph E. Bernard|Eric Blore|Ralph Bucko|Roy Bucko|Georgia Caine|Jack Carr|James Conaty|Richard Davies|Jack Deery|Henri DeSoto|Norma Drury|Dick Gordon|Neil Hamilton|Edna Harris|Al Hill|Olin Howland|Russell Hoyt|Paul Hurst|Dorothy Kelly|Joseph Kim|Clarence Kolb|Peter Lawford|Jerry Mandy|Rita Maritt|Frank McLure|Ed McNamara|Frank Melton|Ella Mae Morse|Al Murphy|Clarence Muse|William J. O'Brien|Victor Potel|Fred Rapport|Rhoda Reese|Larry Rio|Dick Rush|Clint Sharp|Jack Shea|Ida Shoemaker|Anne G. Sterling|Ann Summers|Ferris Taylor|Amelita Ward","keywords":"photographer|flying tiger|reference to ginger rogers|magazine|assumed identity","year":1943,"director":"Director: Edward H. Griffith","genre":"Comedy|Musical|Romance|War","rating":6.4,"title":"El límite es el cielo"}