{"summary":"A young girl claims to have seen a divine vision, which prompts both a religious phenomenon and extreme skepticism.","cast":"William Eythe|Charles Bickford|Vincent Price|Lee J. Cobb|Gladys Cooper|Anne Revere|Roman Bohnen|Mary Anderson|Patricia Morison|Aubrey Mather|Charles Dingle|Edith Barrett|Sig Ruman|Blanche Yurka|Ermadean Walters|Marcel Dalio|Pedro de Cordoba|Jerome Cowan|Jennifer Jones|Louis V. Arco|Hooper Atchley|Louis Bacigalupi|Charles Bates|Ted Billings|Tala Birell|Fortunio Bonanova|Eugene Borden|Lionel Braham|Chet Brandenburg|Nana Bryant|Marie Carrozza|André Charlot|Davison Clark|Edward Clark|Marjorie Cooley|Harry Cording|Armand Cortes|Elvira Curci|Adrienne D'Ambricourt|Frank Dae|Linda Darnell|Jean De Briac|Claudine De Luc|Jean Del Val|Richard DeNeut|Jo-Carroll Dennison|Harry Denny|Pat Dillon|John Dilson|George Du Count|Alicia Díaz|Fernanda Eliscu|Edythe Elliott|Fred Essler|Edward Fielding|Antonio Filauri|Curt Furberg|Ernest Golm|John Maxwell Hayes|Hans Herbert|Margaret Hoffman|Edward Keane|Manart Kippen|Charles La Torre|Frank Lackteen|Frank Leigh|Connie Leon|Mae Marsh|Alphonse Martell|Louis Mercier|Robert Milasch|Joyce Miller|Belle Mitchell|Dickie Moore|Eula Morgan|Alan Napier|Mayo Newhall|Moroni Olsen|Nestor Paiva|Alex Papana|Nino Pipitone Jr.|Nino Pipitone|Marie Pope|Frank Reicher|Julian Rivero|Stephen Roberts|Ruth Robinson|Merrill Rodin|Irina Semochenko|Muni Seroff|Dorothy Shearer|William Smith|George Sorel|Edwin Stanley|Tom Stevenson|Minerva Urecal|Edward Van Sloan|Charles Wagenheim|Charles Waldron|Geraldine Wall|Lucille Ward|Ruth Warren|Cecil Weston|Ian Wolfe","keywords":"france|visions|church|apparition|suffering","year":1943,"director":"Director: Henry King","genre":"Biography|Drama","rating":7.6,"title":"La canción de Bernadette"}