{"summary":"Childhood friends are torn apart when one of them marries the woman the other once fiercely loved.","cast":"John Gilbert|Greta Garbo|Lars Hanson|Barbara Kent|William Orlamond|George Fawcett|Eugenie Besserer|Marc McDermott|Marcelle Corday|Margie Angus|Mary Angus|Max Barwyn|Frankie Darro|Philippe De Lacy|Virginia Marshall|Polly Moran|Maurice Murphy|Russ Powell|Carl 'Major' Roup|Rolfe Sedan|Bert Sprotte|Ellinor Vanderveer|Glen Walters","keywords":"love triangle|betrayal|temptress|lasting friendship|national film registry","year":1926,"director":"Director: Clarence Brown","genre":"Drama|Romance","rating":7.6,"title":"El demonio y la carne"}