{"summary":"Biography of Andrew Johnson, who followed Abraham Lincoln into office and became the first President of the United States ever to be impeached.","cast":"Van Heflin|Lionel Barrymore|Ruth Hussey|Marjorie Main|Regis Toomey|J. Edward Bromberg|Grant Withers|Alec Craig|Charles Dingle|Carl Benton Reid|Russell Hicks|Noah Beery|Robert Warwick|Montagu Love|Lloyd Corrigan|William Farnum|Charles Trowbridge|Lynne Carver|Russell Simpson|Morris Ankrum|Ernie Alexander|Michael Audley|Frank Austin|Walter Baldwin|Roy Barcroft|Louise Beavers|Arthur Belasco|Harlan Briggs|Sonny Bupp|Frederick Burton|George M. Carleton|Horace B. Carpenter|Anna Chandler|Cliff Clark|Dane Clark|Davison Clark|Harry Cording|Jeff Corey|Jules Cowles|Mark Daniels|William B. Davidson|Jim Davis|Frank Dawson|Robert Dudley|Paul Everton|Christian J. Frank|Karen X. Gaylord|Albert Godderis|Gibson Gowland|Jesse Graves|Harrison Greene|Frank Hagney|Richard Hall|John Hamilton|Tom Herbert|Herbert Heyes|Al Hill|Harry Holman|Harry Humphrey|Brandon Hurst|Roger Imhof|John Ince|Bob Ingersoll|Lloyd Ingraham|Gladden James|Frank Jaquet|Si Jenks|Jerry Jerome|Jack Kenney|Milton Kibbee|James Kirkwood|Louis Mason|Eric Mayne|Leila McIntyre|Ivan Miller|Alberto Morin|Ferdinand Munier|Patsy Nash|Jack Norton|Robert Emmett O'Connor|Pat O'Malley|Lee Phelps|Lee Prather|Charles Ray|Bert Roach|William Roberts|Dewey Robinson|Ruth Robinson|Henry Roquemore|Syd Saylor|Hugh Sothern|Arthur Space|Bob Stebbins|Francis Stevens|Carl Stockdale|Harry Strang|Ludwig Stössel|Henry Sylvester|Ray Teal|Emmett Vogan|James Warren|Gayne Whitman|Will Wright|Jack Zeller","keywords":"character name as title|andrew johnson character|nickname as title|jefferson davis character|capitol building","year":1942,"director":"Director: William Dieterle","genre":"Biography|Drama","rating":6.6,"title":"Tennessee Johnson"}