{"summary":"The dramatized life of immortal humorist Samuel Langhorne Clemens, better known as Mark Twain, from his days as a riverboat pilot on the Mississippi River until his death in 1910 shortly after Halley's Comet returned.","cast":"Fredric March|Alexis Smith|Donald Crisp|Alan Hale|C. Aubrey Smith|John Carradine|William Henry|Robert Barrat|Walter Hampden|Joyce Reynolds|Whitford Kane|Percy Kilbride|Nana Bryant|Ernie Adams|Gloria Ann Crawford|Hooper Atchley|Arthur Aylesworth|Lynn Baggett|Leah Baird|Willie Best|Edward Biby|Henry Blair|Oliver Blake|Monte Blue|Jackie Brown|Bob Burns|Viola Callahan|Burr Caruth|Wheaton Chambers|Davison Clark|James Conaty|Chester Conklin|Carol Coombs|Lloyd Corrigan|Joseph Crehan|Frank Dae|Frank Darien|Earle S. Dewey|Dudley Dickerson|Dennis Donnelly|Roland Drew|Bill Edwards|Sarah Edwards|Dick Elliott|Jim Farley|Franklyn Farnum|Ross Ford|Willie Fung|Rosina Galli|Jack Gardner|Jack Gargan|Russell Gleason|William Gould|Mildred Gover|Jessica Grayson|William Haade|Frank Hagney|Creighton Hale|Thurston Hall|Sam Harris|George Haywood|Robert Herrick|Harry Hilliard|Gene Holland|Harry Holman|Stuart Holmes|Robert Homans|Olin Howland|George Humbert|Brandon Hurst|Charles Irwin|Kay Johnson|Payne B. Johnson|Dickie Jones|Lew Kelly|Fred Kelsey|Bill Kennedy|Victor Kilian|Richard Kipling|Bobby Larson|Peter Lawford|Billy Lechner|George Lessey|Carl M. Leviness|Wilbur Mack|Charles Marsh|Thomas Martin|Frank Mayo|Charles McAvoy|Sam McDaniel|Sammy McKim|John 'Skins' Miller|Michael Miller|Penny Moore|Edmund Mortimer|Jack Mower|Paul Newlan|Frank O'Connor|Pat O'Malley|Bud Osborne|Paul Panzer|Charles Peck|Frank Pharr|Francis Pierlot|Lee Powell|Lillian Randolph|George Reed|Frank Reicher|Betty Roadman|Christian Rub|Charlene Salerno|Cliff Saum|Francis Sayles|Paul Scardon|George Sherwood|Emmett Smith|Walter Soderling|Frederick Spencer|Count Stefenelli|Libby Taylor|Joyce Tucker|Harry Tyler|Dorothy Vaughan|Sailor Vincent|Charles Waldron|Eddy Waller|Lee 'Lasses' White|Leo White|Ernest Whitman|Frank Wilcox|Lottie Williams|Norman Willis|Joan Winfield|Douglas Wood|Harry Woods|Harry Worth","keywords":"song|singing|americana|mississippi river|newspaper editor","year":1944,"director":"Director: Irving Rapper","genre":"Adventure|Biography|Drama","rating":7.1,"title":"Las aventuras de Mark Twain"}