{"summary":"A reluctantly retired vaudevillian clashes with his producer son who thinks his father's entertainment is passe and audiences need something more sophisticated. Meanwhile the producer's father and sister secretly produce their own show.","cast":"George Murphy|Ginny Simms|Charles Winninger|Gloria DeHaven|Nancy Walker|Ben Blue|Lena Horne|Eddie 'Rochester' Anderson|Hazel Scott|Kenny Bowers|Maggie Ross|Aggie Ross|Elmira Ross|Dean Murphy|Louis Mason|Bunny Waters|Walter B. Long|Tommy Dorsey|Tommy Dorsey & His Orchestra|Rafael Alcayde|Kirk Alyn|Marvin Bailey|Juliette Ball|Bill Bates|Eleanor Bayley|Robert Benton|Art Berry Sr.|Sidney Blackmer|Lennie Bluett|Mildred Boyd|Marie Bryant|Jack Chefe|Sayre Dearing|The Edwards Sisters|Mike Fernandez|Bess Flowers|Dorothy Ford|Louise Franklin|Arno Frey|Mary Ganley|Lee Gotch|Betty Jane Graham|The Guadalajara Trio|Sara Haden|Jane Hale|Avanelle Harris|Sam Harris|Kathleen Hartsfield|Maggie Hathaway|Dell Henderson|Jane Isbell|Charles Judels|Margaret Kays|Marilyn Knowlden|Eddie Lee|Florence Lundeen|Wilbur Mack|Gloria Mackey|Peggy Maley|Peggy McCall|Beryl McCutcheon|Mack McLean|Mary McLeod|Kay Medford|The Music Maids|Alex Nahera|Skip Nelson|Joe Niemeyer|Robert Emmett O'Connor|Beverly Pratt|Tom Quinn|Frances Rafferty|Vladimir Rashevsky|Elynne Ray|Beth Renner|Archie Savage|Bill Seckler|George Sorel|Drake Thornton|Ruth Tobey|Enrique Valadez|Leon Warwick|Constance Weiler|Jack Williams|Artie Young","keywords":"broadway musical|based on stage musical|new york city|fictional variety show|manhattan new york city","year":1944,"director":"Director: Roy Del Ruth","genre":"Family|Music","rating":5.9,"title":"Broadway Rhythm"}