{"summary":"A senator's daughter (who can't help singing) follows her boyfriend West in the days of the California gold rush.","cast":"Deanna Durbin|Robert Paige|Akim Tamiroff|David Bruce|Leonid Kinskey|June Vincent|Ray Collins|Andrew Tombes|Thomas Gomez|Clara Blandick|Olin Howland|George Cleveland|Enrique Acosta|Eddie Acuff|Richard Alexander|Michael Ansara|Gertrude Astor|Roscoe Ates|Jimmy Aubrey|Irving Bacon|John Barton|Ray Beltram|Joseph E. Bernard|Chris Willow Bird|Gladys Blake|Buster Brodie|Nana Bryant|James Bush|Nina Campana|James Carlisle|Jack Rube Clifford|Iron Eyes Cody|Tom Coleman|Chester Conklin|Heinie Conklin|Leon Cortez|Kernan Cripps|Russell Custer|Ruby Dandridge|Frank Darien|Rico De Montez|Tex Driscoll|Edward Earle|George Eldredge|Fern Emmett|Jim Farley|Jody Gilbert|Frank Hagney|Bobbie Hale|Eddie Hart|Herbert Heywood|Stuart Holmes|Robert Homans|John James|I. Stanford Jolley|Jack Kenny|Ann Kunde|Frank Lackteen|George J. Lewis|George Lloyd|Robert McKenzie|Frank Melton|Robert Milasch|Art Miles|Ernesto Molinari|Dennis Moore|Jay Novello|Wedgwood Nowell|Artie Ortego|Barbara Pepper|Bob Perry|Victor Potel|Theodore Rand|Waclaw Rekwart|Renie Riano|Victor Romito|Virginia Sale|Scott Seaton|Harry Semels|Almira Sessions|Freddie Steele|Jack Stoney|Glenn Strange|William Sundholm|Forrest Taylor|Jack Tornek|Max Wagner|Glen Walters|Phil Warren|Harry Woods","keywords":"daughter","year":1944,"director":"Director: Frank Ryan","genre":"Musical|Western","rating":6.3,"title":"Feliz y enamorada"}