{"summary":"A hunt for a spy, in an hotel in the South of France just before World War Two.","cast":"James Mason|Lucie Mannheim|Raymond Lovell|Julien Mitchell|Herbert Lom|Martin Miller|Clare Hamilton|Frederick Valk|Patricia Medina|Anthony Shaw|Lawrence Hanray|David Ward|Valentine Dyall|Joseph Almas|Patricia Hayes|Hella Kürty|Ivor Barnard|Ernst Ulman|John Baker|Mike Johnson|Victor Rietti|Henry T. Russell|Hugo Schuster","keywords":"fall from height|camera|beach|beach umbrella|espionage","year":1944,"director":"Directors: Lance Comfort, Mutz Greenbaum (as Max Greene) | 1 more credit »","genre":"Thriller","rating":6.2,"title":"Contraespionaje"}