{"summary":"In occupied France during the Franco-Prussian War, a young French laundress shares a coach ride with several of her condescending social superiors. But when a Prussian officer holds the ... See full summary »","cast":"Simone Simon|John Emery|Kurt Kreuger|Alan Napier|Helen Freeman|Jason Robards Sr.|Norma Varden|Romaine Callender|Fay Helm|Edmund Glover|Charles Waldron|Eddie Allen|Lillian Bronson|Tom Burton|Marc Cramer|Victor Cutler|Richard Drumm|John Good|Daun Kennedy|Rosemary La Planche|Margaret Landry|Allan Lee|Marie Lund|Paul Marion|Frank Mayo|Mayo Newhall|Margie Stewart|William von Wymetal|Alan Ward|Max Willenz|Violette Wilson|Steve Winston","keywords":"year 1870|19th century|1870s|second french empire|french empire","year":1944,"director":"Director: Robert Wise","genre":"Drama|War","rating":6.2,"title":"Mademoiselle Fifi"}