{"summary":"A chronicle of the political career of US President Woodrow Wilson.","cast":"Alexander Knox|Geraldine Fitzgerald|Thomas Mitchell|Ruth Nelson|Cedric Hardwicke|Charles Coburn|Vincent Price|William Eythe|Mary Anderson|Ruth Ford|Sidney Blackmer|Madeleine Forbes|Stanley Ridges|Eddie Foy Jr.|Charles Halton|Thurston Hall|J.M. Kerrigan|James Rennie|Marcel Dalio|Katherine Locke|Stanley Logan|Edwin Maxwell|Clifford Brooke|Tonio Selwart|John Ince|Charles Miller|John J. Pershing|Richard Abbott|Harry Adams|George Anderson|Louis V. Arco|John Ardell|Walter Baldwin|Griff Barnett|Robert Barron|Felix Basch|Jack Baxley|Symona Boniface|Eddie Borden|Jess Lee Brooks|Phyllis Brooks|Tom Brown|Frederick Burton|James Bush|Francis X. Bushman|Romaine Callender|Charles Cane|George M. Carleton|William P. Carleton|Harry Carter|David Cavendish|Ken Christy|Davison Clark|Russ Clark|Ray Cooper|Gino Corrado|Mary Currier|Guy D'Ennery|John Davidson|Marvin Davis|Frank Dawson|Earle S. Dewey|Lester Dorr|Marie Dressler|Ralph Dunn|Edward Earle|Ben Erway|Paul Everton|Douglas Fairbanks|Edward Fielding|Antonio Filauri|Clyde Fillmore|Sam Flint|Francis Ford|John Forrest|William Forrest|Arno Frey|Russell Gaige|Gus Glassmire|Roy Gordon|Gibson Gowland|Jesse Graves|Jessica Grayson|Joseph J. Greene|Reed Hadley|Sherry Hall|Edith Hallor|John Hamilton|Josh Hardin|Larry Harris|Sam Harris|Joe Haworth|John Maxwell Hayes|Dell Henderson|Herbert Heyes|Paul Hilton|Charles Anthony Hughes|Roger Imhof|Danny Jackson|Gladden James|Al Jolson|Edward Keane|Cy Kendall|King George V|Emmett King|Jack Lawrence|George Lessey|Ralph Linn|Arthur Loft|George Lynn|Hamilton MacFadden|George Macready|Aubrey Mather|George Mathews|Larry McGrath|Tom McGuire|Paul McVey|James Metcalf|Robert Middlemass|Matt Moore|Eula Morgan|Edward Mundy|Carroll Nye|Frank O'Connor|Anne O'Neal|Frank Orth|Marguerita Padula|Franklin Parker|Emory Parnell|Mary Pickford|Hilda Plowright|Isabel Randolph|Robert Regent|Otto Reichow|Grandon Rhodes|Roy Roberts|Dewey Robinson|Theodore Roosevelt|Edward Ryan|Norman Salling|Ralph Sanford|Jeffrey Sayre|Harold Schlickenmayer|Scott Seaton|Harry Semels|Jamesson Shade|C. Montague Shaw|Reginald Sheffield|Arthur Space|Jack Stoney|Ferris Taylor|Forrest Taylor|Harry Tyler|Truman Van Dyke|Emmett Vogan|Fred Walburn|John Whitney|Larry Williams|Rex Williams|Ian Wolfe|Will Wright|William Yetter Sr.|Jack Young","keywords":"character name as title|woodrow wilson character|eddie foy character|psychotronic film|capitol building","year":1944,"director":"Director: Henry King","genre":"Biography|Drama|History|Music|Romance","rating":6.4,"title":"Wilson"}