{"summary":"Story of women who marry GIs just so they can receive the soldiers' pay and their life insurance if they are killed in action.","cast":"Kay Francis|Paul Kelly|Otto Kruger|Gertrude Michael|Teala Loring|Bernard Nedell|Anthony Warde|Matty Fain|Jonathan Hale|Selmer Jackson|Terry Frost|Reid Kilpatrick|Doris Lloyd|Marcelle Corday|Evelyn Eaton|Michael Browne|Elizabeth Wright|Sarah Edwards|John Elliott|Jean Andren|Mary Arden|Gertrude Astor|Lee Bennett|Paul Bradley|Roy Butler|Edgar Caldwell|Glenn Charles|James Conaty|Laura Corbay|Louise Frye|John Gannon|Parker Gee|Pat Gleason|Marie Harmon|Phil Hegland|Rune Hultman|Karen Knight|Nolan Leary|Veta Lehmann|Peggy Leon|Frank Mayo|Winnie Nard|Wheeler Oakman|Cosmo Sardo|Betty Sinclair|Larry Steers|Billy Vernon|Henry Vroom","keywords":"poverty row film|low budget film|stock footage|b movie|clip joint","year":1945,"director":"Director: William Nigh","genre":"Crime|Drama|Film-Noir","rating":6.2,"title":"Allotment Wives"}