{"summary":"Seven guests, a newly hired secretary and two staff are gathered at a manor house on an isolated island by an unknown absentee host and are killed off one-by-one. They work together to determine who the killer is before it's too late.","cast":"Barry Fitzgerald|Walter Huston|Louis Hayward|Roland Young|June Duprez|Mischa Auer|C. Aubrey Smith|Judith Anderson|Richard Haydn|Queenie Leonard|Harry Thurston","keywords":"island|guest|judge|servant|logical deduction","year":1945,"director":"Director: René Clair (as Rene Clair)","genre":"Crime|Drama|Mystery|Thriller","rating":7.5,"title":"Diez negritos"}