{"summary":"In 1937, agents from the opposing sides of the Spanish Civil War travel to the neutral UK to secure coal contracts and to undermine each other's efforts.","cast":"Charles Boyer|Lauren Bacall|Katina Paxinou|Peter Lorre|Victor Francen|George Coulouris|Wanda Hendrix|John Warburton|Holmes Herbert|Dan Seymour|George Zucco|Art Foster|Miles Mander|Lawrence Grant|Ian Wolfe|Gilbert Allen|Harry Allen|Sylvia Andrew|Lynn Baggett|James Began|Guy Bellis|Wilson Benge|George Broughton|Colin Campbell|Jack Carter|Herbert Clifton|Harry Cording|Marie De Becker|Cyril Delevanti|Pat Dennison|Alan Edmiston|William Ellfeldt|Rex Evans|Al Ferguson|James Fowler|John Goldsworthy|Arthur Gould-Porter|Frank Hagney|Bobbie Hale|Creighton Hale|Charlie Hall|Gerald Hamer|Grayce Hampton|Alec Harford|Forrester Harvey|Keith Hitchcock|Leyland Hodgson|David Hughes|Brandon Hurst|Olaf Hytten|D. Martin Jones|Bert Kalmar|George Kirby|Charles Knight|Frank Leigh|Monnie Leon|Stanley Mann|Charles McNaughton|Henry Mowbray|Leighton Noble|Tom Pilkington|Hilda Plowright|Clara Reid|Gordon Richards|Mae Roberts|John Rogers|Wallace Scott|Rosemary Sharples|C. Montague Shaw|Reginald Sheffield|Dan Sheridan|William Stack|Will Stanton|Geoffrey Steele|Arthur Stenning|Robert R. Stephenson|Cyril Thornton|Laura Treadwell|Trevor Tremaine|Barbara Trevor|Percival Vivian|Ruth Vivian|Ben Webster|Herbert Wyndham","keywords":"rebellion|damsel in distress|deception|double cross|held at gunpoint","year":1945,"director":"Director: Herman Shumlin","genre":"Drama|Thriller","rating":6.5,"title":"Agente confidencial"}