{"summary":"A stage mentalist involved in a mysterious death and a discredited plastic surgeon are among the assorted characters involved in mysterious goings-on in an eerie wax museum.","cast":"Lon Chaney Jr.|Evelyn Ankers|Milburn Stone|Douglass Dumbrille|Martin Kosleck|Elena Verdugo|Tala Birell|Arthur Hohl|Eddie Acuff|Polly Bailey|Bobby Barber|Eddie Bruce|Jan Bryant|Pauline Drake|Helena Phillips Evans|William Haade|Leyland Hodgson|David Hoffman|Charles Jordan|Carl M. Leviness|Wilbur Mack|Thomas Martin|Dennis Moore|Bud Wolfe","keywords":"psychotronic film|stage|wax museum|audience|death","year":1945,"director":"Director: Harold Young","genre":"Horror|Mystery|Romance","rating":6.1,"title":"The Frozen Ghost"}