{"summary":"A promising classical musician finds his life poisoned by a music hall dancer -- and by the strange gaps in his memory.","cast":"Laird Cregar|Linda Darnell|George Sanders|Glenn Langan|Faye Marlowe|Alan Napier|Harry Allen|Radford Allen|Jimmy Aubrey|J.W. Austin|Wilson Benge|Frank Benson|Ted Billings|Clifford Brooke|Bob Burns|Steve Carruthers|Jack Chefe|Ann Codee|Charles Coleman|James Conaty|Murray Coombs|Harold de Becker Jr.|Leslie Denison|Michael Dyne|Alan Edmiston|Nestor Eristoff|Franklyn Farnum|Francis Ford|John Goldsworthy|Bobbie Hale|Leyland Hodgson|Art Howard|Charles Irwin|Michael Jeffers|Charles Knight|George Leigh|David Leland|Connie Leon|J. Farrell MacDonald|Wilbur Mack|Thomas Martin|Pat McKee|John Rogers|Constantine Romanoff|Sam Savitsky|Leslie Sketchley|Mabel Smaney|Frances Spence|Val Stanton|Count Stefenelli|Norman Wilnor|Eric Wilton|Frederick Worlock","keywords":"deception|female sexual predator|femme fatale|manipulative female|male female relationship","year":1945,"director":"Director: John Brahm","genre":"Crime|Drama|Music|Thriller","rating":7.4,"title":"Concierto macabro"}