{"summary":"The Wolf Man and Count Dracula beg Dr. Edelman to cure them of their killing instincts but Dracula schemes to seduce the doctor's nurse.","cast":"Lon Chaney Jr.|John Carradine|Martha O'Driscoll|Lionel Atwill|Onslow Stevens|Jane Adams|Ludwig Stössel|Glenn Strange|Skelton Knaggs|Joseph E. Bernard|Fred Cordova|Dick Dickinson|Carey Harrison|Boris Karloff|Harry Lamont|Gregory Marshall|Jane Nigh|Robert Robinson|Anne G. Sterling|Ruth Sterling","keywords":"female hunchback|shared universe|monster movie|lawrence larry talbot character|count dracula character","year":1945,"director":"Director: Erle C. Kenton","genre":"Fantasy|Horror|Sci-Fi","rating":5.8,"title":"La mansión de Drácula"}