{"summary":"An 18th century London wench gets involved with the nobility.","cast":"Paulette Goddard|Ray Milland|Patric Knowles|Reginald Owen|Cecil Kellaway|Constance Collier|Dennis Hoey|Sara Allgood|Eric Blore|Gordon Richards|Michael Dyne|Edgar Norton|Patricia Cameron|Percival Vivian|Mary Gordon|Anita Sharp-Bolster|Heather Wilde|Charles Coleman|Mae Clarke|Phyllis Adair|Norman Ainsley|Sylvia Andrew|Gordon Arnold|Jimmy Aubrey|Sybil Bacon|Frank Baker|Phyllis Barry|Guy Bellis|Wilson Benge|Florence Benson|Frank Benson|Dodo Bernard|Matthew Boulton|George Broughton|David Cavendish|Robin Sanders Clark|Ann Codee|Sherlee Collier|Edward Cooper|Robert Cory|Alec Craig|Anne Curson|Lew Davis|Harold de Becker Jr.|John Deauville|Cyril Delevanti|Leslie Denison|Donald Dewar|Billy Evans|Herbert Evans|Pamela Ewing|Betty Fairfax|Al Ferguson|Fred Fox|Gibson Gowland|Helena Grant|Marie Grosscup|Frank Hagney|Bobbie Hale|Stuart Hall|Ethyl May Halls|Delphine Harding|Ivo Henderson|Ernest Hilliard|Leyland Hodgson|Anne Howard|T. Arthur Hughes|Lilyan Irene|Boyd Irwin|Charles Irwin|Tiny Jones|Colin Kenny|Crauford Kent|George Kirby|Sidney Lawford|Doris Lloyd|Mary MacLaren|Stanley Mann|Audrey Manners|Anthony Marsh|June McClain|Tom McGuire|Mary McLeod|John Meredith|Madge Meredith|Viola Moore|Arthur Mulliner|Doreen Munroe|Miriam Nelson|William H. O'Brien|Tempe Pigott|Hilda Plowright|Byron Poindexter|'Snub' Pollard|Reed Porter|John Power|Elsie Prescott|Jean Prescott|Jean Ransome|Jack Raymond|Marie Reeves|Clara Reid|John Rice|Byron Ruggles|Nancy Russell|Perseus Ruth|Paul Scardon|Charles Schrader|Allen Schute|Violet Seton|Douglas Spencer|Ruth St. Denis|Robert R. Stephenson|Doris Stone|Lucy Storm|Evan Thomas|David Thursby|Victor Travis|Douglas Walton|Kitty Watson|Audrey Westphal|Sybil Williams|Eric Wilton|Florence Wix","keywords":"character name as title|one word title|marriage for money|impersonation|british high society","year":1945,"director":"Director: Mitchell Leisen","genre":"Drama|History","rating":7.1,"title":"La bribona"}