{"summary":"Julia Ross secures employment, through a rather nosy employment agency, with a wealthy widow, Mrs. Hughes, and goes to live at her house. 2 days later, she awakens - in a different house, ... See full summary »","cast":"Nina Foch|May Whitty|George Macready|Roland Varno|Anita Sharp-Bolster|Doris Lloyd|Joy Harington|Leyland Hodgson|Olaf Hytten|Marilyn Johnson|Queenie Leonard|Charles McNaughton|Harry Hays Morgan|Leonard Mudie|Ottola Nesmith|Milton Owen|Reginald Sheffield|Evan Thomas","keywords":"employment|psychopath|cornwall england|rain|boarding house","year":1945,"director":"Director: Joseph H. Lewis","genre":"Crime|Drama|Film-Noir|Mystery|Thriller","rating":7.1,"title":"Mi nombre es Julia Ross"}