{"summary":"Tough dance hall girl working for the local villain falls for a cowboy trying to clean up the town.","cast":"Errol Flynn|Alexis Smith|S.Z. Sakall|Victor Francen|Florence Bates|John Litel|Paul Kelly|Robert Shayne|John Alvin|Monte Blue|Robert Barrat|Pedro de Cordoba|Tom Tyler|Eddie Acuff|Victor Adamson|Fred Aldrich|Walter Bacon|Ray Beltram|Chris Willow Bird|Eumenio Blanco|Oscar Blank|Rudy Bowman|Bob Burns|Nora Bush|Lane Chandler|Wallis Clark|John Compton|Zedra Conde|Tex Cooper|Ben Corbett|Harry Cording|Victor Cox|Jack Curtis|Walter De Palma|Joe Dominguez|Tex Driscoll|Robert Dudley|James Flavin|Francis Ford|Ben Frommer|Elias Gamboa|William Gould|Henry Hall|Poodles Hanneford|Carl Harbaugh|Neal Hart|Al Hill|Howard Hill|Brandon Hurst|Si Jenks|Harvey Karels|Fred Kelsey|Jack Kenny|Arnold Kent|Brad King|Kay Koury|Dolores Lamar|Cliff Lyons|Chris-Pin Martin|Merrill McCormick|Billy McCoy|Don McGuire|Robert Milasch|John Miles|Art Mix|Kansas Moehring|Jack Mower|Richard Neill|Otto Norman Olsen|Anton Northpole|Jack O'Shea|Artie Ortego|Paul Panzer|Joe Ploski|'Snub' Pollard|Eva Puig|Paul Ravel|Cosmo Sardo|Harry Semels|Allen D. Sewall|Lucile Sewall|Dan Seymour|Harry Seymour|Allen E. Smith|Tom Smith|Cap Somers|Ray Spiker|William Steele|Charles Stevens|Jack Stroll|Hal Taliaferro|Cliff Taylor|Theresa Testa|Jack Tornek|Dorothy Vernon|Eddy Waller|Doodles Weaver|Dan White|Blackie Whiteford|Chalky Williams|Norman Willis","keywords":"two gun holster|gun|gun holster|holster|double gun holster","year":1945,"director":"Directors: David Butler, Robert Florey (uncredited) | 1 more credit »","genre":"Adventure|Drama|Romance|Western","rating":6.3,"title":"San Antonio"}