{"summary":"Biography of Frederic Chopin.","cast":"Paul Muni|Merle Oberon|Cornel Wilde|Nina Foch|George Coulouris|Howard Freeman|Stephen Bekassy|Sig Arno|Dawn Bender|David Bond|Walter Bonn|Eugene Borden|William Challee|Paul Conrad|Gino Corrado|Peter Cusanelli|Norma Drury|Claire Du Brey|Earl Easton|Fern Emmett|Franklyn Farnum|Gregory Gaye|John George|Fay Helm|Stuart Holmes|Zoia Karabanova|Charles La Torre|Al Luttringer|George Macready|Darren McGavin|Sybil Merritt|William H. O'Brien|Frank O'Connor|Alfred Paix|Frank Puglia|William Richardson|Roxy Roth|Cosmo Sardo|Henry Sharp|Maurice Tauzin|Victor Travis|Ivan Triesault|Ellinor Vanderveer|Dorothy Vernon|Michael Visaroff|Lucy Von Boden|Charles Wagenheim|Eric Wilton|Ian Wolfe","keywords":"george sand|franz liszt|female sexual predator|female jealousy|male female relationship","year":1945,"director":"Director: Charles Vidor","genre":"Biography|Drama|Music","rating":6.7,"title":"Canción inolvidable"}