{"summary":"A free-spirited parlor maid and a Czech refugee surprise an English village with their unconventional ways.","cast":"Charles Boyer|Jennifer Jones|Peter Lawford|Helen Walker|Reginald Gardiner|Reginald Owen|C. Aubrey Smith|Richard Haydn|Margaret Bannerman|Sara Allgood|Ernest Cossart|Florence Bates|Una O'Connor|Norman Ainsley|Billy Bevan|Whit Bissell|Bette Rae Brown|Charles Coleman|Harold De Becker|Michael Dyne|Rex Evans|Betty Fairfax|Billy Gray|Edna Holland|Robert Homans|George Kirby|Queenie Leonard|Mira McKinney|Clive Morgan|Philip Morris|Ottola Nesmith|Jean Prescott|Constance Purdy|Christopher Severn|Buster Slaven|Eric Wilton|Al Winters","keywords":"character name as title|pre world war two|world war two|post world war two|fugitive from the nazis","year":1946,"director":"Director: Ernst Lubitsch","genre":"Comedy|Romance|War","rating":7.5,"title":"El pecado de Cluny Brown"}