{"summary":"After marrying her long lost love, a musician finds the relationship threatened by a wealthy composer who is besotted with her.","cast":"Bette Davis|Paul Henreid|Claude Rains|John Abbott|Benson Fong|John Alban|Russell Arms|Lois Austin|Patricia Barry|Brandon Beach|Lulu Mae Bohrman|Paul Bradley|James Carlisle|Gertrude Carr|James Conaty|Marcelle Corday|Gino Corrado|Suzi Crandall|Frank Dae|Jean De Briac|Cyril Delevanti|Harry Denny|Bernard DeRoux|Earle S. Dewey|Norma Drury|Richard Erdman|Franklyn Farnum|Tom Ferrandini|Bess Flowers|Ross Ford|Kay Garrett|Jane Harker|Henry Hebert|Leza Holland|Kenneth Hunter|Boyd Irwin|Colin Kenny|Mike Lally|Albert Law|Perk Lazelle|James B. Leong|Max Linder|Theodore Lorch|Philo McCullough|Charles Meakin|Louis Mercier|Harold Miller|Ray Montgomery|Richard Neill|Einar Neilsen|Albert Petit|Foster H. Phinney|Alexander Pollard|Ramon Ros|William Roy|Jeffrey Sayre|Scott Seaton|Ellinor Vanderveer|Richard Walsh|Richard Wang|Florence Wix|Jean Wong|Clifton Young","keywords":"cellist|diary|fall down stairs|fog|reference to franz joseph haydn","year":1946,"director":"Director: Irving Rapper","genre":"Crime|Drama|Film-Noir|Music|Romance|Thriller","rating":7.1,"title":"Engaño"}