{"summary":"A simple Connecticut farm girl is recruited by a distant relative, an aristocratic patroon, to be governess to his young daughter in his Hudson Valley mansion.","cast":"Gene Tierney|Walter Huston|Vincent Price|Glenn Langan|Anne Revere|Spring Byington|Connie Marshall|Harry Morgan|Vivienne Osborne|Jessica Tandy|Trudy Marshall|Gertrude Astor|Arthur Aylesworth|Shelby Bacon|Robert Baldwin|Walter Baldwin|Trevor Bardette|Bill Carter|Ruth Cherrington|John Chollot|Clancy Cooper|Jamie Dana|Edwin Davis|Wally Dean|Scott Elliott|Nestor Eristoff|Tom Fadden|Betty Fairfax|George Ford|Ruth Ford|Michael Garrison|Henry Hebert|Robert 'Buzz' Henry|Keith Hitchcock|Harry Humphrey|Boyd Irwin|Ted Jordan|Virginia Lee|Pierce Lyden|Robert Malcolm|Thomas Martin|Walter Marx|Jane Nigh|Steve Olsen|Francis Pierlot|Addison Richards|Mickey Roth|Alexander Sascha|Reinhold Schünzel|Larry Steers|Grady Sutton|Art Thompson|David Vallard|Nanette Vallon|Maya Van Horn|Charles Waldron|Elizabeth Williams|Al Winters|Douglas Wood","keywords":"melodrama|land rights|1840s|mansion|hudson valley","year":1946,"director":"Director: Joseph L. Mankiewicz","genre":"Drama|Thriller|Mystery|Romance","rating":7.0,"title":"El castillo de Dragonwyck"}