{"summary":"After the nurse who declares that a recent surgical death was a murder dies also, an enigmatic Scotland Yard inspector arrives to investigate.","cast":"Leo Genn|Henry Edwards|Trevor Howard|Ronald Adam|Judy Campbell|Wendy Thompson|Rosamund John|Sally Gray|Megs Jenkins|John Rae|Moore Marriott|Frank Ling|Alastair Sim|George Woodbridge|Hattie Jacques|Elizabeth Sydney|Ronald Ward","keywords":"nurse|postman|hospital|murder|suspect","year":1946,"director":"Director: Sidney Gilliat","genre":"Crime|Mystery|Thriller","rating":7.5,"title":"Verde es el peligro"}