{"summary":"An angel is sent from Heaven to help a desperately frustrated businessman by showing him what life would have been like if he had never existed.","cast":"James Stewart|Donna Reed|Lionel Barrymore|Thomas Mitchell|Henry Travers|Beulah Bondi|Frank Faylen|Ward Bond|Gloria Grahame|H.B. Warner|Frank Albertson|Todd Karns|Samuel S. Hinds|Mary Treen|Virginia Patton|Charles Williams|Sarah Edwards|William Edmunds|Lillian Randolph|Argentina Brunetti|Robert J. Anderson|Ronnie Ralph|Jean Gale|Jeanine Ann Roose|Danny Mummert|Georgie Nokes|Sheldon Leonard|Frank Hagney|Ray Walker|Charles Lane|Edward Keane|Carol Coombs|Karolyn Grimes|Larry Simms|Jimmy Hawkins|Jean Acker|Ernie Adams|Monya Andre|Stanley Andrews|Sam Ash|Jack Bailey|Louise Bates|Mary Bayless|Beth Belden|Brooks Benedict|Joseph E. Bernard|Al Bridge|Buz Buckley|Marian Carr|Adriana Caselotti|Lane Chandler|Michael Chapin|Tom Chatterton|Jack Cheatham|Harry Cheshire|Edward Clark|Tom Coleman|Ellen Corby|Jimmy the Crow|Bryn Davis|Lew Davis|Harry Denny|Helen Dickson|Dick Elliott|Tom Fadden|Frank Fenton|Eddie Fetherston|Sam Flint|Lee Frederick|Dick Gordon|Jack Gordon|Herschel Graham|Joseph Granby|Charles Halton|Carl Eric Hansen|Herbert Heywood|Harry Holman|Art Howard|Bert Howard|Arthur Stuart Hull|John Indrisano|Eddie Kane|Carl Kent|Milton Kibbee|Effie Laird|Mike Lally|Harold Landon|Meade 'Lux' Lewis|Jack Lomas|J. Farrell MacDonald|Irene Mack|Wilbur Mack|Charles Meakin|Priscilla Montgomery|Bert Moorhouse|Evelyn Moriarty|Philip Morris|George Noisom|Bob O'Connor|Frank O'Connor|Lynn O'Leary-Jameson|Moroni Olsen|Garry Owen|Netta Packer|Franklin Parker|Suzanne Ridgway|Mark Roberts|Constantine Romanoff|Cy Schindell|Almira Sessions|Cedric Stevens|Brick Sullivan|Charles Sullivan|Carl 'Alfalfa' Switzer|Max Wagner|Larry Wheat|Charles C. Wilson","keywords":"guardian angel|christmas|small town life|alternate history|second chance","year":1946,"director":"Director: Frank Capra","genre":"Drama|Family|Fantasy","rating":8.6,"title":"¡Qué bello es vivir!"}