{"summary":"Dolly Payne Madison is the daughter of boardinghouse owners in Washington, DC who falls in love with Aaron Burr and James Madison.","cast":"Ginger Rogers|David Niven|Burgess Meredith|Peggy Wood|Stephen McNally|Robert Barrat|Grandon Rhodes|Frances E. Williams|Henri Letondal|Joseph Forte|Erville Alderson|Sam Ash|Lois Austin|George Barrows|Larry J. Blake|Stanley Blystone|Lulu Mae Bohrman|Bill Borzage|Harlan Briggs|Vera Burnett|Mary Bye|George M. Carleton|Bill Chaney|Beulah Christian|Tom Coleman|Joseph Crehan|Oliver Cross|Grace Cunard|Jack Curtis|Harry Denny|Dick Dickinson|Watson Downs|Tay Dunn|Mary Emery|Frank Erickson|Sam Flint|Byron Foulger|Jack Gargan|Parker Garvie|Jack George|Jesse Graves|Carey Hamilton|John Hamilton|Al Hill|John Hines|Brandon Hurst|Olaf Hytten|Jack Ingram|Boyd Irwin|Jerry Jerome|Joe King|Ethan Laidlaw|Perc Launders|Ann Lawrence|Ruth Lee|Jack Lorenz|Pierce Lyden|Garnett Marks|Kermit Maynard|Francis McDonald|Betty McDonough|Don McGill|John Michael|Howard M. Mitchell|Sandra Morgan|Vivien Oakland|Lee Phelps|Stanley Price|Keith Richards|Jack Richardson|John Sheehan|Lee Slater|Pietro Sosso|Arthur Space|Larry Steers|Ferris Taylor|Harland Tucker|Billy Vernon|Emmett Vogan|Eddy Waller|Pierre Watkin|Victor Zimmerman","keywords":"the white house|james madison|washington d.c.|first lady|thomas jefferson","year":1946,"director":"Director: Frank Borzage","genre":"Drama|History","rating":6.0,"title":"La primera dama"}