{"summary":"The action takes place in occupied Czechoslovak Republic after assassination of Schutzstaffel (SS)-Obergruppenführer and General der Polizei Reinhard Heydrich, acting Reichsprotektor of the... See full synopsis »","cast":"Gustav Nezval|Ladislav H. Struna|Jaroslav Zrotal|Vladimír Hlavatý|Jan W. Speerger|Jaroslav Seník|Ladislav Hajek|Dr. Peyer|Jirina Petrovická|Eduard Linkers|Paula Valenska|Marie Nademlejnská|Alois Dvorský|Ferdinand Jarkovský|Frantisek Marek|Jirí Hurta|George Pravda|Darja Hajská|Frantisek Miska|Vladimír Neuzil|Eduard Dubský|Vjaceslav Irmanov|Radovan Lukavský|Václav Neuzil|Milos Vavruska|Marie Vásová","keywords":"czech resistance fighter|reinhard heydrich assassination|female resistance fighter|orphan boy|boy","year":1946,"director":"Director: Frantisek Cáp","genre":"Drama|War","rating":7.0,"title":"Muzi bez krídel"}