{"summary":"The language barrier has tragic consequences in a series of unrelated stories set during the Italian Campaign of WWII.","cast":"Carmela Sazio|Robert Van Loon|Benjamin Emanuel|Raymond Campbell|Harold Wagner|Albert Heinze|Merlin Berth|Mats Carlson|Leonard Parrish|Dots Johnson|Alfonsino Pasca|Maria Michi|Gar Moore|Harriet Medin|Renzo Avanzo|William Tubbs|Dale Edmonds|John Whaling Allen|Dan|Roberto Van Loel|Cigolani|Giulio Panicali|Iride Belli|Lorena Berg|Pippo Bonazzi|Gianfranco Corsini|Fattori|Elmer Feldman|Gigi Gori|Newell Jones|Anthony La Penna|Giulietta Masina|Carlo Pisacane","keywords":"partisan|italian neorealism|italy|world war two|neorealism","year":1946,"director":"Director: Roberto Rossellini","genre":"Drama|War","rating":7.7,"title":"Paisà"}