{"summary":"Anna Neagle is a World War II W.R.E.N., the counterpart of the American W.A.V.E., who encounters Michael Wilding in a blacked-out Piccadilly during an air raid. They get married and have a ... See full summary »","cast":"Anna Neagle|Michael Wilding|Frances Mercer|Coral Browne|A.E. Matthews|Edward Rigby|Brenda Bruce|Leslie Dwyer|Maire O'Neill|Michael Laurence|Reginald Owen|Madge Brindley|Edward Lexy|Harry Locke|Neville Mapp|Duncan McIntyre|Michael Medwin|Roger Moore|Robert Brooks Turner|Fred Wood","keywords":"world war two|presumed dead|based on novel","year":1946,"director":"Director: Herbert Wilcox","genre":"Drama|War","rating":6.6,"title":"Incidente en Piccadilly"}