{"summary":"Born in a French prison in 1775, François Eugène Vidocq becomes a professional thief and is later appointed chief of Parisian police.","cast":"George Sanders|Signe Hasso|Carole Landis|Akim Tamiroff|Gene Lockhart|Alma Kruger|Alan Napier|Jo Ann Marlowe|Vladimir Sokoloff|Pedro de Cordoba|Leona Maricle|Fritz Leiber|Skelton Knaggs|Fred Nurney|Gisela Werbisek|Marvin Davis|Barbara Bates|George Bruggeman|Cindy Garner|Sam Harris|Mary Icide|Daun Kennedy|Richard Neill|Jessie Proctor|Julius Tannen","keywords":"eugene francois vidocq|male female relationship|husband wife relationship|cousin cousin relationship|shop owner","year":1946,"director":"Director: Douglas Sirk","genre":"Adventure|Crime|Romance|Comedy","rating":6.7,"title":"Escándalo en París"}