{"summary":"The true story of a prosecutor's fight to prove the innocence of a man accused of a notorious murder.","cast":"Dana Andrews|Jane Wyatt|Lee J. Cobb|Cara Williams|Arthur Kennedy|Sam Levene|Taylor Holmes|Robert Keith|Ed Begley|E.J. Ballantine|Rollin Bauer|Royal Beal|Wyrley Birch|Robin Bryant|Helen Carew|John Carmody|William Challee|Clay Clement|Mickey Cochran|Philip Coolidge|Dimples Cooper|Harry Davis|Pat Dillon|James Dobson|Ned Dowdall|Bert Freed|Richard Garrick|Walter Greaza|Reed Hadley|John F. Hamilton|Helene Hatch|Bern Hoffman|Harry Kadison|Joe Kazan|Brian Keith|Barry Kelley|Ben Lackland|Harry Landers|Lewis Leverett|Lester Lonergan|Alan MacAteer|Karl Malden|Jack McCauley|Ida McGuire|Arthur Miller|Anna Minot|Paulene Myers|Coby Neal|Frank Overton|Lawrence K. Paquin|George Petrie|Tom Pryor|Herbert Ratner|Leona Roberts|Sam Rosen|Anthony Ross|Dudley Sadler|Lucia Backus Seger|John Stearns|Edgar Stehli|Helen Stevens|Fred Stewart|Guy Thomajan|Solvei Wiberg","keywords":"courtroom drama|based on true story|blackmail|gay stereotype|gay self loathing","year":1947,"director":"Director: Elia Kazan","genre":"Crime|Drama|Film-Noir|Romance","rating":7.2,"title":"El justiciero"}