{"summary":"Judge Cass Timberlane marries a girl from the wrong side of the tracks, Virginia Marshland. A baby is stillborn and she turns more and more to attorney friend of of Cass', Bradd Criley. ... See full summary »","cast":"Spencer Tracy|Lana Turner|Zachary Scott|Tom Drake|Mary Astor|Albert Dekker|Margaret Lindsay|Rose Hobart|John Litel|Mona Barrie|Josephine Hutchinson|Selena Royle|Frank Wilcox|Richard Gaines|John Alexander|Cameron Mitchell|Howard Freeman|Jessica Grayson|Griff Barnett|Pat Clark|John Alban|John Albright|Jean Andren|Charlene Arnold|Don Avalier|Guy Beach|Sara Berner|Margaret Bert|Edward Biby|Frank Bingman|Betty Blythe|Regina Bookasta|Eddie Borden|Buz Buckley|George Calliga|Ken Christy|Willis Clare|Cliff Clark|Bill Conselman|Harry Denny|Mike Donovan|Lester Dorr|Mimi Doyle|Eddie Dunn|Harry Evans|Herbert Evans|Franklyn Farnum|Frank Ferguson|Sam Flint|Bess Flowers|George Ford|Arno Frey|Roy Gordon|Greta Granstedt|Jane Howard|Selmer Jackson|Bobby Johnson|Kenner G. Kemp|Mitchell Kowall|Ruth Lee|Carl M. Leviness|King Lockwood|Joseph Marievsky|William Marion|Charles Marsh|Mickey Martin|Mary McLeod|Harold Miller|Howard M. Mitchell|Bill Neff|Monty O'Grady|Ed Oliver|Manuel París|Walter Pidgeon|Hilda Plowright|Albert Pollet|Jack Rice|Gordon Richards|Robert Riordan|Tim Ryan|Almira Sessions|Count Stefenelli|Norman Stevans|Milburn Stone|William Tannen|William Trenk|Dee Turnell|Nanette Vallon|Emmett Vogan|Johnny Walsh|Winnona Walthal|Robert B. Williams|Eric Wilton","keywords":"character name as title|two word title|curt|courtroom|man wears eyeglasses","year":1947,"director":"Director: George Sidney","genre":"Drama|Romance","rating":6.4,"title":"Dos edades del amor"}