{"summary":"A commercial artist having an affair with a married attorney becomes involved with a returning soldier and must choose between the two.","cast":"Joan Crawford|Dana Andrews|Henry Fonda|Ruth Warrick|Martha Stewart|Peggy Ann Garner|Connie Marshall|Nicholas Joy|Art Baker|Jimmy Ames|Monya Andre|Don Avalier|Griff Barnett|John Butler|Les Clark|Roger Cole|John Davidson|Jay Eaton|Franklyn Farnum|John Garfield|Victoria Horne|Mauritz Hugo|Robert Karnes|Norman Leavitt|Leonard Lyons|Mae Marsh|Marion Marshall|Charles Meredith|Robert Neury|William H. O'Brien|Roy Roberts|Damon Runyon|Jeffrey Sayre|Ann Staunton|George E. Stone|Tito Vuolo|Walter Winchell","keywords":"train|taxi|booth|phone booth|train station","year":1947,"director":"Director: Otto Preminger","genre":"Drama|Romance","rating":6.7,"title":"Entre el amor y el pecado"}