{"summary":"A soldier runs away rather than receive the Medal of Honor, so his buddy gets permission to investigate, and love and death soon follow.","cast":"Humphrey Bogart|Lizabeth Scott|Morris Carnovsky|Charles Cane|William Prince|Marvin Miller|Wallace Ford|James Bell|George Chandler|William Forrest|Ruby Dandridge|Matthew 'Stymie' Beard|John Bohn|Paul Bradley|Sayre Dearing|Harry Denny|Dudley Dickerson|Tom Dillon|George Eldredge|Matty Fain|Franklyn Farnum|Tom Ferrandini|Sam Finn|Bess Flowers|Raoul Freeman|Kay Garrett|Kenneth Gibson|Joe Gilbert|Alyce Goering|Dick Gordon|Wilton Graff|Herschel Graham|Jesse Graves|Chuck Hamilton|Alvin Hammer|Maynard Holmes|Hugh Hooker|Charles Jordan|W.E. Lawrence|Harold Miller|Sol Murgi|Monty O'Grady|Garry Owen|Foster H. Phinney|Mark Roberts|Robert Ryan|Jack Santoro|Syd Saylor|Ray Teal|Lillian Wells|Frank Wilcox|Isabel Withers","keywords":"world war two veteran|maid|knocked out|paratrooper|parachute","year":1947,"director":"Director: John Cromwell","genre":"Crime|Drama|Film-Noir|Mystery|Thriller","rating":7.1,"title":"Callejón sin salida"}