{"summary":"Anti-Catholic and anti-cleric policies in the Mexican state of Tabasco lead the revolutionary government to persecute the state's last remaining priest.","cast":"Henry Fonda|Dolores del Rio|Pedro Armendáriz|J. Carrol Naish|Leo Carrillo|Ward Bond|Robert Armstrong|John Qualen|Fortunio Bonanova|Chris-Pin Martin|Miguel Inclán|Fernando Fernández|Rodolfo Acosta|Mel Ferrer|Jack Pennick|José Torvay","keywords":"priest|marxist|socialist|catholic church|catholicism","year":1947,"director":"Directors: John Ford, Emilio Fernández (uncredited)","genre":"Drama|History","rating":6.3,"title":"El fugitivo"}