{"summary":"Jiminy Cricket hosts two Disney animated shorts: \"Bongo,\" about a circus bear escaping to the wild, and \"Mickey and the Beanstalk,\" a take on the famous fairy tale.","cast":"Edgar Bergen|Dinah Shore|Luana Patten|Anita Gordon|Cliff Edwards|Billy Gilbert|Clarence Nash|The King's Men|The Dinning Sisters|The Starlighters|Pinto Colvig|Walt Disney|James MacDonald","keywords":"disney|circus|bear|face slap|night","year":1947,"director":"Directors: Jack Kinney (uncredited), Hamilton Luske (uncredited) | 2 more credits »","genre":"Animation|Adventure|Comedy|Family|Fantasy|Musical|Romance","rating":6.6,"title":"Las aventuras de Bongo, Mickey y las judías mágicas"}