{"summary":"A young German boy faces the problems of the tough life in the immediate post WWII Berlin.","cast":"Edmund Moeschke|Ernst Pittschau|Ingetraud Hinze|Franz-Otto Krüger|Erich Gühne|Heidi Blänkner|Jo Herbst|Barbara Hintz|Adolf Hitler|Karl Krüger|Alexandra Manys|Christl Merker|Gaby Raak|Inge Rocklitz|Hans Sangen|Babsi Schultz-Reckewell|Franz von Treuberg","keywords":"post world war two germany|rubble|boy|food rationing|post war germany","year":1948,"director":"Director: Roberto Rossellini","genre":"Drama|War","rating":7.9,"title":"Germania, anno zero (Alemania, año cero)"}