{"summary":"When Union spies steal an engineer's beloved locomotive, he pursues it single-handedly and straight through enemy lines.","cast":"Marion Mack|Glen Cavender|Jim Farley|Frederick Vroom|Charles Henry Smith|Frank Barnes|Joe Keaton|Mike Donlin|Tom Nawn|Buster Keaton|Henry Baird|Joe Bricher|Jimmy Bryant|Sergeant Bukowski|C.C. Cruson|Jack Dempster|Keith Fennell|Budd Fine|Eddie Foster|Ronald Gilstrap|Frank Hagney|Ray Hanford|Jack Hanlon|Al Hanson|Anthony Harvey|Edward Hearn|Hilliard Karr|Elgin Lessley|Louis Lewyn|Jackie Lowe|Billy Lynn|Ross McCutcheon|Tom Moran|Charles Phillips|Red Rial|Al St. John|Harold Terry|Ray Thomas|Red Thompson|James Walsh|Kenneth Hawley Ward|John Wilson|Jean Woodward","keywords":"train|confederate army|national film registry|army|spy","year":1926,"director":"Directors: Clyde Bruckman, Buster Keaton","genre":"Action|Adventure|Comedy|Drama|War","rating":8.1,"title":"El maquinista de La General"}