{"summary":"Nick Bianco is caught during a botched jewellery heist. The prosecution offer him a more lenient sentence if he squeals on his accomplices but he doesn't roll over on them. Three years into the sentence an event changes his mind.","cast":"Victor Mature|Brian Donlevy|Coleen Gray|Richard Widmark|Taylor Holmes|Howard Smith|Karl Malden|Anthony Ross|Robert Adler|Rollin Bauer|Harry Bellaver|Dennis Bohan|Nina Borget|Susan Cabot|Alexander Campbell|Harry Carter|Dort Clark|Eva Condon|Harry Cooke|Harold Crane|Frank DeKova|James Doody|Mildred Dunnock|Arthur Foran Jr.|David Fresco|Harold Gary|Don Giovanni|Marilee Grassini|James Charles Heard|Eda Heinemann|Lou Herbert|Herbert Holcombe|Arthur Holland|Harry Kadison|Robert Karnes|Ronald King|Arthur Kramer|John Kullers|Harry Landers|Perc Launders|Franklyn Lenthall|Paul Lilly|Pat Malone|Iris Mann|John Marley|Gregg Martell|Charles McClelland|Norman McKay|Richard Midgley|Carl Milletaire|Millard Mitchell|Mary Morrison|Consuela O'Connor|Gloria O'Connor|William O'Leary|Wendell K. Phillips|Yvonne Rob|Stephen Roberts|Mel Ruick|Jack Rutherford|Lee Sanford|Bernard Sell|George Shelton|Irene Shirley|J. Scott Smart|A. George Smith|John Stearns|Richard Taber|Victor Thorley|Lawrence Tiernan|Tito Vuolo|Milton Wallace|Jesse White|Bill Zuckert","keywords":"district attorney|death of wife|prison visit|shot multiple times|parolee","year":1947,"director":"Director: Henry Hathaway","genre":"Crime|Drama|Film-Noir|Thriller","rating":7.4,"title":"El beso de la muerte"}