{"summary":"When a nice old man who claims to be Santa Claus is institutionalized as insane, a young lawyer decides to defend him by arguing in court that he is the real thing.","cast":"Maureen O'Hara|John Payne|Edmund Gwenn|Gene Lockhart|Natalie Wood|Porter Hall|William Frawley|Jerome Cowan|Philip Tonge|Jack Albertson|Harry Antrim|Sam Bagley|Arline Bletcher|Lela Bliss|Walden Boyle|Kevin Burke|Dorothy Christy|Dick Cogan|Jeff Corey|Sheryl Deauville|Mike Donovan|Teddy Driver|Mary Field|William Forrest|Curt Furberg|Jack Gargan|Robert Gist|Jane Green|Alvin Greenman|Alvin Hammer|Theresa Harris|Percy Helton|Herbert Heyes|Clark Howat|Robert Hyatt|Richard Irving|Robert Karnes|Fran Lee|King Lockwood|Marlene Lyden|Robert Lynn|William Marion|Mae Marsh|Ida McGuire|Joseph McInerney|Clyde McLeod|Charles Meakin|Richard Neill|Jean O'Donnell|Anne O'Neal|'Snub' Pollard|Lorin Raker|Bob Reeves|Thelma Ritter|Stephen Roberts|John Roy|Jeffrey Sayre|James Seay|Irene Shirley|Patty Smith|Ray Spiker|Ann Staunton|Brick Sullivan|Anthony Sydes|Guy Thomajan|Arthur Tovey|Basil Walker","keywords":"christmas movie|santa claus|christmas|delusion|girl","year":1947,"director":"Director: George Seaton","genre":"Comedy|Drama|Family","rating":7.9,"title":"De ilusión también se vive"}