{"summary":"St. Vincent de Paul struggles to bring about peace and harmony among the peasant and the nobles in the midst of the Black Death in Europe, carrying on his charitable work in the face of all obstacles.","cast":"Pierre Fresnay|Aimé Clariond|Jean Debucourt|Lise Delamare|Germaine Dermoz|Gabrielle Dorziat|Pierre Dux|Yvonne Gaudeau|Michel Bouquet|Jean Carmet|Gabrielle Fontan|Robert Murzeau|Marcel Pérès|Marcel Vallée|Francette Vernillat|Georges Vitray|Georges Cerf|Yvonne Claudie|Paul Demange|André Dumas|Luce Fabiole|Paul Faivre|Guy Favières|Jean Favre-Bertin|Jean Gabert|Ginette Gaubert|Gabriel Gobin|Charles Gérard|Jeanne Hardeyn|Harry-Max|Joëlle Janin|Robert Le Béal|Maurice Marceau|Michèle Marly|Maximilienne|Marthe Mellot|Geneviève Morel|Claude Nicot|Véra Norman|Alice Reichen|Paul Renoir|Nicole Riche|Max Rogerys|Jean Rougerie|René Stern|Tony Taffin|Jean-Marc Tennberg|Renée Thorel|Victor Vina","keywords":"character name as title|two word title|period drama|peasant|death","year":1947,"director":"Director: Maurice Cloche","genre":"Biography|Drama|History","rating":7.0,"title":"Monsieur Vincent"}