{"summary":"Two US Treasury agents hunt a successful counterfeiting ring.","cast":"Dennis O'Keefe|Mary Meade|Alfred Ryder|Wallace Ford|June Lockhart|Charles McGraw|Jane Randolph|Art Smith|Herbert Heyes|Jack Overman|John Wengraf|Jim Bannon|William Malten|John Ardell|Vivian Austin|Louis Bacigalupi|Trevor Bardette|Salvadore Barroga|Keefe Brasselle|Al Bridge|Ralph Brooks|George M. Carleton|Curt Conway|Russ Conway|Victor Cutler|Irmgard Dawson|Frank Ferguson|Paul Fierro|George Ford|Sandra Gould|Reed Hadley|Paul Hogan|Frank Hyers|Elmer Lincoln Irey|Jerry Jerome|Mildred Kornman|Anton Kosta|Lyle Latell|George M. Manning|Cuca Martínez|Tom McGuire|Mira McKinney|John Newland|John Parrish|James Seay|Bernard Sell|Leslie Sketchley|Tito Vuolo|Cecil Weston|Robert B. Williams|William Yip","keywords":"counterfeiting|treasury agent|steam room|bare chested male|hairy chest","year":1947,"director":"Director: Anthony Mann","genre":"Crime|Film-Noir|Thriller","rating":7.0,"title":"La brigada suicida"}