{"summary":"An attorney acting as a body guard, apparently kills a man in defense of his employer's life, and later believes the victim was set up to be murdered.","cast":"Ella Raines|Edmond O'Brien|William Bendix|Vincent Price|Maria Palmer|John Abbott|Fritz Leiber|Howland Chamberlain|Tito Vuolo|Wilton Graff|Robin Raymond|Bob Allen|Patricia Alphin|Russ Conway|Gino Corrado|Alex Frazer|Jack Gargan|William Haade|Dick Johnstone|Joe Kirk|Ethan Laidlaw|Jack G. Lee|Ralph Montgomery|Lee Phelps|Lorin Raker|Lee Shumway|Ted Stanhope|Pierre Watkin","keywords":"psychotronic film|attorney|embezzlement|secretary|lawyer","year":1947,"director":"Director: Michael Gordon","genre":"Crime|Drama|Film-Noir|Thriller","rating":7.1,"title":"La araña"}