{"summary":"The abandoned home of a wealthy man who supposedly committed suicide five years earlier is taken over by ghoulish figures - could they be vampires?","cast":"Lon Chaney|Marceline Day|Henry B. Walthall|Percy Williams|Conrad Nagel|Polly Moran|Edna Tichenor|Claude King|Andy MacLennan|Allan Cavan|Jules Cowles","keywords":"partially lost film|reconstructed film|london england|inspector|night","year":1927,"director":"Director: Tod Browning","genre":"Horror","rating":6.8,"title":"La casa del horror"}