{"summary":"Slip invites his cousin Jimmy to stay with his family after he is released from prison. However, Jimmy soon gets mixed up with an auto-theft ring. While trying to help Jimmy get out of the ... See full summary »","cast":"Leo Gorcey|Huntz Hall|Gabriel Dell|William 'Billy' Benedict|David Gorcey|Frankie Darro|Nestor Paiva|Rosemary La Planche|Geneva Gray|Benny Bartlett|John Eldredge|Nelson Leigh|Thomas Menzies|Mary Gordon|Dick Paxton|Buddy Gorman|Robert Emmett Keane|John Elliott|William Ruhl|Dewey Robinson|Chet Brandenburg|Nora Bush|Martin Cichy|Tom Coleman|Wade Crosby|Mike Donovan|George Eldredge|Joe Garcio|Meyer Grace|Chuck Hamilton|Wilbur Mack|Edward Peil Sr.|Charles Sherlock","keywords":"car thief|warehouse|police officer|policeman|stock footage","year":1948,"director":"Director: William Beaudine","genre":"Comedy|Crime|Drama","rating":6.2,"title":"Angels' Alley"}