{"summary":"Illegal refugees lead dark lives in pre-World War II Paris.","cast":"Ingrid Bergman|Charles Boyer|Charles Laughton|Louis Calhern|Ruth Warrick|Roman Bohnen|J. Edward Bromberg|Ruth Nelson|Stephen Bekassy|Curt Bois|Art Smith|Michael Romanoff|Richard Alexander|Jean Andrew|Sylvia Andrew|Frank Arnold|Jessie Arnold|George Balooi|Griff Barnett|Richard Bartell|Claude Bayard|Brooks Benedict|Carmen Beretta|Oliver Blake|Helen Boyce|Hazel Brooks|Feodor Chaliapin Jr.|Neville Chamberlain|Boris Chmara|Gordon B. Clarke|William Conrad|Gino Corrado|Franco Corsaro|Robert Culler|Peter Cusanelli|Guy D'Ennery|George Davis|Walter DeCardo|Vladimir Dubinsky|Al Eben|Fernanda Eliscu|Katherine Emery|Joe Espitallier|Adolph Faylauer|Bess Flowers|Byron Foulger|Jay Gilpin|Alvin Hammer|Carl Hanson|Sam Harris|Beba Holzer|Willy Kaufman|Ilia Khmara|John Laurenz|Joe LeBlanc|Carl M. Leviness|Hans Carl Ludwig|George Magrill|Joseph Marievsky|Paul Marion|Patricia Marlowe|Andre Marsaudon|Alex Melesh|Anthony Natale|Bob O'Connor|Marie Osborne|Manuel París|Paule Pascal|Nino Pipitone|Joe Ploski|Marie Rabasse|Emil Rameau|Vladimir Rashevsky|Suzanne Ridgway|Walter Rode|George Root|Gene Roth|William Roy|Irene Ryan|Fred Santley|Leonardo Scavino|Peter Seal|Muni Seroff|Gwynne Shipman|Sundar Singh|Kalu K. Sonkur|Bob Stebbins|Larry Steers|Helga Storme|Hal Stout|Tony Taurent|Joyce Tucker|Harry J. Vejar|Jacques Villon|Peter Virgo|Fay Wall|Joe Warfield|Kay Williams|Barbara Wooddell|Lilo Yarson|William Yetter Sr.","keywords":"refugee|murder|deportation|arc de triomphe paris|foreign language adaptation","year":1948,"director":"Director: Lewis Milestone","genre":"Drama|Romance|War","rating":6.4,"title":"Arco de triunfo"}