{"summary":"A butler working in a foreign embassy in London falls under suspicion when his wife accidentally falls to her death, the only witness being an impressionable young boy.","cast":"Ralph Richardson|Michèle Morgan|Sonia Dresdel|Bobby Henrey|Denis O'Dea|Jack Hawkins|Walter Fitzgerald|Dandy Nichols|Joan Young|Karel Stepanek|Gerard Heinz|Torin Thatcher|James Hayter|Geoffrey Keen|Bernard Lee|John Ruddock|Hay Petrie|Dora Bryan|George Woodbridge|Robert Cawdron|Ethel Coleridge|Nora Gordon|Ralph Norman|James Swan","keywords":"london england|boy|witness|fire escape|british noir","year":1948,"director":"Director: Carol Reed","genre":"Drama|Mystery|Thriller","rating":7.7,"title":"El ídolo caído"}