{"summary":"A suicidal factory girl out of reformatory school, anxious to escape her overbearing mother, falls in love with a sailor who can't forgive her past.","cast":"Nine-Christine Jönsson|Bengt Eklund|Mimi Nelson|Berta Hall|Birgitta Valberg|Sif Ruud|Britta Billsten|Harry Ahlin|Nils Hallberg|Sven-Eric Gamble|Yngve Nordwall|Nils Dahlgren|Hans Strååt|Erik Hell|Edvard Danielsson|Carl Deurell|Kolbjörn Knudsen|Gunnar Nielsen|Georg Skarstedt|Siv Thulin|Rune Andréasson|John W. Björling|Bengt Blomgren|Kate Elffors|Stig Ossian Ericson|Sture Ericson|Herman Greid|Erna Groth|Else-Merete Heiberg|Estrid Hesse|Bill Houston|Helge Karlsson|Torsten Lilliecrona|Britta Nordin|Stig Olin|Vanja Rodefeldt|Hanny Schedin|Hans Sundberg|Inga-Lill Åhström","keywords":"eastern europe|reformatory|factory|girl|sailor","year":1948,"director":"Director: Ingmar Bergman","genre":"Drama","rating":6.6,"title":"Ciudad portuaria"}