{"summary":"A wealthy man hires a detective to investigate his wife's past. The detective (Franchot Tone) discovers that the wife had been a dancer and left her home town with an actor. The latter is ... See full summary »","cast":"Franchot Tone|Janet Blair|Janis Carter|Adele Jergens|Glenda Farrell|Steven Geray|Tom Powers|Lynn Merrick|John Ireland|Donald Curtis|Eduardo Ciannelli|Robert Barrat|Raymond Burr|George Bell|Paul E. Burns|Claire Carleton|Lane Chandler|Douglas D. Coppin|Louise Franklin|Karen X. Gaylord|John Hart|Mary Adams Hayes|Nan Holliday|Eddie Marr|Martha Montgomery|Roseanne Murray|Vesey O'Davoren|Garry Owen|Gene Roth|Arthur Space|William Stubbs|Sid Tomack|Harry Tyler|Isabel Withers","keywords":"damsel in distress|held at gunpoint|deception|crooked politician|death of wife","year":1948,"director":"Director: S. Sylvan Simon","genre":"Crime|Film-Noir|Mystery","rating":6.9,"title":"I Love Trouble"}