{"summary":"A magazine's staff, including bickering ex-lovers Linda and Carey, cover an Indiana wedding, which goes slightly wrong...","cast":"Bette Davis|Robert Montgomery|Fay Bainter|Betty Lynn|Tom Tully|Barbara Bates|Jerome Cowan|Mary Wickes|James Burke|Raymond Roe|Marjorie Bennett|Ray Montgomery|George O'Hanlon|Jessie Adams|Raymond Bond|Harriett Brest|Alfredo Dalmano|Russell De Vorkin|Sandra Gould|Creighton Hale|Jimmie Horan|Esther Howard|Alice Kelley|Anne Kimbell|Perk Lazelle|Jack Mower|Patricia Northrop|Debbie Reynolds|Amzie Strickland|Mary Stuart|John Vosper|Lottie Williams|Barbara Wittlinger","keywords":"screwball comedy|mass confusion|magazine|indiana|wedding","year":1948,"director":"Director: Bretaigne Windust","genre":"Comedy","rating":7.0,"title":"La novia de junio"}