{"summary":"A pianist about to flee from a duel receives a letter from a woman he cannot remember, who may hold the key to his downfall.","cast":"Joan Fontaine|Louis Jourdan|Mady Christians|Marcel Journet|Art Smith|Carol Yorke|Howard Freeman|John Good|Leo B. Pessin|Erskine Sanford|Otto Waldis|Sonja Bryden|Patricia Alphin|Harry Anderson|Edit Angold|Joe Ardao|Lois Austin|Polly Bailey|John T. Bambury|George Blagoi|Betty Blythe|Walter Bonn|Sven Hugo Borg|Roy Bross|Robert W. Brown|Paul E. Burns|Douglas Carter|Donald Chaffin|Gordon B. Clarke|Edmund Cobb|Tom Costello|Ashley Cowan|Helen Dickson|Watson Downs|Tay Dunn|Al Eben|John Elliott|Charles Fogel|Edwin Fowler|Curt Furberg|Lorraine Gale|Joe Garcio|Jack Gargan|Jack George|Lisa Golm|Roy Gordon|William Gould|Ilka Grüning|William Hall|Ramsay Hill|Edna Holland|Mauritz Hugo|Doretta Johnson|Joseph Kamaryt|Elizabeth Kerr|Rex Lease|William A. Lee|Arthur Lovejoy|Celia Lovsky|Michael Mark|John C. McCallum|Betty McDonough|Frank McLure|Hal Melone|Torben Meyer|Howard M. Mitchell|Kay Morley|Leo Mostovoy|Fred Nurney|William H. O'Brien|Blanche Obronska|Manuel París|Foster H. Phinney|Joe Ploski|Jean Ransome|Peggy Remington|Bruce Riley|Paul Rochin|Countess Elektra Rozanska|Shimen Ruskin|Norbert Schiller|Bill Schroff|Scott Seaton|Irene Seidner|Jamesson Shade|Lester Sharpe|Guy L. Shaw|Walter Soderling|Pietro Sosso|Helen Spring|Lotte Stein|Hermine Sterler|Cy Stevens|Diane Stewart|Vera Stokes|Frieda Stoll|Paul Peter Szemere|William Trenk|Lisl Valetti|Roland Varno|Tyra Vaughn|William Vedder|Erich von Schilling|Max Willenz|Gabrielle Windsor|Herbert Winters|June Wood|Judith Woodbury|Jack Worth|Mary Worth","keywords":"letter|unrequited love|pianist|duel|flashback","year":1948,"director":"Director: Max Ophüls (as Max Opuls)","genre":"Drama|Romance","rating":8.0,"title":"Carta de una desconocida"}