{"summary":"Romantic misunderstandings abound when spouses suspect each other of being unfaithful, and a nightclub singer takes a cruise under a false identity.","cast":"Jack Carson|Janis Paige|Don DeFore|Doris Day|Oscar Levant|S.Z. Sakall|Fortunio Bonanova|Eric Blore|Franklin Pangborn|Leslie Brooks|William Bakewell|John Berkes|Avon Long|Page Cavanaugh|Page Cavanaugh Trio|Sir Lancelot|Samba Kings|John Alvin|Nestor Amaral|John Arnold|Carlos Barbe|Barbara Bates|Brandon Beach|María Belmar|Mary Benoit|George Boyce|Paul Bradley|Chet Brandenburg|Leonard Bremen|Kenneth Britton|Tex Brodus|Norma Brown|Robert Cabal|James Carlisle|Steve Carruthers|Wheaton Chambers|Tristram Coffin|G. Pat Collins|Gino Corrado|Oliver Cross|Frank Dae|Jay Eaton|Joe Evans|Mary Field|Bess Flowers|Charles Fogel|Phyllis Forbes|Gerry Ganzer|Joe Gilbert|Fred Godoy|Dick Gordon|Sandra Gould|Stuart Hall|Sam Harris|John Holland|Stuart Holmes|Emory Johnson|Dick Johnstone|Douglas Kennedy|Kay Koury|Otto Kruger|Louise Lane|Perk Lazelle|Ruth Lewis|King Lockwood|Leota Lorraine|Robert Locke Lorraine|Wilbur Mack|Thomas Martin|Martin Mason|Clyde McLeod|Frank McLure|Harold Miller|Ray Montgomery|George Moro|Sol Murgi|George Nardelli|George N. Neise|Maila Nurmi|Eddie Parks|Rosemary Pettit|Paul Power|Jean Ransome|Frances Rey|Larry Rio|Ramon Ros|Susanne Rosser|Edith Russell|Paul Russell|Frank J. Scannell|Scott Seaton|Cyril Smith|Owen Song|Ted Stanhope|Paul Stathes|Grady Sutton|George Suzanne|Tyra Vaughn|Janet Warren|Martin Wilkins|Victor Zimmerman","keywords":"singer|cruise|wedding|travel agency|ocean liner","year":1948,"director":"Directors: Michael Curtiz, Busby Berkeley","genre":"Comedy|Musical|Romance","rating":7.0,"title":"Romanza en alta mar"}