{"summary":"THIS SUMMARY CONTAINS SPOILERS! Danny is a juvenile delinquent sentenced to Variety Club Ranch in lieu of jail. He charms the headmistress and goads everyone else. The marshal sets out to ... See full summary »","cast":"Audie Murphy|Lloyd Nolan|Jane Wyatt|James Gleason|Stanley Clements|Martha Vickers|Rhys Williams|Selena Royle|Jimmy Lydon|Dickie Moore|Tommy Cook|William F. Leicester|Richard Gorelick|Andy Andrews|Florence Auer|George Beban Jr.|Edward Biby|Marie Blake|Walden Boyle|Paul Bryar|Herman Cantor|Bill Cartledge|Stephen Chase|James Conaty|George Eldredge|Michael Gaddis|Joe Gilbert|James Gonzalez|Harold Goodwin|Marion Gray|Shep Houghton|Milton Kibbee|Jack Lomas|Mike Mahoney|Sol Murgi|John O'Connor|Gerry Pattison|Lee Phelps|Francis Pierlot|Catherine Price|William Ruhl|Walter Sande|Carl Saxe|Robert Strong|Ray Teal|Charles Trowbridge|Bill Walker|Barbara Wooddell","keywords":"juvenile delinquent|marshal|crime spree","year":1949,"director":"Director: Kurt Neumann","genre":"Drama","rating":6.8,"title":"Bad Boy"}