{"summary":"The husband and wife acting team of Mae Feather and Julian Gordon is torn apart when he discovers she is having an affair with the screen comedian Andy Wilks. Mae hatches a plot to kill her... See full summary »","cast":"Annette Benson|Brian Aherne|Donald Calthrop|Wally Patch|David Brooks|Ella Daincourt|Chili Bouchier|Tubby Phillips|Ian Wilson|Judd Green|Jack Rawl|Polly Ward","keywords":"gun|affair|slapstick comedy|shotgun|movie theater","year":1928,"director":"Directors: Anthony Asquith, A.V. Bramble","genre":"Drama|Romance","rating":7.1,"title":"Shooting Stars"}