{"summary":"Pete Wilson is on top. He is the highest paid professional football player in the league. He has seen other players come and go, but he was MVP last year and the future looks rosy. His wife... See full summary »","cast":"Victor Mature|Lucille Ball|Lizabeth Scott|Sonny Tufts|Lloyd Nolan|Paul Stewart|Jack Paar|Jeff Donnell|Art Baker|Gordon Jones|Don Beddoe|Richard Erdman|William 'Bill' Phillips|Charles Lang|Kenny Washington|Julia Dean|Everett Glass|Jim Backus|Robert Ellis|Michael St. Angel|Alex Sharp|Russell Thorson|June Bright|Edward Kotal|Audrey Young|The Los Angeles Rams|John Alban|Leon Alton|Jack Banta|Steve Bogarus|Gilbert J. Bouley|Paul Bradley|Ralph Brooks|Wanda Cantlon|Tom Coleman|Gerard Cowhig|Steve Crandall|Mason Alan Dinehart|Roger Eason|Bill Erwin|Tom Fears|C. Fred Gehrke|Ray George|Robert Graham|Chuck Hamilton|Howard W. Hickey|Elroy 'Crazylegs' Hirsch|Leslie Horvath|Shep Houghton|Franklin Hubbell|Richard W. Huffman|Jackie Jackson|Michael Jeffers|Milan Lazetich|Gene Leslie|Dante Magnani|John T. Martin|Fred Naumetz|William L. Nelson|William J. O'Brien|Don Paul|Albin Robeling|Gene M. Ruszkowski|Dick Ryan|Carl Samuelson|Carl Saxe|Warren Schannon|Bernard Sell|Erin Selwyn|Robert 'Buddy' Shaw|Bill Smyth|Amzie Strickland|Brick Sullivan|John Zilly","keywords":"american football|train|chicago illinois|crutch|unrequited love","year":1949,"director":"Director: Jacques Tourneur","genre":"Drama|Sport","rating":6.4,"title":"Vida fácil"}