{"summary":"An uncompromising, visionary architect struggles to maintain his integrity and individualism despite personal, professional and economic pressures to conform to popular standards.","cast":"Gary Cooper|Patricia Neal|Raymond Massey|Kent Smith|Robert Douglas|Henry Hull|Ray Collins|Moroni Olsen|Jerome Cowan|Ed Agresti|John Alban|Bob Alden|John Alvin|Morris Ankrum|Lois Austin|Griff Barnett|Edward Biby|George Blagoi|Monte Blue|Gail Bonney|Ralph Brooks|Nora Bush|James Carlisle|Steve Carruthers|Glen Cavender|Dick Cherney|Dorothy Christy|Tristram Coffin|Tom Coleman|G. Pat Collins|James Conaty|Bill Dagwell|Sayre Dearing|Ann Doran|Lester Dorr|John Doucette|Jay Eaton|Estelle Etterre|Charles Evans|Franklyn Farnum|Charles Fogel|Kay Garrett|Kenneth Gibson|James Gonzalez|Roy Gordon|Herschel Graham|William Haade|Creighton Hale|Jonathan Hale|Thurston Hall|Sam Harris|Paul Harvey|Henry Hebert|Russell Hicks|George Hoagland|Harlan Hoagland|Bert Howard|Selmer Jackson|Fred Kelsey|Douglas Kennedy|Raymond Largay|Carl M. Leviness|Max Linder|King Lockwood|William Marion|Philo McCullough|Charles Meakin|Harold Miller|Boyd 'Red' Morgan|Jack Mower|Paul Newlan|Paul Panzer|Albert Petit|Lee Phelps|Joe Phillips|Paul Power|Catherine Price|Bob Reeves|Robert Robinson|Bernard Sell|Almira Sessions|George Sherwood|Leslie Sketchley|Paul Stanton|Larry Steers|Ruthelma Stevens|Charles Trowbridge|Tito Vuolo|Geraldine Wall|Harlan Warde|Pierre Watkin|Leo White|Josephine Whittell|Frank Wilcox|Tom Wilson|Isabel Withers|Harry Woods","keywords":"melodrama|individualism|screenplay adapted by author|skyscraper|broken engagement","year":1949,"director":"Director: King Vidor","genre":"Drama|Romance","rating":7.1,"title":"El manantial"}