{"summary":"Gilberte is a sixteen year old girl raised by her aunt and grandmother to be a demimondaine. But she's not ready for that yet, and spends her days in lessons and in teasing Mamita's old ... See full summary »","cast":"Gaby Morlay|Jean Tissier|Yvonne de Bray|Frank Villard|Paul Demange|Madeleine Rousset|Pierre Juvenet|Michel Flamme|Colette Georges|Yolande Laffon|Hélène Pépée|Danièle Delorme|Alexa|Marcel Arnal|Mireille Carral|Geneviève Chambry|René Marjac|Léo Massart|Philippe Noiret|Marcel Rouzé|Louis Siccardi|Muriel Taylor|Georgette Tissier|John Van Dreelen","keywords":"based on novel|character name in title|f rated","year":1949,"director":"Director: Jacqueline Audry","genre":"Comedy|Romance","rating":6.2,"title":"Gigi"}