{"summary":"New York Assistant District Attorney Howard Malloy investigates a series of murders and uncovers an extremist group.","cast":"Franchot Tone|Jean Wallace|Myron McCormick|Marc Lawrence|Winifred Lenihan|Doe Avedon|Hedley Rainnie|Walter Vaughn|George Breen|Robert Gist|Hester Sondergaard|Luella Gear|Alexander Campbell|Robert Noe|Alexander Lockwood|Ken Smith|Alan MacAteer|Manuel Aparicio|Brainerd Duffield|Marlene Dietrich|Henry Fonda|Brenda Frazier|John Garfield|Marsha Hunt|Leonard Lyons|Fletcher Markle|Burgess Meredith|Everett Sloane","keywords":"printing shop|reference to william shakespeare|reference to shakespeare's hamlet|one word title|falling from height","year":1949,"director":"Director: Fletcher Markle","genre":"Crime|Drama|Film-Noir","rating":5.7,"title":"Jigsaw"}