{"summary":"A provincial doctor's wife's romantic illusions about life and social status lead her to betray her naive husband, take on lovers and run up ruinous debts.","cast":"Jennifer Jones|James Mason|Van Heflin|Louis Jourdan|Alf Kjellin|Gene Lockhart|Frank Allenby|Gladys Cooper|John Abbott|Harry Morgan|George Zucco|Ellen Corby|Eduard Franz|Henri Letondal|Esther Somers|Frederic Tozere|Paul Cavanagh|Larry Simms|Dawn Kinney|Vernon Steele|Ed Agresti|John Ardizoni|Florence Auer|Charles Bancroft|Paul Bryar|Jeanine Caruso|David Cavendish|Andre Charisse|Fred Cordova|Gino Corrado|George Davis|Charles De Ravenne|Dickie Derrel|Edith Evanson|Jack George|Stuart Holmes|Teddy Infuhr|Karl Johnson|Edward Keane|Victor Kilian|Harold Krueger|Ann Kunde|Gracille LaVinder|Bert LeBaron|Eula Morgan|Mayo Newhall|Manuel París|Lon Poff|Constance Purdy|Phil Schumacher|Helen St. Rayner|Jack Stoney|Helen Thurston|Sailor Vincent","keywords":"character name as title|reference to homer's iliad|emma bovary character|author|adulteress","year":1949,"director":"Director: Vincente Minnelli","genre":"Drama|Romance","rating":7.1,"title":"Madame Bovary"}