{"summary":"A young woman who has raised a giant gorilla from an infant brings him to Hollywood years later seeking her fortune.","cast":"Terry Moore|Ben Johnson|Robert Armstrong|Mr. Joseph Young|Frank McHugh|Douglas Fowley|Denis Green|Paul Guilfoyle|Nestor Paiva|Regis Toomey|Lora Lee Michel|James Flavin|Mary Gordon|Iris Adrian|Bobby Barber|Pat Barton|Ian Batchelor|Sharon Bell|Luella Bickmore|Lennie Bluett|Eugene Borden|James Burke|Primo Carnera|Steve Carruthers|Kay Christopher|Cliff Clark|Russ Clark|Chester Clute|Joyce Compton|Frank Conroy|Carol Coombs|Ellen Corby|James Craven|Tom Daly|Jacqueline Dalya|Karl 'Killer' Davis|William 'Wee Willie' Davis|Man Mountain Dean|Joe Devlin|Eddie Dunn|Richard Farnsworth|Tom Ferrandini|Mary Field|Fred Fisher|Bess Flowers|Joel Fluellen|Charles Flynn|Charles Fogel|Lee Tung Foo|Byron Foulger|John Gallaudet|Edward Gargan|Jack Gargan|Rudy Germane|Herschel Graham|Dorothy Granger|Joe Gray|Marion Gray|Duke Green|June Hedin|Dwayne Hickman|Bryan 'Slim' Hightower|George Hoagland|Shep Houghton|Carol Hughes|Ray Hyke|Selmer Jackson|Jerry Jerome|Robert Johnson|Fred Kennedy|Tom Kennedy|Donald Kerr|Marc Krah|Henry Kulky|Mike Lally|Charles Lane|Richard Lane|Carey Loftin|Robert Locke Lorraine|Wilbur Mack|Rory Mallinson|Gregory Marshall|Paul Maxey|Kermit Maynard|George McDonald|Frank McGrath|David McKim|Russell Meeker|Hal Melone|Sammy Menacker|Harold Miller|Peggy Miller|Hans Moebus|Gloria Moore|Al Murphy|Anne Nagel|Norman Nesbitt|William Newell|Anne O'Neal|Phil Olafsson|Garry Owen|Netta Packer|Eddie Parker|Franklin Parker|Jack Pennick|Jack Perry|Pamela Peyton|Joe Ploski|Ivan Rasputin|Allen Ray|Joey Ray|Robin Raymond|Charles Regan|Addison Richards|Suzanne Ridgway|Dick Ryan|Irene Ryan|Frank J. Scannell|William Schallert|Charles Sherlock|Milton Shockley|Edward C. Short|Carl Sklover|Tom Steele|Sammy Stein|Norman Stevans|Clarence Straight|Harry Strang|Madame Sul-Te-Wan|Robert Tafur|Archie Twitchell|Dale Van Sickel|Juan Varro|Max Wagner|Ray Walker|Bill Wallace|Luana Walters|Billy Wayne|Jane Weeks|Max Willenz|Norman Willis|Bud Wolfe","keywords":"show business|tug of war|destruction|cage|stop motion animation","year":1949,"director":"Director: Ernest B. Schoedsack","genre":"Adventure|Drama|Fantasy|Sci-Fi","rating":7.0,"title":"El gran gorila"}