{"summary":"Three sailors wreak havoc as they search for love during a whirlwind 24-hour leave in New York City.","cast":"Gene Kelly|Frank Sinatra|Betty Garrett|Ann Miller|Jules Munshin|Vera-Ellen|Florence Bates|Alice Pearce|George Meader|Murray Alper|Bette Arlen|Anne Beck|Bea Benaderet|Gladys Blake|Eugene Borden|Leonard Bremen|Don Brodie|Ralph Brooks|Claire Carleton|Peter Chong|Dorinda Clifton|Hans Conried|Jeanne Coyne|Lester Dorr|Tom Dugan|Helen Eby-Rock|Luigi Faccuito|James A. FitzPatrick|Wanda Flippen|Clair Freeman|Frank Hagney|Carol Haney|Timmy Hawkins|Bern Hoffman|Judy Holliday|Curtis Loys Jackson Jr.|Richard Kean|Milton Kibbee|Jack G. Lee|Hank Mann|Gloria Marlen|Bert May|Helen McAllister|Sid Melton|Diane Nance|Kerry O'Day|Norman Ollestad|William 'Bill' Phillips|Royal Raymond|Alex Romero|Frank J. Scannell|Lee Scott|Jack Shea|Robert Smith|Robert R. Stephenson|Tyra Vaughn|Dick Wessel|Robert B. Williams|Bud Wolfe","keywords":"shore leave|central park|empire state building|hippodrome|rockefeller center","year":1949,"director":"Directors: Stanley Donen, Gene Kelly","genre":"Comedy|Musical|Romance","rating":7.4,"title":"Un día en Nueva York"}