{"summary":"After discovering the dead body of her teenage daughter's lover, a housewife takes desperate measures to protect her family from scandal.","cast":"James Mason|Joan Bennett|Geraldine Brooks|Henry O'Neill|Shepperd Strudwick|David Bair|Roy Roberts|Jessie Arnold|Al Bain|Jack Baker|Pat Barton|Holger Bendixen|Gail Bonney|Chet Brandenburg|Peter Brocco|Paul E. Burns|John Butler|Kathryn Card|Claire Carleton|Boyd Davis|Karl 'Killer' Davis|George Dockstader|Charles Evans|Charles Ferguson|Everett Glass|Robert Gordon|Buddy Gorman|Harry Harvey|Barbara Hatton|Virginia Hunter|Danny Jackson|Charles Jordan|Kenneth Kendall|Norman Leavitt|David Levitt|Mike Mahoney|Charles Marsh|Louis Mason|Richard Mickelson|John Monaghan|Sharon Monaghan|Sue Moore|Evelyn Moriarty|Bruce Gilbert Norman|Penny O'Connor|Pat O'Malley|Joe Palma|Dorothy Phillips|Ed Pine|Joe Ploski|Byron Poindexter|Joe Recht|Barry Regan|John Roy|Cosmo Sardo|Celeste Savoi|William Schallert|Ann Shoemaker|Billy Snyder|Glenn Thompson|Frances E. Williams|Harry Wilson","keywords":"mother disapproves of boyfriend|getting away with murder|killing in self defense|three word title|hiding a dead body","year":1949,"director":"Director: Max Ophüls (as Max Opuls)","genre":"Crime|Drama|Film-Noir","rating":7.2,"title":"Almas desnudas"}