{"summary":"Star major league pitcher Monty Stratton loses a leg in a hunting accident, but becomes determined to leave the game on his own terms.","cast":"James Stewart|June Allyson|Frank Morgan|Agnes Moorehead|Bill Williams|Bruce Cowling|Cliff Clark|Mary Lawrence|Dean White|Robert Gist|Gene Bearden|Bill Dickey|Jimmy Dykes|Mervyn Shea|Dwight Adams|William Allington|Jessie Arnold|Polly Bailey|William Bailey|Jerry Bassett|Tom Bassett|Vangie Beilby|Walter Berger|Bud Beringhele|John Bero|Edward Bockman|Chet Brandenburg|Jack Brewer|Ralph Brooks|John Burger|Clint Cameron|Spencer Chan|Merle Combs|James Conaty|Heinie Conklin|Gene Coogan|Gino Corrado|Peter Crouse|Todd Davis|Joe DiMaggio|Jess Dobernic|Mike Donovan|Jim Drum|Pat Flaherty|Lee Tung Foo|Gordon Ford|William Garbe|Cecil Garriott|James Gladd|Ira Gordon|Robert Graham|Robert Haines|William Hall|Don Heffner|Clarence Hennecke|Holmes Herbert|John Hiestand|Golden Holt|Wally Hood|Wesley Hopper|Roy Hughes|Karl Johnson|Morey J. Kaplan|Frank Kelleher|John Kerr|Maurice Kraft|Ralph Kress|Florence Lake|Mitchell Lewis|William Lillie|Johnny Lindell|Ralph Littlefield|Jack Lohrke|Harry Lowrey|Al Lyons|Clarence Maddern|Alphonse Martell|Gene Mauch|Mickey McCardle|Matt McHugh|George Melford|Steve Mesner|George Metkovich|Fred Millican|Cyril Moran|Sol Murgi|Al Mutart|Anne Nagel|James Nolan|Louie Novikoff|Frank O'Connor|Pat Orr|George Ovey|Garry Owen|Roy Partee|Leonard Perme|Eugene Persson|Al Porto|Jack Powell|Jerry Priddy|Kenneth Richardson|Al Rosen|Don Ross|Michael Ross|Joe Rue|Glen Russell|Tim Ryan|Hank Sauer|Carl Saxe|Syd Saylor|Ziggy Sears|Bernard Sell|Mabel Smaney|Charles Smith|Cap Somers|Al Spaeter|Tuck Stainback|Bryan Stephens|Bert Stevens|Charles Stevens|Cy Stevens|Edward Steward|Alfred Stringer|Lou Stringer|Robert H. Sturgeon|Brick Sullivan|Charles Sullivan|Clinton Sundberg|Don Tierney|Kenneth Tobey|Al Treichel|George Vico|Larry Ward|John Warner|Max West|Barbara Wooddell|George Woods|Jack Worth|Al Zarilla|Gus Zernial","keywords":"character name as title|surname in title|monty stratton character|three word title|hunting","year":1949,"director":"Director: Sam Wood","genre":"Biography|Drama|Romance|Sport","rating":7.1,"title":"La historia de Stratton"}