{"summary":"A nobleman studying for the priesthood abandons his vocation in 18th Century France when he falls in love with a beautiful, but reluctant, courtesan.","cast":"John Barrymore|Dolores Costello|Warner Oland|Sam De Grasse|Holmes Herbert|Stuart Holmes|Bertram Grassby|Tom Santschi|Tom Amandares|Alice Belcher|Eugenie Besserer|Charles Clary|Marcelle Corday|Rose Dione|Louise Emmons|Herman Heller|Noble Johnson|Jack Kenny|George Kotsonaros|Myrna Loy|Andy MacLennan|Ida May|Kalla Pasha|Russ Powell|Templar Saxe|Scott Seaton|Dick Sutherland|The Vitaphone Symphony Orchestra|Tom Wilson","keywords":"priesthood|18th century|courtesan|student|disinheritance","year":1927,"director":"Director: Alan Crosland","genre":"History|Romance","rating":6.8,"title":"Los amores de Manon"}