{"summary":"In Tulsa, after a rancher dies during a feud with a major oil company, his daughter, driven by revenge, starts digging for oil herself.","cast":"Susan Hayward|Robert Preston|Pedro Armendáriz|Lloyd Gough|Chill Wills|Ed Begley|Jimmy Conlin|Roland Jack|Lola Albright|Leon Alton|William Bailey|George Barrows|Paul Bradley|Chet Brandenburg|Charles D. Brown|Paul E. Burns|Lane Chandler|Iron Eyes Cody|James Conaty|Chester Conklin|Sayre Dearing|John Dehner|Mike Donovan|Yvonne Doughty|Tom Dugan|Joe Evans|Franklyn Farnum|Sam Finn|Joe Gilbert|James Gonzalez|Dick Gordon|Fred Graham|Frank Hagney|Creighton Hale|Sam Harris|Thomas Browne Henry|Bill Hickman|John Holland|Shep Houghton|Selmer Jackson|Kenner G. Kemp|Donald Kerr|Nolan Leary|Carl M. Leviness|Jack Low|Wilbur Mack|George Magrill|Renny McEvoy|David McMahon|George Meader|Charles Meredith|Harold Miller|Frank Mills|Roger Moore|Eula Morgan|Charles Perry|Paul Power|Cyril Ring|Victor Romito|Phil Schumacher|Bernard Sell|Harry Shannon|Charles Sherlock|Jay Silverheels|Brick Sullivan|Arthur Tovey|Pierre Watkin|Dick Wessel|William Wilkerson|Chief Yowlachie","keywords":"bourbon|oil field roughneck|soil conservation|land management|environmental regulation","year":1949,"director":"Director: Stuart Heisler","genre":"Drama|Western","rating":6.2,"title":"Tulsa, ciudad de lucha"}