{"summary":"A hard-as-nails general takes over a bomber unit suffering from low morale and whips them into fighting shape.","cast":"Gregory Peck|Hugh Marlowe|Gary Merrill|Millard Mitchell|Dean Jagger|Robert Arthur|Paul Stewart|John Kellogg|Robert Patten|Lee MacGregor|Sam Edwards|Roger Anderson|Robert Blunt|William Bryant|Steve Clark|Russ Conway|Campbell Copelin|Leslie Denison|Lawrence Dobkin|George Edwards|Robert Fisher|Stanley Fraser|Bert Freed|Greg Gallagher|Don Gaudagno|Don Giovanni|Don Gordon|Don Hicks|Ray Hyke|Barry Jones|Harry Lauter|Joyce Mackenzie|Mike Mahoney|John McKee|Peter Ortiz|Paul Picerni|Nelson Scott|William Short|John Shulick|Bob Tidwell|Kenneth Tobey|Guy Way|Patrick Whyte|John Zilly","keywords":"american abroad|b 17 bomber|reminiscence|military leadership|world war two","year":1949,"director":"Director: Henry King","genre":"Drama|War","rating":7.7,"title":"Almas en la hoguera"}