{"summary":"The rise and inevitable fall of an amoral but naive young woman whose insouciant eroticism inspires lust and violence in those around her.","cast":"Louise Brooks|Fritz Kortner|Francis Lederer|Carl Goetz|Krafft-Raschig|Alice Roberts|Daisy D'Ora|Gustav Diessl|Michael von Newlinsky|Sig Arno","keywords":"femme fatale|german expressionism|expressionism|lust|murder trial","year":1929,"director":"Director: Georg Wilhelm Pabst","genre":"Crime|Drama|Romance","rating":7.9,"title":"La caja de Pandora"}