{"summary":"Mrs. Christopher (Fay Compton), a kindly volunteer worker at a large hospital, does a favor for a patient by delivering a sum of money to Mr. Sine (James Robertson Justice). When she ... See full summary »","cast":"Mai Zetterling|Dirk Bogarde|Fay Compton|Robert Flemyng|Michael Gough|James Robertson Justice|Joan Rice|Harold Huth|Wilfrid Hyde-White|Nora Gordon|Cyril Chamberlain|Charles Saynor|Derrick Penley|Peter Owen|Dennis Brian|Arthur Hambling|Shirley Wright|Bruce Seton|Michael Ingham|Johnnie Schofield|Marianne Stone|Betty Cooper|Vernon Greeves|Lillian Shaw|Helen Goss|Constance Smith|Dorothy Bramhall|Joan Schofield|Edie Martin|Valentine Dunn|John Horsley|Ballard Berkeley|Patricia Glyn|Sally Lahee|Don Liddel","keywords":"blackmailer|victim|volunteer worker|death|taxi driver","year":1951,"director":"Director: Marc Allégret","genre":"Crime|Drama|Thriller","rating":7.5,"title":"Blackmailed"}