{"summary":"An otherwise moral captain of a charter boat becomes financially strapped and is drawn into illegal activities in order to keep up payments on his boat.","cast":"John Garfield|Patricia Neal|Phyllis Thaxter|Juano Hernandez|Wallace Ford|Edmon Ryan|Ralph Dumke|Guy Thomajan|William Campbell|Sherry Jackson|Donna Jo Boyce|Victor Sen Yung|John Alvin|Chet Brandenburg|Peter Brocco|Mary Carroll|Spencer Chan|John Close|John Doucette|Juan Duval|Norman Field|Alex Gerry|Donna Gibson|H.W. Gim|Dick Gordon|James Griffith|Helene Hatch|Len Hendry|Juan Hernández|George Hoagland|Charles Horvath|Tommy Lee|Benny Long|Bob MacLean|Paul McGuire|David McMahon|Beverly Mook|John Morgan|Jack Mower|Norman Phillips Jr.|Greg Rhinelander|Glen Turnbull|Paul Vierro|Robert B. Williams","keywords":"charter boat|san diego california|boat captain|armed robbery|smuggling","year":1950,"director":"Director: Michael Curtiz","genre":"Crime|Drama|Film-Noir|Thriller","rating":7.5,"title":"Punto de ruptura"}