{"summary":"A spoiled heiress defies her father by running off to marry her lover. However, Daddy has a few tricks up his sleeve.","cast":"Betty Balfour|Jean Bradin|Ferdinand von Alten|Gordon Harker|Alexander D'Arcy|Vivian Gibson|Clifford Heatherley|Claude Hulbert|Hannah Jones|Phyllis Konstam|Gwen Mannering|Balliol and Merton|Jack Trevor|Marcel Vibert|Sunday Wilshin|Fanny Wright","keywords":"father disapproves of daughter's boyfriend|newspaper reporter|newspaper headline|ocean liner|breakup","year":1928,"director":"Director: Alfred Hitchcock","genre":"Comedy","rating":5.6,"title":"Champagne"}