{"summary":"Paola is a young, beautiful woman married to a wealthy entrepreneur. She meets her former lover Guido after seven years, but their relationship is marked by tragic events.","cast":"Lucia Bosè|Massimo Girotti|Ferdinando Sarmi|Gino Rossi|Marika Rowsky|Rosi Mirafiore|Rubi D'Alma|Anita Farra|Carlo Gazzabini|Nardo Rimediotti|Renato Burrini|Vittorio Manfrino|Vittoria Mondello|Franco Fabrizi|Gino Cervi","keywords":"italy|disillusionment|passion|private detective|directorial debut","year":1950,"director":"Director: Michelangelo Antonioni","genre":"Crime|Drama|Romance","rating":7.1,"title":"Crónica de un amor"}