{"summary":"The dangerously obsessive relationship between a psychologically manipulative brother and sister who isolate themselves and draw others into their mind games.","cast":"Nicole Stéphane|Edouard Dermithe|Renée Cosima|Jacques Bernard|Melvyn Martin|Maria Cyliakus|Jean-Marie Robain|Maurice Revel|Rachel Devirys|Adeline Aucoc|Emile Mathys|Roger Gaillard|Jean Cocteau|Annabel Buffet|Pierre Bénichou|Karin Lannby|Hélène Rémy","keywords":"incestuous relationship|lesbian subtext|homosexual subtext|psychotic woman|female jealousy","year":1950,"director":"Director: Jean-Pierre Melville","genre":"Drama","rating":7.1,"title":"Los niños terribles"}