{"summary":"Outraged by Redleg atrocities, the James and Younger Brothers along with Kit Dalton join Quantrill's Raiders and find themselves participating in even worse war crimes.","cast":"Audie Murphy|Brian Donlevy|Marguerite Chapman|Scott Brady|Tony Curtis|Richard Arlen|Richard Long|James Best|John Kellogg|Dewey Martin|George Chandler|Charles Delaney|Richard Egan|David Bauer|Fred Aldrich|Robert Anderson|Chet Brandenburg|Ralph Bucko|Roy Bucko|Fred Carson|Tom Coleman|Tex Cooper|Russell Custer|Richard Farmer|Sam Flint|Lee Frederick|Helen Gibson|Ray Grimes|Al Haskell|Tex Holden|Jack Kenny|Ethan Laidlaw|Larry McGrath|Mira McKinney|Jennings Miles|Frank Mills|David Newell|William J. O'Brien|Edward Peil Sr.|Buddy Roosevelt|George Sowards|Bert Spencer|Jack Tornek|Henry Wills","keywords":"jesse james|frank james|james gang|younger brothers|quantrill's raiders","year":1950,"director":"Director: Ray Enright","genre":"Western","rating":6.2,"title":"Los asaltantes de Kansas"}