{"summary":"A dancer who has just gotten engaged to her partner and choreographer and is about to embark on a major career is devastated to learn that she has contracted polio.","cast":"Sally Forrest|Keefe Brasselle|Hugh O'Brian|Eve Miller|Lawrence Dobkin|Rita Lupino|Herb Butterfield|Kevin O'Morrison|Stanley Waxman|Jerry Hausner|John Franco","keywords":"triple f rated|rehabilitation|realtor|love|real estate agent","year":1950,"director":"Director: Ida Lupino","genre":"Drama","rating":6.4,"title":"Never Fear"}