{"summary":"Sophisticated, successful New York City songwriter Kay Kingsley falls in love with Chris Heyward, a widower rancher she meets at the Madison Square Garden Rodeo, and they get married, and ... See full summary »","cast":"Irene Dunne|Fred MacMurray|William Demarest|Andy Devine|Gigi Perreau|Natalie Wood|Philip Ober|Jack Kirkwood|Ann Doran|Carl Andre|Irving Bacon|Lela Bliss|Chester Conklin|Jacqueline deWit|Helen Dickson|Mason Alan Dinehart|Art Dupuis|Gene Evans|Margaret Gibson|Jimmy Hawkins|Edna Holland|Jimmie Horan|Victoria Horne|Olin Howland|Jack Jackson|George Leigh|Jo Ann Marlowe|Virginia Mullen|Paul Newlan|Anne O'Neal|Janine Perreau|Ralph Peters|Carl Sklover|Bob Thom|Harry Tyler|Connie Van|Dan White|Frank Yaconelli","keywords":"screwball comedy|ranch|songwriter|rodeo|rancher","year":1950,"director":"Director: George Marshall","genre":"Comedy|Romance|Western","rating":5.7,"title":"¡Qué vida ésta!"}