{"summary":"In order to woo Rosario, Margarito pretends to be the famous outlaw \"Siete Machos\", called like that because \"he possesses the courage of seven macho men\".","cast":"Cantinflas|Alma Rosa Aguirre|Miguel Ángel Ferriz|Miguel Inclán|Delia Magaña|Carlos Martínez Baena|Rafael Icardo|José Elías Moreno|Antonio R. Frausto|Enriqueta Reza|Ernesto Finance|Carlos Múzquiz|Ángel Infante|Víctor Alcocer|José Chávez|Edmundo Espino|José Luis Fernández|Jesús García|Emilio Garibay|Leonor Gómez|Cecilia Leger|Kika Meyer|José Muñoz|José Pardavé|Aurora Ruiz","keywords":"dual role","year":1951,"director":"Director: Miguel M. Delgado","genre":"Comedy|Western","rating":7.2,"title":"El siete machos"}