{"summary":"A screenwriter develops a dangerous relationship with a faded film star determined to make a triumphant return.","cast":"William Holden|Gloria Swanson|Erich von Stroheim|Nancy Olson|Fred Clark|Lloyd Gough|Jack Webb|Franklyn Farnum|Larry J. Blake|Charles Dayton|Cecil B. DeMille|Hedda Hopper|Buster Keaton|Anna Q. Nilsson|H.B. Warner|Ray Evans|Jay Livingston|Fred Aldrich|Joel Allen|Gertrude Astor|Anne Bauchens|Edward Biby|Danny Borzage|Ken Christy|Ruth Clifford|John Cortay|Archie R. Dalzell|Eddie Dew|Peter Drynan|Julia Faye|Al Ferguson|Gerry Ganzer|Rudy Germane|Kenneth Gibson|Joe Gray|Sanford E. Greenwald|Creighton Hale|Chuck Hamilton|James Hawley|Len Hendry|E. Mason Hopper|Stan Johnson|Tiny Jones|Howard Joslin|Arthur Lane|Perc Launders|Alan Marston|William Meader|Gertrude Messinger|Harold Miller|John 'Skins' Miller|Lee Miller|Ralph Montgomery|Bert Moorhouse|Jay Morley|Bernice Mosk|Howard Negley|Ottola Nesmith|Eva Novak|Frank O'Connor|Robert Emmett O'Connor|Jack Perrin|Virginia L. Randolph|Bill Sheehan|Sidney Skolsky|Emmett Smith|Roy Thompson|Archie Twitchell|Yvette Vickers|Edward Wahrman|Henry Wilcoxon","keywords":"silent film star|narrated from the grave|butler|madness|recluse","year":1950,"director":"Director: Billy Wilder","genre":"Drama|Film-Noir","rating":8.4,"title":"El crepúsculo de los dioses"}