{"summary":"A family saga in which three of a Bavarian widow's sons go to war for Germany and the fourth goes to America, Germany's eventual opponent.","cast":"Margaret Mann|James Hall|Charles Morton|Francis X. Bushman Jr.|George Meeker|June Collyer|Earle Foxe|Albert Gran|Frank Reicher|Archduke Leopold of Austria|Ferdinand Schumann-Heink|Jack Pennick|Frank Baker|George Blagoi|Stanley Blystone|Carl Boheme|Harry Cording|Constant Franke|Wendell Phillips Franklin|Hans Fuerberg|Joseph W. Girard|Hans Joby|Carmencita Johnson|Bob Kortman|Hughie Mack|Michael Mark|Tom McGuire|Ruth Mix|L.J. O'Connor|Robert Parrish|Harry Tenbrook|August Tollaire|Carl von Haartman|Tibor von Janny|John Wayne","keywords":"germany|german american|birthday|widow|bavaria","year":1928,"director":"Director: John Ford","genre":"Drama|War","rating":7.1,"title":"Cuatro hijos"}