{"summary":"Det. Sgt. Mark Dixon wants to be something his old man wasn't: a guy on the right side of the law. Will Dixon's vicious nature get the better of him?","cast":"Dana Andrews|Gene Tierney|Gary Merrill|Bert Freed|Tom Tully|Karl Malden|Ruth Donnelly|Craig Stevens|Fred Aldrich|Don Appell|Tony Barr|David Bauer|Eddie Borden|Neville Brand|Barry Brooks|Ralph Brooks|Oleg Cassini|John Close|Tom Coleman|Clancy Cooper|John Daheim|Sayre Dearing|Bob Evans|Charles Flynn|Robert Foulk|Anthony George|Joseph Granby|Chuck Hamilton|Kathleen Hughes|Lou Krugman|Louise Lane|Carl M. Leviness|Louise Lorimer|Herbert Lytton|Ian MacDonald|John Marshall|John McGuire|David McMahon|Eda Reiss Merin|Grayce Mills|Lou Nova|Peggy O'Connor|Robert Patten|'Snub' Pollard|Ben Pollock|Stephen Roberts|Lester Sharpe|Robert F. Simon|Wanda Smith|Ray Spiker|Bert Stevens|Clarence Straight|Charles Tannen|Shirley Tegge|Larry Thompson|John Trebach|Phil Tully|Harry von Zell|Duke Watson|Chili Williams|Mack Williams|Robert B. Williams","keywords":"police call box|squad car|new york city|subway|hall","year":1950,"director":"Director: Otto Preminger","genre":"Crime|Drama|Film-Noir","rating":7.6,"title":"Al borde del peligro"}