{"summary":"Trapper Flint Mitchell and other mountain men from the Rendezvous join forces to enter virgin trapping territory but must contend with a resentful Blackfoot chief.","cast":"Clark Gable|Ricardo Montalban|John Hodiak|Adolphe Menjou|J. Carrol Naish|Jack Holt|Alan Napier|George Chandler|Richard Anderson|María Elena Marqués|Bobby Barber|Maurice Brierre|Timothy Carey|Gene Coogan|Frankie Darro|Michael Dugan|Tatzumbia Dupea|Evelyn Finley|Douglas Fowley|Fred Gilman|Fred Graham|John Hartman|Tex Holden|Don House|Howard Keel|Andrew Knife|Bert LeBaron|Henri Letondal|Frank McGrath|John McKee|Edith Mills|Elaine Naish|Elmer Napier|Louis Nicoletti|Manuel París|Albert Petit|Albert Pollet|Frank Richards|Russell Simpson|Jack Sterling|Nipo T. Strongheart|Ben Watson|James Whitmore","keywords":"trapper|beaver|1830s|man spanks woman|final showdown","year":1951,"director":"Director: William A. Wellman","genre":"Adventure|Romance|Western","rating":6.2,"title":"Más allá del Missouri"}