{"summary":"An alien lands and tells the people of Earth that they must live peacefully or be destroyed as a danger to other planets.","cast":"Michael Rennie|Patricia Neal|Hugh Marlowe|Sam Jaffe|Billy Gray|Frances Bavier|Lock Martin|Patrick Aherne|Walter Bacon|Rama Bai|Oscar Blank|Marshall Bradford|Chet Brandenburg|John Brown|John Burton|Michael Capanna|Wheaton Chambers|Spencer Chan|Jean Charney|Beulah Christian|John Close|Louise Colombet|James Conaty|Frank Conroy|Eric Corrie|John Costello|James Craven|Marjorie Crossland|Jack Daly|Elmer Davis|Lawrence Dobkin|Jim Doyle|Roy Engel|Charles Evans|Edith Evanson|Franklyn Farnum|Michael Ferris|Elizabeth Flournoy|Curt Furberg|Grady Galloway|Bill Gentry|Paul Gerrits|James Gonzalez|Robert Haines|Glenn Hardy|Sam Harris|Harry Harvey|Al Haskell|Gabriel Heatter|Gil Herman|Louis Jean Heydt|John Hiestand|Michael Jeffers|H.V. Kaltenborn|Hassan Khayyam|Richard LaMarr|Harry Lauter|Freeman Lusk|George Lynn|Herbert Lytton|Bert Madrid|Mike Mahoney|Sandee Marriott|David McMahon|Tyler McVey|Harold Miller|Millard Mitchell|Ralph Montgomery|Bruce Morgan|Joseph C. Narcisse|Bill Neff|Howard Negley|Dorothy Neumann|Sammy Ogg|Robert Osterloh|Gayle Pace|Drew Pearson|Ted Pearson|House Peters Jr.|'Snub' Pollard|Mike Ragan|Gilman Rankin|Anthony Redondo|John M. Reed|Bob Reeves|Barry Regan|John Rice|Fay Roope|Pola Russ|James Seay|Bernard Sell|Charles Sherlock|Peter Similuk|Bob Simpson|Joseph P. Sinda|Reginald Lal Singh|Marc Snow|Olan Soule|Kim Spalding|Murray Steckler|Harmon Stevens|Charles Tannen|Glen Walters|Harlan Warde|Bill Welsh|Stuart Whitman|Rush Williams|Wilson Wood|Carleton Young","keywords":"robot|alien contact|lincoln memorial|cold war era|washington d.c.","year":1951,"director":"Director: Robert Wise","genre":"Drama|Sci-Fi","rating":7.7,"title":"Ultimátum a la Tierra"}