{"summary":"As the US Army approaches Nazi Germany, they recruit German prisoners to spy behind German lines.","cast":"Richard Basehart|Gary Merrill|Oskar Werner|Hildegard Knef|Dominique Blanchar|O.E. Hasse|Wilfried Seyferth|Hans Christian Blech|Helene Thimig|Robert Freitag|George Tyne|C.A. Amos|Harold Benedict|H.W. Briggs|D.G. Devine|L.E. Dixon|B.L. Hendrickson|D. Kogel|S.I. Rice|F. Slaman|J.E. Stratton|Eva Marie Andres|Arno Assmann|Almut Bachmann|Kemp Batchelor|Harald Benesch|Heinrich Berg|Ulla Best|Bert Brandt|Heinz Bruening|Don Devine|Jochen Diestelmann|Erich Ebert|Geza Esterhazy|Ulrich Folkmar|Otto Friebel|Gert Fröbe|Werner Fuetterer|Rainer Geldern|Elfe Gerhart|Auguste Hansen-Kleinmichel|Rudolf Heimann|Max Herbst|Loni Heuser|Anselm Heyer|Alex Hohenlohe|Werner J.A. Holzhey|Eva Maria Hoppe|Ernst Höchstätter|Charles Jacquemar|Walter Janssen|Erik Jelde|Katja Jobs|Klaus Kinski|Liselotte Kirschbaum|Gerhard Kittler|Til Kiwe|Nils Klott|Sonja Kosta|Klaus W. Krause|Wolfgang Kuhnemann|Luitpold Kummer|Walter Ladengast|Maria Landrock|Herbert Lehnert|Reinhard Lentz|Egon Lippert|Peter Lombard|Ingeborg Luther|Adi Lödel|Peter Lühr|Kurt Marquardt|Emil Matousek|Elisabeth Millberg|Johannes Mühlstedt|Reinhardt Neudörffer|Willy Niklaus|Wolf Petersen|Charles Regnier|Ralph Romberg|Roland Rösler|Jürgen Scheller|Von Schmiedel|Arnulf Schröder|Paul Schwed|Kai-Siegfried Seefeld|Fritz Sellwig|Henriette Speidel|Uli Steigberg|Gerhard Steinberg|Liselotte Steinweg|Peter Struwel-Bruck|Ruth Trumpp|Bert Ude|Peter Martin Urtel|Rudolf Vogel|Ulrich Volkmar|Cornel von Gossow|Hans von Morhart|Jaspar von Oertzen|Harald von Troschke-Tronye|Ursula Voss|Meta Weber|Clemens Wilmenrod|Dieter Wilsing|Maria Wimmer|Harald Wolff","keywords":"year 1944|1940s|bavaria|american military and local prostitute|germany","year":1951,"director":"Director: Anatole Litvak","genre":"Drama|War","rating":7.2,"title":"Decisión al amanecer"}