{"summary":"A wealthy woman becomes obsessed with humanitarianism when her young son dies after committing suicide.","cast":"Ingrid Bergman|Alexander Knox|Ettore Giannini|Giulietta Masina|Teresa Pellati|Marcella Rovena|Tina Perna|Sandro Franchina|Maria Zanoli|Silvana Veronese|William Tubbs|Alberto Plebani|Eleonora Barracco|Alfonso Di Stefano|Alfred Browne","keywords":"social conscience|mother son estrangement|mother son relationship|upper class|motherhood","year":1952,"director":"Director: Roberto Rossellini","genre":"Drama","rating":7.5,"title":"Europa '51"}