{"summary":"An unhappy man threatens suicide by standing on the ledge of a high-rise building for 14 hours.","cast":"Paul Douglas|Richard Basehart|Barbara Bel Geddes|Debra Paget|Agnes Moorehead|Robert Keith|Howard Da Silva|Jeffrey Hunter|Martin Gabel|Grace Kelly|Frank Faylen|Jeff Corey|James Millican|Donald Randolph|George Baxter|Leonard Bell|Richard Beymer|Barry Brooks|Bernard Burke|David Burns|John Cassavetes|Gean Danise|Ossie Davis|Brad Dexter|Leif Erickson|Michael Fitzmaurice|Gordon Gebert|Sandra Gould|Kenneth Harvey|Jerry Hausner|Russell Hicks|Brian Keith|Rusty Lane|Harvey Lembeck|George MacQuarrie|Rory Mallinson|Renny McEvoy|John McGuire|Bill McLean|Shepard Menken|Ann Morrison|Forbes Murray|Howard Negley|Frank Nelson|George Offerman Jr.|Robert Pitkin|Lou Polan|George Putnam|John Randolph|Suzanne Ridgway|Dan Riss|Lucille Rogers|Janice Rule|Henry Slate|Alix Talton|Jean Temple|Joseph Terry|Joyce Van Patten|James Warren|Willard Waterman|William H. Welsh|Mervin Williams","keywords":"suicide attempt|suicide|media coverage|manhattan new york city|dysfunctional family","year":1951,"director":"Director: Henry Hathaway","genre":"Drama|Film-Noir|Thriller","rating":7.1,"title":"Catorce horas"}