{"summary":"The new commander of a Navy Underwater Demolition Team--nicknamed \"Frogmen\"--must earn the respect of the men in his unit, who are still grieving over the death of their former commander and resentful of the new one.","cast":"Richard Widmark|Dana Andrews|Gary Merrill|Jeffrey Hunter|Warren Stevens|Robert Wagner|Harvey Lembeck|Robert Rockwell|Henry Slate|Robert Adler|Richard Allan|Parley Baer|William Bishop|Frank Donahue|Ed Donovan|Harry Flowers|James Gregory|Harry Hamada|Russell Hardie|Ray Hyke|Peter Leeds|Norman McKay|William N. Neil|Robert Patten|Fay Roope|Sydney Smith|Jack Warden|Rush Williams|George Yoshinaga","keywords":"world war two|based on true story|pacific ocean|homosexual subtext|hairy chest","year":1951,"director":"Director: Lloyd Bacon","genre":"Adventure|Drama|War","rating":6.5,"title":"Luchas submarinas"}