{"summary":"A Japanese veteran, driven partially mad from the war, travels to the snowy island of Hokkaido where he soon enters a love triangle with his best friend and a disgraced woman.","cast":"Setsuko Hara|Masayuki Mori|Toshirô Mifune|Yoshiko Kuga|Takashi Shimura|Chieko Higashiyama|Eijirô Yanagi|Minoru Chiaki|Noriko Sengoku|Kokuten Kôdô|Bokuzen Hidari|Eiko Miyoshi|Chiyoko Fumiya|Mitsuyo Akashi|Daisuke Inoue|Jun Yokoyama|Atsumi Nakama|Kunio Miyogi|Shôichi Kofujita|Yôichi Ohsugi|Keiko Izumi|Haruko Chichibu","keywords":"love triangle|surrealism|idiot|blizzard|foreign language adaptation","year":1951,"director":"Director: Akira Kurosawa","genre":"Drama|Romance","rating":7.3,"title":"El idiota"}