{"summary":"Despite their fighting on opposite sides during the Civil War, brothers Vance and Jeb Britton have to set their differences aside in order to survive an Indian attack.","cast":"Ronald Reagan|Rhonda Fleming|Bruce Bennett|Bill Williams|Noah Beery Jr.|Peter Hansen|Hugh Beaumont|Lloyd Corrigan|John Ridgely|Ivan Bell|Nick Borgani|Charles Brunner|James Burke|Iron Eyes Cody|Bill Coontz|Richard Crane|Charles Evans|Terry Frost|Harold Goodwin|Michael Jeffers|Jack Kenney|Ewing Mitchell|Burt Mustin|William H. O'Brien|Chuck Roberson|Tony Urchel|John War Eagle|Chief Yowlachie","keywords":"arizona territory|arizona desert|american civil war|outpost|post","year":1951,"director":"Director: Lewis R. Foster","genre":"Western","rating":5.9,"title":"El último destacamento"}