{"summary":"Two married New Yorkers purchase an old, run-down building full of colorful tenants.","cast":"June Haver|William Lundigan|Frank Fay|Marilyn Monroe|Jack Paar|Leatrice Joy|Henry Kulky|Florence Auer|Rodney Bell|Faire Binney|Marie Blake|Donna Jo Boyce|Benny Burt|Charles Calvert|Russ Clark|Leo Cleary|George Conrad|John Costello|Jack Daly|Anthony De Mario|Franklyn Farnum|James Gonzalez|Mack Gray|Robert Haines|Stuart Hall|Alvin Hammer|Bradford Hatton|Harry Hines|Edna Holland|Bob Jellison|William Justine|Frank Kreig|Murray Leonard|Caryl Lincoln|Mike Mahoney|Patricia Miller|Ray Montgomery|Walter Nordella|Don Orlando|Joe Ploski|Danny Richards Jr.|Albin Robeling|Michael Ross|Sudhanshu Saria|Bernard Sell|Elizabeth Slifer|Louis Torres Jr.|Maude Wallace|Billy Wayne|Martha Wentworth|Lois Wilde","keywords":"tenant|jealousy|apartment building|sunbathing|author","year":1951,"director":"Director: Joseph M. Newman (as Joseph Newman)","genre":"Comedy|Drama|Romance","rating":6.2,"title":"Memorias de un Don Juan"}