{"summary":"A barrister attempts to discourage his daughter's infatuation for a philanderer, by revealing his past. The plan backfires when the daughter's would-be father-in-law threatens to reveal the barrister's shady background.","cast":"Robertson Hare|Stanley Holloway|Vera Pearce|Andrew Crawford|Irene Handl|June Sylvaine|Sam Costa|Robert Moreton|Constance Lorne|Charles Groves|Fred Berger|William Fox|Ingeborg von Kusserow|Gwen Cherrell|Joan Rice|Audrey Hepburn|Gerry Judge|Roger Moore","keywords":"based on play","year":1951,"director":"Director: Charles Saunders","genre":"Comedy","rating":5.2,"title":"One Wild Oat"}