{"summary":"In flashback from a 'Rebecca'-style beginning: Ellen Foster, visiting her aunt on the California coast, meets neighbor Jeff Cohalan and his ultramodern clifftop house. Ellen is strongly ... See full summary »","cast":"Robert Young|Betsy Drake|John Sutton|Florence Bates|Morris Carnovsky|Henry O'Neill|Jean Rogers|Raymond Largay|Shirley Ballard|Vici Raaf|Jason Robards Sr.|Steven Geray|Jimmie Dodd|Smoki Whitfield|Cliff Clark|Walter Bacon|Vince Barnett|Paul Bradley|Steve Carruthers|Jack Chefe|James Conaty|Franklyn Farnum|Bess Flowers|John Gallaudet|Sherry Hall|Sam Harris|Thomas Martin|Harold Miller|Sol Murgi|Cosmo Sardo|Bert Stevens","keywords":"stranger on a train|psychopath|police officer|death obsession|killing a plant with poison","year":1950,"director":"Director: James V. Kern","genre":"Drama|Film-Noir|Mystery|Romance","rating":6.4,"title":"La segunda mujer"}