{"summary":"Disturbed Blanche DuBois moves in with her sister in New Orleans and is tormented by her brutish brother-in-law while her reality crumbles around her.","cast":"Vivien Leigh|Marlon Brando|Kim Hunter|Karl Malden|Rudy Bond|Nick Dennis|Peg Hillias|Wright King|Richard Garrick|Ann Dere|Edna Thomas|Mickey Kuhn|Mel Archer|Walter Bacon|Dahn Ben Amotz|Joe Brooks|Marietta Canty|John George|John Gonetos|Chester Jones|Lyle Latell|Mike Morelli|William H. O'Brien|Maxie Thrower|Charles Wagenheim|John B. Williams|Buck Woods","keywords":"off screen rape|mental illness|sister sister relationship|histrionic personality disorder|brother in law sister in law relationship","year":1951,"director":"Director: Elia Kazan","genre":"Drama","rating":8.0,"title":"Un tranvía llamado deseo"}