{"summary":"A stewardess becomes romantically involved with an airline pilot, a college professor, and a successful businessman, all of whom are named Mike. When the three find out about each other, ... See full summary »","cast":"Jane Wyman|Van Johnson|Howard Keel|Barry Sullivan|Phyllis Kirk|Anne Sargent|Jeff Donnell|Herbert Heyes|Robert Sherwood|Don McGuire|Barbara Billingsley|Hugh Sanders|John Maxwell|Lewis Martin|Ethel Wells|Sydney Mason|Joel Allen|John Alvin|Don Anderson|Jessie Arnold|Parley Baer|Bill Baldwin|Don Beddoe|Genevieve Bell|Faire Binney|Paul Bradley|Virginia Brissac|Eileen Christy|Edward Clark|Mae Clarke|Harry Cody|Helen Dickson|Hazel Dohlman|King Donovan|Phil Dunham|Bonnie Kay Eddy|Mary Jo Ellis|Dan Foster|Jack Gargan|Frank Gerstle|James Gonzalez|A. Cameron Grant|Marion Gray|Stuart Hall|Percy Helton|Mary Alan Hokanson|Frank Hyers|Peggy Leon|K. Elmo Lowe|Thomas Martin|Bill McKenzie|Harold Miller|King Mojave|Matt Moore|Jane Morgan|Leo Mostovoy|Forbes Murray|Barry Norton|Kenneth Patterson|John Pickard|Gerald Pierce|John Raven|Edith Russell|Bernard Sell|Erin Selwyn|Jack Shea|Sidney Sheldon|Dick Simmons|Reginald Simpson|Arthur Space|Hanley Stafford|Clarence Straight|Robert E. Strickland|Herb Vigran|Charles Wagenheim|Harlan Warde|Katherine Warren|Constance Weiler|June Whitley Taylor|William Woodson","keywords":"stewardess|romantic rivalry|los angeles california|packing a suitcase|airline stewardess","year":1951,"director":"Director: Charles Walters","genre":"Comedy|Romance","rating":6.2,"title":"Tres hombres llamados Mike"}