{"summary":"Brian Hawke of the Royal Navy versus the pirates of Madagascar.","cast":"Errol Flynn|Maureen O'Hara|Anthony Quinn|Alice Kelley|Mildred Natwick|Robert Warwick|Harry Cording|John Alderson|Phil Tully|Lester Matthews|Tudor Owen|Maurice Marsac|James Craven|James Fairfax|Abdullah Abbas|Carl Andre|Emile Avery|Rene Beard|Larry Chance|Michael Ferris|Charles B. Fitzsimons|Clem Fuller|Joe Garcio|John George|Arthur Gould-Porter|Maralou Gray|Chuck Hamilton|Robert 'Buzz' Henry|Olaf Hytten|Dave Kashner|Pete Kellett|Ethan Laidlaw|Mike Lally|James Logan|Keith McConnell|Paul Newlan|Bill Radovich|Michael Ross|Lewis L. Russell|Carl Saxe|Emmett Smith|Harry Wilson","keywords":"ruby|gold coin|sapphire|man tied up|torture","year":1952,"director":"Director: George Sherman","genre":"Action|Adventure|Drama|Romance","rating":6.6,"title":"La isla de los corsarios"}