{"summary":"Ambulance driver Frank Jessup is ensnared in the schemes of the sensuous but dangerous Diane Tremayne.","cast":"Robert Mitchum|Jean Simmons|Mona Freeman|Herbert Marshall|Leon Ames|Barbara O'Neil|Kenneth Tobey|Raymond Greenleaf|Griff Barnett|Robert Gist|Morgan Farley|Jim Backus|Charles Tannen|Ralph Volkie|Peggy Walker|Gertrude Astor|Lucille Barkley|Arthur Berkeley|Larry J. Blake|Morgan Brown|Mary Jane Carey|Jack Chefe|Dick Cherney|Clark Curtiss|Roy Darmour|Sayre Dearing|Daniel Elam|Jack Ellis|Bess Flowers|George Ford|Alex Gerry|Robert Haines|Charmienne Harker|Theresa Harris|James Hope|Marvin Jones|Pete Kellett|Colin Kenny|Frank Kumagai|Mike Lally|Herbert Lytton|Lewis Martin|Mary Lee Martin|Frank O'Connor|Bob Peoples|Charlotte Portney|Grandon Rhodes|Jeffrey Sayre|Sammy Shack|Cora Shannon|Charles Sherlock|George Sherwood|Carl Sklover|Amzie Strickland|Brick Sullivan|Max Takasugi|Doreen Tryden|Florence Wix|Buck Young","keywords":"chauffeur|murder trial|femme fatale|ambulance|stepmother","year":1953,"director":"Director: Otto Preminger","genre":"Crime|Drama|Film-Noir|Romance|Thriller","rating":7.3,"title":"Cara de ángel"}