{"summary":"In the post-war Hawaii, House Un-American Activities Committee investigators Jim McLain and Mal Baxter hunt down Communists.","cast":"John Wayne|Nancy Olson|James Arness|Alan Napier|Veda Ann Borg|Hans Conried|Hal Baylor|Gayne Whitman|Gordon Jones|Robert Keys|John Hubbard|Soo Yong|Dan Liu|Paul Hurst|Vernon 'Red' McQueen|Sarah Padden|Kinko 'Lucky' Simunovich|Kinai Ikuma|Leon Alton|Charles Baptiste|Lulu Mae Bohrman|Peter Brocco|Rennie Brooks|Steve Carruthers|Spencer Chan|Beulah Christian|Franklyn Farnum|Robert Fellows|Paul Fix|Bess Flowers|Lloyd Ford|William Forrest|Akira Fukunaga|Kenneth Gibson|Joe Gilbert|Herschel Graham|Sam Harris|Douglas Henderson|Ralph Honda|Kenner G. Kemp|Paul King|Edwin Layton|Harry Morgan|Leo C. Richmond|Suzanne Ridgway|Jeffrey Sayre|Norman Stevans|Bert Stevens|Joel Trapido|Harry Tyler|Peter Whitney|Jay Wilsey|Florence Wix","keywords":"hawaii|house unamerican activities committee|communist plot|mccarthyism|character name as title","year":1952,"director":"Director: Edward Ludwig","genre":"Crime|Drama|History|Romance|Thriller","rating":5.4,"title":"El gran Jim McLain"}