{"summary":"An emotionally remote recovering alcoholic and his dowdy, unambitious wife face a personal crisis when they take in an attractive lodger.","cast":"Burt Lancaster|Shirley Booth|Terry Moore|Richard Jaeckel|Philip Ober|Edwin Max|Lisa Golm|Walter Kelley|Robert Fuller|Ned Glass|William Haade|Virginia Hall|Anthony Jochim|Peter Leeds|Kitty McHugh|Paul McVey|Beverly Mook|Virginia Mullen","keywords":"chiropractor|infatuation|dysfunctional marriage|art student|alcoholics anonymous","year":1952,"director":"Director: Daniel Mann","genre":"Drama|Romance","rating":7.5,"title":"Vuelve pequeña Sheba"}