{"summary":"After being dumped by his girlfriend, an airline pilot pursues a babysitter in his hotel and gradually realizes she's dangerous.","cast":"Richard Widmark|Marilyn Monroe|Anne Bancroft|Donna Corcoran|Jeanne Cagney|Lurene Tuttle|Elisha Cook Jr.|Jim Backus|Verna Felton|Willis Bouchey|Don Beddoe|Emmett Vogan|Harry Bartell|Gloria Blondell|John Call|Dick Cogan|Charles J. Conrad|Tom Daly|Elizabeth Flournoy|Bess Flowers|Charles Flynn|Robert Foulk|Grace Hayle|Marjorie Holliday|David McMahon|Eda Reiss Merin|Harold Miller|Vic Perrin|Michael Ross|Olan Soule","keywords":"lying|tearing up a letter|female singer|handwritten letter|putting out a cigarette","year":1952,"director":"Director: Roy Ward Baker (as Roy Baker)","genre":"Drama|Film-Noir|Mystery|Thriller","rating":6.9,"title":"Niebla en el alma"}