{"summary":"A love story between a poor fellow and a daughter of respected workshop owner set in an Italian post-war village.","cast":"Maria Fiore|Vincenzo Musolino|Filomena Russo|Luigi Astarita|Luigi Barone|Felicità Lettieri|Carmela Cirillo|Gina Mascetti|Tommaso Balzamo|Pasqualina Izza|Anna Raiola|Alfonso Del Sorbo|Luigi Cutino|Antonio Balzamo|Gioacchino Morrone|Clara Bindi|Aldo Giuffrè","keywords":"italy|neorealism|napoli italy|poverty|poster","year":1952,"director":"Director: Renato Castellani","genre":"Comedy|Romance","rating":7.2,"title":"Due soldi di speranza"}