{"summary":"A town Marshal, despite the disagreements of his newlywed bride and the townspeople around him, must face a gang of deadly killers alone at high noon when the gang leader, an outlaw he sent up years ago, arrives on the noon train.","cast":"Gary Cooper|Thomas Mitchell|Lloyd Bridges|Katy Jurado|Grace Kelly|Otto Kruger|Lon Chaney Jr.|Harry Morgan|Ian MacDonald|Eve McVeagh|Morgan Farley|Harry Shannon|Lee Van Cleef|Robert J. Wilke|Sheb Wooley|Lee Aaker|Ernest Baldwin|Benjie Bancroft|Guy Beach|George Bell|Jeanne Blackford|Larry J. Blake|John Breen|Roy Bucko|Nora Bush|John Cason|Howland Chamberlain|Virginia Christine|Cliff Clark|Ben Corbett|Russell Custer|John Doucette|Tex Driscoll|Paul Dubov|Jack Elam|Dick Elliott|Virginia Farmer|Joe Garcio|Rudy Germane|Herschel Graham|Tim Graham|Tom Greenway|Harry Harvey|Chuck Hayward|Tex Holden|Michael Jeffers|Chubby Johnson|Kay Koury|Paul Kruger|Ann Kunde|Nolan Leary|Tom London|Merrill McCormick|Billy McCoy|James Millican|Kansas Moehring|Jack Montgomery|William Newell|William H. O'Brien|Artie Ortego|William 'Bill' Phillips|Lucien Prival|Ralph Reed|Buddy Roosevelt|Syd Saylor|Allen D. Sewall|Lucile Sewall|Charles Soldani|Ted Stanhope|Steve Stephens|Slim Talbot|Jack Tornek","keywords":"one against many|brawl|quick draw|morality|beating","year":1952,"director":"Director: Fred Zinnemann","genre":"Drama|Thriller|Western","rating":7.9,"title":"Solo ante el peligro"}