{"summary":"An undercover government agent battles insurrectionists whose want Southern California to secede and become a slave state.","cast":"Randolph Scott|Patrice Wymore|Dick Wesson|Philip Carey|Lina Romay|Roy Roberts|Morris Ankrum|Katherine Warren|Alan Hale Jr.|Douglas Fowley|Anthony Caruso|Clancy Cooper|Robert Cabal|Nestor Amaral|Emile Avery|Trevor Bardette|Gregg Barton|James Warner Bellah|Chris Willow Bird|Eumenio Blanco|John Bose|James Brown|Edward Colmans|Herbert Deans|Terry Frost|Elias Gamboa|Ralph Gibson|Joseph Glick|William Gould|Herman Hack|Chick Hannan|Al Haskell|Edward Hearn|Jack Henderson|Tex Holden|Charles Horvath|Reed Howes|Michael Jeffers|Fred Kelsey|Jack Kenny|Mike Lally|Rex Lease|Carl M. Leviness|John Logan|Cliff Lyons|Rory Mallinson|Frank McCarroll|Mathew McCue|Philo McCullough|Art Millan|Frank Mills|Kansas Moehring|Jack Montgomery|Lee Morgan|Alberto Morin|George Nardelli|Artie Ortego|Jack Parker|Charles Perry|House Peters Jr.|Joe Phillips|Vici Raaf|Suzanne Ridgway|Scott Seaton|Ray Spiker|Bert Stevens|Jack Stoney|Slim Talbot|Jack Tornek|Sailor Vincent|Chalky Williams|Lawrence A. Williams|Tom Wilson","keywords":"boyfriend girlfriend relationship|rescue mission|frontier justice|male female relationship|murder","year":1953,"director":"Director: Felix E. Feist (as Felix Feist)","genre":"Western","rating":6.0,"title":"Era el comandante Callicut"}