{"summary":"The simple-minded son of a rich financier must find his own way in the world.","cast":"Edward Jobson|Beulah Booker|Edward Connelly|Edward Alexander|Irving Cummings|Odette Tyler|Carol Holloway|Jack Livingston|William H. Crane|Buster Keaton|Katherine Albert|Henry Clauss|Alfred Hollingsworth|Helen Holte|Jeffrey Williams","keywords":"wedding|new york city|manhattan new york city|train station|stock exchange","year":1920,"director":"Directors: Herbert Blaché, Winchell Smith","genre":"Comedy","rating":6.1,"title":"Pasión y boda de Pamplinas"}