{"summary":"The story of Jerome \"Dizzy\" Dean, a major-league baseball pitcher for the St. Louis Cardinals and Chicago Cubs in the 1930s and 1940s.","cast":"Dan Dailey|Joanne Dru|Richard Hylton|Richard Crenna|Hugh Sanders|James Brown|Leo Cleary|Donna Beverly|Robert Board|Harris Brown|John Butler|John Call|Kathryn Card|Pattie Chapman|Cliff Clark|John Close|Dick Cogan|G. Pat Collins|Gene Collins|Heinie Conklin|Albert Conti|Abe Dinovitch|John Doucette|Johnny Duncan|Pat Flaherty|William Forman|William Frambes|Fred Graham|A. Cameron Grant|Al Green|Tom Hanlon|John Hiestand|Marjorie Holliday|Chet Huntley|Mike Lally|Roger Laswell|Mickey Little|Freeman Lusk|Marlene Lyden|Thomas Martin|George McDonald|Johnny McGovern|John McKee|Harold Miller|Billy Nelson|Robert Nichols|Damian O'Flynn|Vici Raaf|Stuart Randall|Richard Reeves|Jack Rice|Frank J. Scannell|Warren Schannon|Robert Scott|Harry Seymour|Jack Sherman|Cap Somers|Robert Stevenson|Joan Sudlow|Victor Sutherland|Charles Tannen|Larry Thor|Arthur Tovey|Clyde Trumbull|Philip Van Zandt|John Wald|Bill Wallace|Hank Weaver|Kenny Williams|Robert B. Williams|Wilson Wood","keywords":"baseball|st. louis cardinals|chicago cubs|baseball pitcher|baseball movie","year":1952,"director":"Director: Harmon Jones","genre":"Biography|Drama|Sport","rating":6.6,"title":"The Pride of St. Louis"}