{"summary":"Writer Harry Street reflects on his life as he lies dying from an infection while on safari in the shadow of Mount Kilamanjaro.","cast":"Gregory Peck|Susan Hayward|Ava Gardner|Hildegard Knef|Leo G. Carroll|Torin Thatcher|Ava Norring|Helene Stanley|Marcel Dalio|Vicente Gómez|Richard Allan|Amanda Ambrose|Sugarfoot Anderson|Salvador Baguez|Charles Bates|Nina Borget|Maurice Brierre|Arthur Brunner|Charles Brunner|Ernest Brunner|Leonard Carey|Benny Carter|Monique Chantal|André Charlot|Edward Colmans|George Davis|James Davis|Amapola Del Vando|Victor Desny|John Dodsworth|Arthur Dulac|Wade Dumas|Elzie Emanuel|Lisa Ferraday|Paul Fierro|Bert Freed|Martin Garralaga|Janine Grandel|Agnès Laury|Ivan Lebedeff|Joseph Lenzi|Jay Loft-Lyn|Alphonse Martell|George Navarro|Constance Purdy|Tito Renaldo|Julian Rivero|John Roy|Emmett Smith|Ann Staunton|Paul Thompson|Bertil Unger|Maya Van Horn|Cecil Weston|Victor Wood","keywords":"love|writer|africa|countess|safari","year":1952,"director":"Directors: Henry King, Roy Ward Baker (uncredited)","genre":"Adventure|Drama|Romance|War","rating":6.2,"title":"Las nieves del Kilimanjaro"}