{"summary":"The Moorish General Othello is manipulated into thinking that his new wife Desdemona has been carrying on an affair with his Lieutenant Michael Cassio when in reality, it is all part of the scheme of a bitter Ensign named Iago.","cast":"Micheál MacLiammóir|Suzanne Cloutier|Orson Welles|Robert Coote|Hilton Edwards|Michael Laurence|Fay Compton|Nicholas Bruce|Doris Dowling|Jean Davis|Abdullah Ben Mohamet|Joseph Cotten|Joan Fontaine|Robert Rietty|Gudrun Ure","keywords":"italy|cypress|opening scene is same with ending scene|moor the person|father daughter conflict","year":1951,"director":"Director: Orson Welles","genre":"Drama|History|Romance","rating":7.6,"title":"Otelo"}