{"summary":"Poor health and alcoholism force Grover Cleveland Alexander out of baseball, but through his wife's faithful efforts, he gets a chance for a comeback and redemption.","cast":"Doris Day|Ronald Reagan|Frank Lovejoy|Eve Miller|James Millican|Russ Tamblyn|Gordon Jones|Hugh Sanders|Frank Ferguson|Dorothy Adams|Bob Lemon|Jerry Priddy|Peanuts Lowery|George Metkovich|Irv Noren|Hank Sauer|Al Zarilla|Gene Mauch|Harry Lauter|Sam Bagley|Frank Baker|Richard Bartell|Rodney Bell|John Beradino|Henry Blair|Larry J. Blake|Ward Brant|Ralph Brooks|Morgan Brown|Jack Carr|Jess Cavin|Dick Cherney|Russ Clark|Gordon B. Clarke|Paul Cristo|Tom Daley|Steve Darrell|Jimmie Dodd|Tom Dugan|Bonnie Kay Eddy|Adolph Faylauer|Pat Flaherty|Alan Foster|Ralph Gamble|Lou Gehrig|Art Gilmore|Tom Greenway|Herman Hack|Signe Hack|John Hedloe|Thomas Browne Henry|Lars Hensen|Tex Holden|Jimmie Horan|Charles Horvath|Art Howard|Dick Johnstone|William Kalvino|Fred Kelsey|John Kennedy|Jack Kenney|Donald Kerr|Ann Kunde|Dayton Lummis|Herbert Lytton|Louis Manley|Mickey Mantle|Frank Marlowe|Kathy Marlowe|Mathew McCue|Frank McFarland|Joe McGuinn|Fred Millican|King Mojave|Jack Mower|George Nader|Leslie K. O'Pace|Robert Orrell|Artie Ortego|Arthur Page|Paul Panzer|Kenneth Patterson|Joe Ploski|Murray Pollack|Allan Ray|Joey Ray|Lee Roberts|Robert Robinson|Babe Ruth|Dick Ryan|Frank J. Scannell|Alex Sharp|George Sherwood|Bill Slack|Ray Spiker|Clarence Straight|Brick Sullivan|Charles Sullivan|Hal Taggart|Arthur Tovey|Glen Turnbull|Ralph Volkie|Billy Wayne|Jack Wilson|Tom Wilson|Allen Wood|Pinky Woods","keywords":"psychotronic film|baseball|comeback|world series|vertigo","year":1952,"director":"Director: Lewis Seiler","genre":"Biography|Drama|Romance|Sport","rating":6.5,"title":"The Winning Team"}