{"summary":"After finding out that North American people are visiting the Spanish villages, the citizens of Villar del Río start preparing themselves to welcome them when they arrive.","cast":"Lolita Sevilla|Manolo Morán|José Isbert|Alberto Romea|Elvira Quintillá|Luis Pérez de León|Félix Fernández|Fernando Aguirre|Joaquín Roa|Nicolás D. Perchicot|José Franco|Rafael Alonso|José María Rodríguez|Elisa Méndez|Matilde López Roldán|José Alburquerque|Ángel Álvarez|Manuel Rosellón|Pepito Vidal|José Vivó|Manuel Alexandre|José Castillo|Joaquín Bergía|Rafael Cortés|José Riesgo|Pablo Tallaví|Fernando Rey|Aquilino Ballesteros|Francisco Bonilla|Antonio Florido|Bernardino Laso|Enrique Macedo|José Rodríguez Lapuente|Emilio Santiago|Emilio Vidaurreta","keywords":"marshall plan|mayor|american|dream|flamenco","year":1953,"director":"Director: Luis García Berlanga (as Luis G. Berlanga)","genre":"Comedy","rating":8.0,"title":"¡Bienvenido, Míster Marshall!"}