{"summary":"Washington hostess Sally Adams becomes a Truman-era US ambassador to a European grand duchy.","cast":"Ethel Merman|Donald O'Connor|Vera-Ellen|George Sanders|Billy De Wolfe|Helmut Dantine|Walter Slezak|Steven Geray|Ludwig Stössel|Lilia Skala|Charles Dingle|Emory Parnell|Percy Helton|Elizabeth Allan|Leon Alton|Hanna Axmann-Rezzori|Leon Belasco|Oscar Beregi Sr.|Julio Bonini|John Brascia|Ralph Brooks|Buddy Bryan|George Calliga|George Chakiris|Barrie Chase|Jack Chefe|James Conaty|Heinie Conklin|Charles J. Conrad|Sayre Dearing|Helen Dickson|Don Dillaway|Dante DiPaolo|Johnny Downs|Luigi Faccuito|Fritz Feld|Eddie Firestone|Bess Flowers|Arno Frey|Richard Garrick|Frank Gerstle|Everett Glass|Kit Guard|Sam Harris|Stuart Holmes|Walter Woolf King|Mike Lally|Charles Legneur|Imogene Lynn|Sidney Marion|Matt Mattox|Renny McEvoy|Lal Chand Mehra|Torben Meyer|Harold Miller|Forbes Murray|George Nardelli|Roger Neury|Julie Newmar|William J. O'Brien|Nestor Paiva|Manuel París|Gene Roth|Jeffrey Sayre|Olan Soule|Bert Stevens|Hal Taggart|Charles Tannen|Dale Van Sickel|Ernö Verebes|John Wengraf|Marc Wilder|Mack Williams|Allen Wood|William Yetter Sr.","keywords":"washington monument washington d.c.|ambassador|u.s. ambassador|princess|hostess","year":1953,"director":"Director: Walter Lang","genre":"Comedy|Musical|Romance","rating":6.8,"title":"Llámeme señora"}