{"summary":"A business tycoon decides to wed a Middle Eastern princess whose customs dictate the pair must live apart for several months before marrying; even more complications settle in when the tycoon's ex-fiancée is assigned to chaperone the pair.","cast":"Cary Grant|Deborah Kerr|Walter Pidgeon|Betta St. John|Eduard Franz|Buddy Baer|Les Tremayne|Donald Randolph|Bruce Bennett|Richard Anderson|Dan Tobin|Movita|Gloria Holden|June Clayworth|Dean Miller|Steve Forrest|Jonathan Cott|Patricia Tiernan|John Alvin|Jean Andren|Rama Bai|Dan Barton|Faire Binney|Gail Bonney|Marie Brown|Boyd Cabeen|George Calliga|Steve Carruthers|Ed Cassidy|Jack Chefe|James Conaty|Jim Cronin|Lillian Culver|Andre D'Arcy|Sayre Dearing|Don Dillaway|Dan Dowling|Ken DuMain|Franklyn Farnum|James Farrar|Tom Ferrandini|Charles Fogel|George Ford|Kathleen Freeman|Robert Garvin|Jack George|Inez Gorman|Bernie Gozier|Dabbs Greer|William Hamel|Sam Harris|Margaret Hedin|Mohamed Ilbagi|Aram Katcher|Kenner G. Kemp|Dorothy Kennedy|Hassan Khayyam|Mike Lally|Mary Lawrence|Margie Liszt|Bob Lugo|Alphonse Martell|Merrill McCormick|Beryl McCutcheon|Bert Moorhouse|Jimmy Moss|Virginia Mullen|Forbes Murray|George Nardelli|Robert Nichols|Loulie Jean Norman|Allen O'Locklin|Manuel París|Foster H. Phinney|Murray Pollack|Jose Portugal|Rudy Rama|Waclaw Rekwart|Dick Rich|Vernon Rich|Gordon Richards|Kay Riehl|Jeffrey Sayre|Bernard Sell|Perry Sheehan|Paul Smith|Harry Stanton|Norman Stevans|Charles Sullivan|William Vedder|Gayne Whitman|Estelita Zarco","keywords":"princess|fiance|new york city|middle east|cross cultural relations","year":1953,"director":"Director: Sidney Sheldon","genre":"Comedy|Romance","rating":6.0,"title":"La mujer soñada"}