{"summary":"An Aquatic performer tries to attract the man she loves.","cast":"Esther Williams|Van Johnson|Tony Martin|John Bromfield|Edna Skinner|King Donovan|Paul Bryar|Carroll Baker|Ed Oliver|Peter Adams|Aladdin|Brandon Beach|Hal Berns|Margaret Bert|Harriett Brest|Cyd Charisse|Edward Clark|Oliver Cross|Lillian Culver|George Davies|George Davis|Helen Dickson|Phil Dunham|Maude Erickson|Franklyn Farnum|Adolph Faylauer|Bess Flowers|Charles Fogel|Sig Frohlich|Bud Gaines|Sandra Gould|Fenton Hamilton|Larry Harmon|Sam Harris|Shep Houghton|Virginia Hunter|Byron Kane|Barry Kaufman|Joseph Keane|Carl M. Leviness|Anna Luther|Wilbur Mack|Joseph Mell|Merkel|Jule Frank Merkel|Harold Miller|Frank Mills|David Newell|Emory Parnell|Murray Pollack|Richard Downing Pope|Peggy Remington|Benny Rubin|Loretta Russell|Violet Seton|Perry Sheehan|Dick Simmons|Reginald Simpson|Larri Thomas|John Trebach|Dorothy Vernon|Charles Walters|Betty Wand|June Whitley Taylor","keywords":"woman wears a swimsuit|man wears a swimsuit|water skiing|florida everglades|pantyhose","year":1953,"director":"Director: Charles Walters","genre":"Comedy|Musical|Romance","rating":6.4,"title":"Fácil de amar"}