{"summary":"A priest, who comes under suspicion for murder, cannot clear his name without breaking the seal of the confessional.","cast":"Montgomery Clift|Anne Baxter|Karl Malden|Brian Aherne|O.E. Hasse|Roger Dann|Dolly Haas|Charles Andre|Nan Boardman|Henry Corden|Carmen Gingras|Albert Godderis|Alfred Hitchcock|Renée Hudon|Ovila Légaré|Gilles Pelletier|Judson Pratt","keywords":"priest|church|catholic|confessional|safe full of money","year":1953,"director":"Director: Alfred Hitchcock","genre":"Crime|Drama|Thriller","rating":7.3,"title":"Yo confieso"}