{"summary":"A samurai pursues a married lady-in-waiting.","cast":"Kazuo Hasegawa|Machiko Kyô|Isao Yamagata|Yatarô Kurokawa|Kôtarô Bandô|Jun Tazaki|Koreya Senda|Masao Shimizu|Tatsuya Ishiguro|Kenjirô Uemura|Gen Shimizu|Michiko Araki|Yoshie Minami|Kikue Môri|Ryôsuke Kagawa|Shinobu Araki|Kunitarô Sawamura|Kanji Koshiba|Fujio Harumoto|Taiji Tonoyama|Hiroshi Mizuno|Shôzô Nanbu|Shintarô Nanjô|Toshiaki Konoe|Ryûzaburô Mitsuoka|Eigorô Onoe|Kan Ueda|Seishirô Hara|Sumao Ishihara|Saburô Date|Omenosuke Ichikawa|Tominosuke Hayama|Yukio Horikita|Takaji Fukui|Fumihiko Yokoyama|Akira Shimizu|Tôgo Ônami|Kazue Tamaki|Masayoshi Kikuno|Jun Fujikawa|Tadashi Iwata|Kiyoshi Takikawa|Toshio Chiba|Tokio Oki|Eiichi Kusumoto|Hajime Koshikawa|Hachirô Ôkuni","keywords":"medieval times|japan|stalker|koto|murder","year":1953,"director":"Director: Teinosuke Kinugasa","genre":"Drama|History","rating":7.2,"title":"La puerta del infierno"}