{"summary":"Members of a municipal band, Stanley and Oliver seem to be always following someone else's lead, rather than that of the temperamental conductor. Soon they're out of a job, as well as their... See full summary »","cast":"Stan Laurel|Oliver Hardy|Wilson Benge|Chet Brandenburg|Christian J. Frank|Dick Gilbert|Charlie Hall|William Irving|Ham Kinsey|Otto Lederer|Sam Lufkin|George Rowe|Frank Saputo|Rolfe Sedan|Agnes Steele|Monty O'Grady","keywords":"fired|homeless person|police officer|1920s|getting fired","year":1928,"director":"Director: Edgar Kennedy (as E. Livingston Kennedy)","genre":"Short|Comedy|Music","rating":6.7,"title":"You're Darn Tootin'"}