{"summary":"A cattle herder turned rustler runs from a lynch mob and falls, again, for an ex-lover.","cast":"Barbara Stanwyck|Fred MacMurray|Ward Bond|William Ching|John Dierkes|Morris Ankrum|Jack Elam|Charles Halton|Norman Leavitt|Sam Flint|Myra Marsh|William Kerwin|Tom Keene|Victor Adamson|David Alpert|Al Bain|Gregg Barton|Robert Bice|John Bose|Edward Clark|Joel Fluellen|Byron Foulger|Dolores Fuller|Ron Gans|Nancy Gilbert|Tom Greenway|Al Haskell|Myron Healey|Tex Holden|Charles Horvath|William Hunter|Ray Jones|Jess Kirkpatrick|Emmett Lynn|Russell Meeker|Jack Montgomery|Lew Morphy|Burt Mustin|Anton Northpole|Charles Perry|Joey Ray|Julian Rivero|Robert Robinson|Gene Roth|Steve Rowland|Almira Sessions|Allen D. Sewall|Tom Smith|Earl Spainard|Ted Stanhope|William Steele|Nick Stewart|Slim Talbot|Jack Tornek|Harry Wilson","keywords":"3 dimensional|romantic triangle|cowboy horse relationship|mistaken identity|taming of the shrew","year":1953,"director":"Director: Roy Rowland","genre":"Western","rating":5.8,"title":"Sombras tenebrosas"}