{"summary":"After being punched in the nose, Sach finds out that he has the ability to read minds. Slip and the gang start up a detective agency try to cash in on Sach's new powers.","cast":"Leo Gorcey|Huntz Hall|Bernard Gorcey|Robert Osterloh|Joyce Holden|William 'Bill' Phillips|Rudy Lee|William Forrest|Chick Chandler|David Gorcey|Benny Bartlett|Lou Lubin|Tim Ryan|Peter Mamakos|Edith Leslie|Myron Healey|Michael Jeffers|Carl Saxe|Emil Sitka|Steve Stevens","keywords":"psychotronic film|ransom|district attorney|detective agency|lower east side manhattan new york city","year":1953,"director":"Director: Edward Bernds","genre":"Action|Adventure|Comedy|Crime","rating":6.1,"title":"Private Eyes"}