{"summary":"An anthology film consisting of three very different stories about love set in Europe and told in flashback.","cast":"Pier Angeli|Ethel Barrymore|Leslie Caron|Kirk Douglas|Farley Granger|James Mason|Moira Shearer|Agnes Moorehead|Ricky Nelson|Zsa Zsa Gabor|Richard Anderson|Argentina Brunetti|John Pickard|Frank Wilcox|Ed Agresti|Paula Allen|Ken Anderson|Chris Appel|Lysa Baugher|Peter Brocco|Paul Bryar|Noreen Corcoran|Towyna Dally|Victor Desny|Jimmy Dime|Bruce Edwards|Kay English|Franklyn Farnum|Bertha Feducha|Bess Flowers|Steven Geray|Phyllis Graffeo|Sam Harris|Steve Hayes|Robert Horton|Ann Howard|Bruce Lansbury|Rudy Lee|Celia Lovsky|John Lupton|Paul Maxey|Torben Meyer|Harold Miller|Joan Miller|Ernesto Molinari|Alberto Morin|Leo Mostovoy|Peter Norman|Larry Olsen|Manuel París|Tom Quinn|Jack Raine|Paula Raymond|Suzanne Ridgway|Hayden Rorke|Miklós Rózsa|Frank J. Scannell|Reginald Sheffield|André Siméon|Elizabeth Slifer|Alix Talton|Jack Tesler|Nick Thompson|Kaaren Verne|Florence Wix|Zacharias Yaconelli","keywords":"episodic structure|backstage|reference to shakespeare|clock strikes twelve|shakespearean quote","year":1953,"director":"Directors: Vincente Minnelli, Gottfried Reinhardt","genre":"Drama|Fantasy|Music|Romance","rating":6.9,"title":"Tres amores"}