{"summary":"Shrimpers and oilmen clash when an ambitious wildcatter begins constructing an off-shore oilrig.","cast":"James Stewart|Joanne Dru|Gilbert Roland|Dan Duryea|Jay C. Flippen|Marcia Henderson|Robert Monet|Antonio Moreno|Harry Morgan|Fortunio Bonanova|Mario Siletti|Emile Avery|Alfredo Berumen|Fred Carson|Adrine Champagne|Frank Chase|Antonio Filauri|Donald Green|Jean Hartelle|Ted Mapes|Billy McCoy|Ernesto Molinari|Anton Northpole|Jack Perry|Allen Pinson|Emanuel Russo|Paul Stathes|Tom Steele|Jack Tesler|Dale Van Sickel|Laurie Vining|Ben Welden","keywords":"bare chested male|hairy chest|wildcatter|oil|shrimp","year":1953,"director":"Director: Anthony Mann","genre":"Adventure|Drama","rating":6.6,"title":"Bahía negra"}