{"summary":"A truckdriver kills the husband of the woman he loves, and becomes the object of blackmail.","cast":"Simone Signoret|Raf Vallone|Jacques Duby|Maria Pia Casilio|Marcel André|Martial Rèbe|Paul Frankeur|Alain Terrane|Bernard Véron|Jean Sylvère|Francette Vernillat|Lucien Hubert|Jacques Hilling|Jean Rozenberg|Madeleine Barbulée|Danielle Dumont|Nerio Bernardi|Roland Lesaffre|Sylvie|Jean-Jacques Lécot|Claude Naudès|Chantal Retz","keywords":"character name as title|therese raquin character|two word title|blackmail|train","year":1953,"director":"Director: Marcel Carné","genre":"Crime|Drama|Romance","rating":7.2,"title":"Teresa Raquin"}