{"summary":"A ship sent to investigate a wave of mysterious sinkings encounters the advanced submarine, the Nautilus, commanded by Captain Nemo.","cast":"Kirk Douglas|James Mason|Paul Lukas|Peter Lorre|Robert J. Wilke|Ted de Corsia|Carleton Young|J.M. Kerrigan|Percy Helton|Ted Cooper|Walter Bacon|John Barton|Oscar Blank|Chet Brandenburg|George Bruggeman|John Daheim|Esmeralda|Jack Gargan|Harper Goff|Fred Graham|Charles Grodin|Harry Harvey|Walter Lawrence|Ray Linn Jr.|Dayton Lummis|Eddie Marr|Laurie Mitchell|T. Monaghan|Charles Morton|Ron Nyman|Gloria Pall|Jack Pennick|Bob Reeves|Robert Robinson|John Roy|Jack Stoney|S. Tarnell|Herb Vigran|Sailor Vincent","keywords":"submarine|giant tentacle|submarine captain|submarine crew|futuristic submarine","year":1954,"director":"Director: Richard Fleischer","genre":"Adventure|Drama|Family|Fantasy|Sci-Fi","rating":7.2,"title":"20.000 leguas de viaje submarino"}