{"summary":"After killing a man in self-defense, a young woman is blackmailed by a witness to the killing.","cast":"Anny Ondra|Sara Allgood|Charles Paton|John Longden|Donald Calthrop|Cyril Ritchard|Hannah Jones|Harvey Braban|Ex-Det. Sergt. Bishop|Johnny Ashby|Joan Barry|Johnny Butt|Alfred Hitchcock|Phyllis Konstam|Sam Livesey|Phyllis Monkman|Percy Parsons","keywords":"detective|murder|artist|blackmail|scotland yard","year":1929,"director":"Director: Alfred Hitchcock","genre":"Crime|Thriller","rating":7.0,"title":"Chantaje"}