{"summary":"Peasant Myles Falworth is trained for knighthood and is groomed by various nobles to defeat the evil Earl of Alban who's plotting to usurp King Henry IV's throne.","cast":"Tony Curtis|Janet Leigh|David Farrar|Barbara Rush|Herbert Marshall|Torin Thatcher|Dan O'Herlihy|Patrick O'Neal|Craig Hill|Ian Keith|Doris Lloyd|Rhys Williams|Leonard Mudie|Maurice Marsac|Leo Britt|Charles B. Fitzsimons|Gary Montgomery|Claud Allister|Hamilton Camp|Harry Cording|Nicolas Coster|Charles Evans|Richard B. Fitzgerald|Lance Fuller|Brett Halsey|Chuck Hamilton|Ramsay Hill|Bob Hoy|Nelson Leigh|James Logan|Ralph Moratz|Damian O'Flynn|Reginald Sheffield","keywords":"red wine|chess|pretty girl|fistfight|blonde","year":1954,"director":"Director: Rudolph Maté","genre":"Adventure|History|Romance","rating":6.5,"title":"Coraza negra"}