{"summary":"An American in London, down on his luck, runs into a beautiful blonde in a bar who offers him a lot of money to marry her. Broke and unemployed, he takes her up on it. When he wakes up the ... See full summary »","cast":"Dane Clark|Belinda Lee|Betty Ann Davies|Eleanor Summerfield|Andrew Osborn|Harold Lang|Jill Melford|Alvys Maben|Michael Golden|Nora Gordon|Alfie Bass|Arnold Diamond|Ann Gow|Lindsay Hooper|Cleo Laine|Delphi Lawrence|Arthur Lovegrove|Joe Phelps|Olive Sloane","keywords":"london england|british noir|murder|based on novel","year":1954,"director":"Director: Terence Fisher","genre":"Crime|Drama|Film-Noir|Thriller","rating":6.3,"title":"Murder by Proxy"}