{"summary":"The story of how the British attacked German dams in World War II by using an ingenious technique to drop bombs where they would be most effective.","cast":"Richard Todd|Michael Redgrave|Ursula Jeans|Basil Sydney|Patrick Barr|Ernest Clark|Derek Farr|Charles Carson|Stanley Van Beers|Colin Tapley|Frederick Leister|Eric Messiter|Laidman Browne|Raymond Huntley|Hugh Manning|Edwin Styles|Hugh Moxey|Anthony Shaw|Laurence Naismith|Harold Siddons|Frank Phillips|Brewster Mason|Tony Doonan|Nigel Stock|Brian Nissen|Robert Shaw|Peter Assinder|Richard Leech|Richard Thorp|John Fraser|David Morrell|Bill Kerr|George Baker|Ronald Wilson|Denys Graham|Basil Appleby|Tim Turner|Ewen Solon|Harold Goodwin|Peter Arne|John Breslin|Edward Cast|John Cazabon|Richard Coleman|Philip Dale|Peter Diamond|Gerald Harper|Walter Horsbrugh|Arthur Howard|Patrick Jordan|Lloyd Lamble|Philip Latham|Patrick McGoohan|Jack McNaughton|Robert Moore|Richard Neller|Nina Parry|Howard Pays|Edwin Richfield|Fred Stroud|Robert Brooks Turner","keywords":"raf bomber command|dangerous mission|aircrew|british military|risk taking","year":1955,"director":"Director: Michael Anderson","genre":"Drama|History|War","rating":7.4,"title":"The Dam Busters"}