{"summary":"The rise and fall of Napoleon Bonaparte, Emperor of France.","cast":"Marlon Brando|Jean Simmons|Merle Oberon|Michael Rennie|Cameron Mitchell|Elizabeth Sellars|Charlotte Austin|Cathleen Nesbitt|Evelyn Varden|Isobel Elsom|John Hoyt|Alan Napier|Mary Stewart|Leon Alton|Louis Borel|Sven Hugo Borg|Peter Bourne|Paul Bradley|George Brand|Brad Brown|George Calliga|Harry Carter|Dick Cherney|Larry Crane|Paul Cristo|Richard Deacon|Jack Deery|Florence Dublin|Edith Evanson|Bess Flowers|Richard Garrick|Jack George|Leonard George|Rudy Germane|Sam Gilman|James Gonzalez|A. Cameron Grant|Carolyn Jones|Kenner G. Kemp|Colin Kenny|Marina Koshetz|Nicolas Koster|Ann Kunde|Kay E. Kuter|David Leonard|Judy Lester|Ted Mapes|Jack Mather|Lester Matthews|Dorothy Neumann|William H. O'Brien|Siw Paulsson|Joe Ploski|Jose Portugal|Fred Rapport|Violet Rensing|Gene Roth|John Roy|Cosmo Sardo|Bert Stevens|Arthur Tovey|Richard Van Cleemput","keywords":"emperor|napoleonic wars|french revolution|based on book|character name as title","year":1954,"director":"Director: Henry Koster","genre":"Biography|Drama|History|Romance","rating":6.4,"title":"Desirée"}