{"summary":"When whites hunger after the gold on Ute Indian land, a bigoted young man finds himself forced into a peacekeeping role.","cast":"Audie Murphy|Walter Brennan|Lyle Bettger|Lisa Gaye|Hugh O'Brian|Mara Corday|Jay Silverheels|Emile Meyer|Regis Toomey|Morris Ankrum|Bob Steele|James Anderson|George Wallace|Lane Bradford|Howard McNear|Gregg Barton|Carl Andre|Emile Avery|Wag Blesing|Robert Bray|Doyle Brooks|Bob Burns|Fred Carson|Phil Chambers|Edmund Cobb|Steve Darrell|Sam Finn|Herman Hack|Chester Hayes|Cliff Lyons|Philo McCullough|Ewing Mitchell|Lee Morgan|Joseph Morrissey|Jack Perrin|Steve Raines|Harry Raven|Charles Soldani|Brick Sullivan|Ken Terrell|Tony Urchel|Rusty Wescoatt|William Wilkerson|Lawrence A. Williams|Bob Woodward|Chief Yowlachie","keywords":"indian|indian burial ground|burial|ground|burial ground","year":1954,"director":"Director: Nathan Juran","genre":"Western","rating":6.2,"title":"Tambores fraternos"}