{"summary":"Surreal musical about the time of the execution of Joan of Arc.","cast":"Ingrid Bergman|Tullio Carminati|Giacinto Prandelli|Augusto Romani|Plinio Clabassi|Saturno Meletti|Agnese Dubbini|Pietro de Palma|Aldo Tenossi|Pina Esca|Marcella Pillo|Giovanni Acolati|Miriam Pierazzini|Rina Dei|Gerardo Gaudioso|Luigi Paolillo|Marcella Pobbe|Mario Prandelli|Silvio Santanelli|Anna Tarallo","keywords":"female knight|joan of arc character|reference to joan of arc|15th century|female protagonist","year":1954,"director":"Director: Roberto Rossellini","genre":"Biography|Drama|History|Musical","rating":5.7,"title":"Juana de Arco"}