{"summary":"In Colombia, mining engineer Rian Mitchell discovers Carrero, the lost emerald mine of the Conquistadors, but has to contend with notorious local bandit El Moro's gang and with coffee planter Catherine Knowland's love.","cast":"Stewart Granger|Grace Kelly|Paul Douglas|John Ericson|Murvyn Vye|José Torvay|Robert Tafur|Joe Dominguez|Nacho Galindo|Charlita|Natividad Vacío|Rico Alaniz|Paul Marion|Bobby Dominguez|Mary Delgado|Frances Dominguez|Martin Garralaga|Joe Herrera|Rodolfo Hoyos Jr.|Juli Loffredo|Tina Menard|Lillian Molieri|Alberto Morin|Charles Stevens","keywords":"emerald mine|hairy chest|homosexual subtext|anthropogenic avalanche|anthropogenic disaster","year":1954,"director":"Director: Andrew Marton","genre":"Adventure|Drama","rating":5.9,"title":"Fuego verde"}