{"summary":"While leading the Third Crusade, King Richard the Lionheart (George Sanders) battles treachery in his own camp as well as the Saracens and their charismatic leader Emir Hderim Sultan Saladin (Sir Rex Harrison).","cast":"Rex Harrison|Virginia Mayo|George Sanders|Laurence Harvey|Robert Douglas|Michael Pate|Paula Raymond|Lester Matthews|Anthony Eustrel|Henry Corden|Wilton Graff|Nejla Ates|Nick Cravat|Leslie Bradley|Bruce Lester|Mark Dana|Peter Ortiz|Richard Boyer|Abdullah Abbas|John Alderson|David Alpert|Rudolph Anders|Mylee Andreason|Tom Blakiston|Erik Blythe|Rye Butler|David Cavendish|Larry Chance|Harry Cording|Herbert Deans|John Epper|Frank Hagney|Mark Hanna|Lumsden Hare|Steve Hayes|Gordon Heaver|Ivo Henderson|Lars Hensen|John Holland|Robin Hughes|Van Kirke|James Liburn|Paul Marion|Shepard Menken|Frank Mills|Gavin Moore|Leonard Mudie|Gavin Muir|James O'Hara|Richard Peel|Leonard Penn|Guy Prescott|Otto Reichow|Thayer Roberts|Bill Stretch|Robert Tafur|Nick Thompson|Nelson Welch","keywords":"third crusade|crusade|based on true story|based on novel|manipulative female","year":1954,"director":"Director: David Butler","genre":"Adventure|History|Romance|War","rating":5.6,"title":"El talismán"}