{"summary":"A philanderer fakes suicide with unexpected consequences.","cast":"Gérard Philipe|Valerie Hobson|Joan Greenwood|Margaret Johnston|Natasha Parry|Germaine Montero|Julie Anslow|Mae Bacon|Martin Benson|John Boston|Gerald Campion|Beryl Cooke|David Coote|Diana Decker|Margot Field|Richard Hart|Arthur Howard|Paul Huson|Monica MacLeod|Percy Marmont|Judith Nelmes|Eric Pohlmann|Bill Shine|Harry Towb|Bette Vivian|Eileen Way","keywords":"deception|womanizer|philanderer|wallpaper|wallpapering a wall","year":1954,"director":"Director: René Clément","genre":"Comedy|Drama|Romance","rating":6.7,"title":"Monsieur Ripois"}