{"summary":"Fernand Sarrasin, nicknamed Noël, is a nougat manufacturer in his fifties who lives an uneventful life in Montélimar. One day he saves a young girl called Cécilia from drowning and falls in... See full summary »","cast":"Fernandel|Nicole Berger|Andrex|Georges Chamarat|Denise Grey|Gaston Rey|Maria Zanoli|Jacqueline Noëlle|Mag-Avril|Madeleine Sylvain|Edmond Ardisson|Mimo Billi|Enrico Glori|Julien Maffre|René Worms|Geo Georgey|Jenny Hélia|Marthe Marty|Viviane Méry|Manuel Gary|Philippe Nicaud|Claude Nollier|Paolo Stoppa|Bruce Kay|Liliane Robin|Suzy Rossi|Fernand Sardou|Jackie Sardou|Pierre Vaudier","keywords":"season in title|melodrama|based on novel","year":1955,"director":"Director: Gilles Grangier","genre":"Comedy|Drama","rating":5.3,"title":"Le printemps, l'automne et l'amour"}