{"summary":"In WW2 Burma, a Canadian bomber pilot becomes reckless after losing his bride in a Luftwaffe air-raid.","cast":"Gregory Peck|Win Min Than|Brenda de Banzie|Bernard Lee|Maurice Denham|Lyndon Brook|Anthony Bushell|Josephine Griffin|Ram Gopal|Dorothy Alison|Peter Arne|Ernest Blyth|Kurt Christian|Jack McNaughton|Lane Meddick|Harold Siddons|Mya Mya Spencer|John A. Tinn|Soo Ah Wong","keywords":"pilot|canadian|burma|death wish|recklessness","year":1954,"director":"Director: Robert Parrish","genre":"Adventure|Drama|War|Action","rating":6.5,"title":"Llanura roja"}