{"summary":"A care-free girl is sold to a traveling entertainer, consequently enduring physical and emotional pain along the way.","cast":"Anthony Quinn|Giulietta Masina|Richard Basehart|Aldo Silvani|Marcella Rovere|Livia Venturini|Pietro Ceccarelli|Giovanna Galli|Gustavo Giorgi|Yami Kamadeva|Mario Passante|Anna Primula|Goffredo Unger|Nazzareno Zamperla","keywords":"drunkenness|happiness|circus|road movie|magical realism","year":1954,"director":"Director: Federico Fellini","genre":"Drama","rating":8.0,"title":"La Strada"}