{"summary":"Two teenagers, one an atheist and the other a Christian, fall in love at a brutal reform school.","cast":"Lina Basquette|Marie Prevost|Tom Keene|Noah Beery|Eddie Quillan|Mary Jane Irving|Clarence Burton|Richard Alexander|Kate Price|Hedwiga Reicher|Julia Faye|Viola Louie|Emily Barrye|Jimmy Aldine|John Batten|Vivian Bay|Elaine Bennett|Valentine Black|Wade Boteler|Betty Boyd|Julia Brown|Archie Burke|Louise Carver|Colin Chase|Cameron C. Coffey|Cecilia de Mille|Joseph Depew|Jacqueline Dyrese|George D. Ellis|Anielka Elter|Estella Essex|Jim Farley|Marion Feducha|Larry Fisher|Artye Folz|Mary Foy|Evelyn Francisco|Mae Giraci|Grace Gordon|Milton Holmes|William Humphrey|George Irving|Peaches Jackson|Maxine Jennings|Dolores Johnson|Kenneth Johnson|Jane Keckley|Patricia Kelly|Nora Kildare|Richard Lapan|Edith May|Mary Mayberry|Ida Mae McKenzie|Bud McQuoid|Collette Merton|Buddy Messinger|Pat Moore|Jack Murphy|Patricia Palmer|Janice Peters|Hortense Petra|Gertrude Quality|Rae Randall|Lewis Sargent|Lyle Talbot|Billie Van Every|Mavis Villiers|Dorothy Wax|Chief Wheeler|Robert Young","keywords":"reform school|high school|sadistic prison guard|torture|shower","year":1928,"director":"Director: Cecil B. DeMille","genre":"Drama","rating":7.2,"title":"La incrédula"}