{"summary":"Two rival motorcycle gangs terrorize a small town after one of their leaders is thrown in jail.","cast":"Marlon Brando|Mary Murphy|Robert Keith|Lee Marvin|Jay C. Flippen|Peggy Maley|Hugh Sanders|Ray Teal|John Brown|Will Wright|Robert Osterloh|William Vedder|Yvonne Doughty|Wally Albright|Chris Alcaide|Don Anderson|Robert Anderson|Robert Bice|Nicky Blair|Norman Budd|Timothy Carey|Fred Carson|Charles Cirillo|Bill Clark|Keith Clarke|Jim Connell|Bill Coontz|Ted Cooper|Dude Criswell|Russell Custer|Roy Damron|George Dockstader|John Doucette|Darren Dublin|Johnny Duncan|Larry Duran|Richard Farnsworth|Don Fera|Duke Fishman|Jack Gargan|Sam Gilman|Frank Hagney|Joe Haworth|Pepe Hern|Whitey Hughes|Walt La Rue|Harry Landers|Carey Loftin|Eve March|Patrick Miller|Mort Mills|Alvy Moore|Mary Newton|Kathleen O'Malley|Pat O'Malley|Jerry Paris|Eugene Peterson|K.L. Smith|Angela Stevens|Gil Stratton|Jerry Sullivan|John Tarangelo|Del Tenney|Bruno VeSota|Danny Welton|Blackie Whiteford","keywords":"1950s|gang|motorcycle|small town|motorcycle gang","year":1953,"director":"Director: Laslo Benedek","genre":"Crime|Drama|Romance|Thriller","rating":6.8,"title":"Salvaje"}