{"summary":"An upper-class widow falls in love with a much younger, down-to-earth nurseryman, much to the disapproval of her children and criticism of her country club peers.","cast":"Jane Wyman|Rock Hudson|Agnes Moorehead|Conrad Nagel|Virginia Grey|Gloria Talbott|William Reynolds|Charles Drake|Hayden Rorke|Jacqueline deWit|Leigh Snowden|Donald Curtis|Alex Gerry|Nestor Paiva|Forrest Lewis|Tol Avery|Merry Anders|Helen Andrews|Eleanor Audley|Lillian Culver|Jack Davidson|Alan DeWitt|Helen Dickson|Donna Jo Gribble|Jim Hayward|Helene Heigh|David Janssen|Anthony Jochim|Paul Keast|Jack Lomas|Helen Mayon|Joseph Mell|Forbes Murray|Vernon Rich|Gia Scala|Charles Sherlock|Edna Smith|Paul Smith|Rosa Turich","keywords":"widow|gossip|older woman younger man relationship|star crossed lovers|melodrama","year":1955,"director":"Director: Douglas Sirk","genre":"Drama|Romance","rating":7.6,"title":"Sólo el cielo lo sabe"}