{"summary":"Rosario Scimoni is twenty years old and lives in Catania at the beginning of this century. He loves two things in life: women and money and he is the secretary of the mayor who is his uncle... See full summary »","cast":"Alberto Sordi|Marco Guglielmi|Franco Coop|Luisa Della Noce|Franco Jamonte|Elena Gini|Elli Parvo|Armenia Balducci|Carlo Sposito|Giovanni Di Benedetto|Antonio Acqua|Gino Baghetti|Gino Buzzanca|Fernando Cerulli|Giacomo Furia|Victor Ledda|Archibald L. Lyall|Franco Migliacci|Luigi Moneta|Peppino Nicolosi|Giuseppe Stagnitti|Vando Tress|Catherine Zago|Branko Bokun|Luciano Bonanni|Nando Bruno|Gina Cinquini|Ada Colangeli|Gustavo Giorgi|Marco Mazza|Maria Virginia Onorato|Turi Pandolfini|Piero Pastore|Alessandro Tedeschi|Tullio Tomadoni|Gaetano Verna","keywords":"fascist|sicily|prison|post war|rome italy","year":1954,"director":"Director: Luigi Zampa","genre":"Comedy","rating":6.7,"title":"L'arte di arrangiarsi"}