{"summary":"A sharecropper decides to become a preacher after falling for a vamp from the city.","cast":"Daniel L. Haynes|Nina Mae McKinney|William Fountaine|Harry Gray|Fanny Belle DeKnight|Everett McGarrity|Victoria Spivey|Milton Dickerson|Robert Couch|Walter Tait|Dixie Jubilee Singers|Matthew 'Stymie' Beard|Evelyn Pope Burwell|Eddie Conners|William Allen Garrison|Eva Jessye|Sam McDaniel|Clarence Muse|Madame Sul-Te-Wan|Blue Washington|Georgia Woodruff","keywords":"sharecropper|crooked gambling|shootout|mortally wounded|dancer","year":1929,"director":"Director: King Vidor","genre":"Drama|Musical","rating":6.8,"title":"Aleluya"}