{"summary":"Allied prisoners of various nationalities pool their resources to plan numerous escapes from an \"escape-proof\" German P.O.W. camp housed in a Medieval castle.","cast":"John Mills|Christopher Rhodes|Lionel Jeffries|Bryan Forbes|Guido Lorraine|Witold Sikorski|A. Blichewicz|B. Dolinski|Anton Diffring|Richard Wattis|Ian Carmichael|Eric Portman|Frederick Valk|Leo Bieber|Denis Shaw|Rudolph Offenbach|Theodore Bikel|Keith Pyott|Eugene Deckers|Arthur Butcher|David Yates|Douglas Argent|Terence Brook|Frank Coburn|Eric Corrie|John Corrie|Anthony Faramus|Eric Lander|Kenneth Midwood|Peter Myers|Claude Le Saché|Zygmunt Rewkowski|Carl Duering|Ludwik Lawinski|Peter Swanwick|John G. Heller|Jean Driant|Jean Bacon|Frederick Schiller|Guy Deghy|Chris Adcock|Ted Carroll|Austin Cooper|Reggie de Beer|Steve Donahue|Roy Everson|Victor Harrington|George Holdcroft|Lindsay Hooper|Arthur Howell|Barry Johns|Cyril Kent|Anthony Lang|Jack Mandeville|Arthur Mullard|Jim O'Brady|Cecil Paul|Oscar Quitak|Ernie Rice|Jeff Silk|Guy Standeven|Emile Stemmler|Robert Brooks Turner|Robert Vossler|Joe Wadham|Johnny Wyne","keywords":"escape|prisoner of war|world war two|based on novel|nazi","year":1955,"director":"Director: Guy Hamilton","genre":"Drama|History|War","rating":7.0,"title":"The Colditz Story"}