{"summary":"A dramatization of the American general and his court martial for publically complaining about High Command's dismissal and neglect of the aerial fighting forces.","cast":"Gary Cooper|Charles Bickford|Ralph Bellamy|Rod Steiger|Elizabeth Montgomery|Fred Clark|James Daly|Jack Lord|Peter Graves|Darren McGavin|Robert F. Simon|Charles Dingle|Dayton Lummis|Tom McKee|Stephen Roberts|Herbert Heyes|Robert Brubaker|Phil Arnold|Ian Wolfe|Will Wright|Abdullah Abbas|Peter Adams|John Alban|Griff Barnett|Robert Bice|Marshall Bradford|Charles Chaplin Jr.|Mario Cimino|Dan Dowling|Jack Ellis|Norman Field|William Forrest|William Fox|Art Gilmore|Joe Haworth|William Henry|Lars Hensen|Edna Holland|Steve Holland|Stuart Holmes|Charles Anthony Hughes|Charles Keane|Edward Keane|Fred Kelsey|Adam Kennedy|Mike Lally|King Lockwood|Cy Malis|Alan Marston|John Maxwell|George Mayon|Harold Miller|Ewing Mitchell|Al Page|Fred Perce|Jack Perrin|Hal Rand|Clark Ross|Manning Ross|Bernard Sell|Jordan Shelley|Leslie Sketchley|G. Albert Smith|Howard Smith|Joel Smith|Norman Stevans|Bert Stevens|Max Wagner|Gregory Walcott|Frank Wilcox|Robert B. Williams|William Yokota|Carleton Young","keywords":"court martial|billy mitchell character|congressman|widow|visionary","year":1955,"director":"Director: Otto Preminger","genre":"Biography|Drama|War","rating":6.8,"title":"El proceso de Billy Mitchell"}