{"summary":"An ex-Nazi mad scientist uses radio-controlled atomic-powered zombies in his quest to help an exiled American gangster return to power.","cast":"Richard Denning|Angela Stevens|S. John Launer|Michael Granger|Gregory Gaye|Linda Bennett|Tristram Coffin|Harry Lauter|Larry J. Blake|Charles Evans|Pierre Watkin|Paul Bradley|George Bruggeman|Lane Chandler|Bill Clark|Edward Coch|Dick Crockett|Richard H. Cutting|Karl 'Killer' Davis|Eddie Foster|Terry Frost|Jack Gordon|Don C. Harvey|Chuck Hicks|Paul Hoffman|Charles Horvath|Nelson Leigh|Tyler McVey|Boyd 'Red' Morgan|Sol Murgi|George Nardelli|Michael Ross|John Roy|Cap Somers","keywords":"reanimated corpse|zombie|psychotronic film|murder|mad scientist","year":1955,"director":"Director: Edward L. Cahn","genre":"Crime|Horror|Sci-Fi|Thriller","rating":5.5,"title":"La criatura con cerebro atómico"}