{"summary":"American G.I.s who trespass on a Hindu ceremony are hunted down by a beautiful woman who has the power to transform herself into a cobra.","cast":"Faith Domergue|Richard Long|Marshall Thompson|Kathleen Hughes|William Reynolds|Jack Kelly|Myrna Hansen|David Janssen|Leonard Strong|James Dobson|Walter Coy|Carl Carlsson|Ruth Carlsson|Olan Soule|Helen Wallace|Mary Alan Hokanson|John Halloran|Alan Reynolds|David Armstrong|Rama Bai|George Calliga|Dick Cherney|Paul Cristo|George DeNormand|Don Dillaway|George Ford|Ben Frommer|Chuck Hamilton|Sam Harris|Chester Hayes|Shep Houghton|Walter Lawrence|Charles Morton|Jack Perry|Edward Platt|Murray Pollack|Paul Power|John Roy|Bing Russell|Jack Rutherford|George Sowards|William Vedder|Jarl Victor|Lawrence A. Williams","keywords":"cobra|1940s|apartment|snake charmer|car accident","year":1955,"director":"Director: Francis D. Lyon","genre":"Fantasy|Horror","rating":5.8,"title":"Cult of the Cobra"}