{"summary":"A woman unhappy in her passionless marriage leaves her husband for a younger and more ardent lover.","cast":"Vivien Leigh|Kenneth More|Eric Portman|Emlyn Williams|Moira Lister|Arthur Hill|Dandy Nichols|Jimmy Hanley|Miriam Karlin|Heather Thatcher|Bill Shine|Brian Oulton|Sidney James|Alec McCowen|Gibb McLaughlin|Raymond Francis|Mandy Harper","keywords":"marriage|royal air force|officer|discontent|redemption","year":1955,"director":"Director: Anatole Litvak","genre":"Drama|Romance","rating":6.6,"title":"The Deep Blue Sea"}