{"summary":"In WW2 London, a writer falls in-love with the wife of a British civil servant but both men suspect her of infidelity with yet another man.","cast":"Deborah Kerr|Van Johnson|John Mills|Peter Cushing|Michael Goodliffe|Stephen Murray|Charles Goldner|Nora Swinburne|Frederick Leister|Mary Williams|Laurence Shiel|Elsie Wagstaff|Christopher Warbey|Nan Munro|Joyce Carey|Josephine Wilson|Victor Maddern|David Bird|Sheila Ward|Edwin Ellis|Stanley Rose|Bart Allison|W. Thorp Deverreux|Mary Reed|Margaret Holmes|John H. Watson|Donald Gray|Mandy Harper|King George VI|Jack May|Princess Margaret|Queen Elizabeth II|Queen Elizabeth the Queen Mother","keywords":"victory in europe day|party|star crossed lovers|speech|self sacrifice","year":1955,"director":"Director: Edward Dmytryk","genre":"Drama|Romance","rating":6.6,"title":"Vivir un gran amor"}