{"summary":"At the Conservatory of Vienna the student only have eyes for their beautiful singing teacher, tenor Eric Walter.","cast":"Jean Marais|Brigitte Bardot|Isabelle Pia|Yves Robert|Edmond Beauchamp|Lila Kedrova|Yvette Etiévant|George Reich|Léon Daubrel|Marcelle Hainia|Alain Nobis|François Valorbe|Daniel Emilfork|Pierre Duprez|Georges Baconnet|Anne Collette|Odile Rodin|Guy Bedos|Robert Clausse|Régis Fontenay|Véra Durey|Claudie Chevallière|Yva Synkova|Danielle Heymann|Mylène Demongeot|Pascale Audret|Denise Noël|Mischa Auer|Bernard Cara|Madeleine Ganne|Mireille Granelli|Andréa Parisy|France Roche|Roger Vadim|Simone Vannier|Valérie Vivin|Jean Wiener","keywords":"piano|ill mother|bedridden mother|emotional depression|emotional blackmail","year":1955,"director":"Director: Marc Allégret","genre":"Comedy|Drama","rating":5.1,"title":"Futures vedettes"}