{"summary":"The Girl in the Red Velvet Swing is the true story of Evelyn Nesbit (Dame Joan Collins), a beautiful showgirl caught in a love triangle with elderly architect Stanford White (Ray Milland) and eccentric young millionaire Harry K. Thaw (Farley Granger).","cast":"Ray Milland|Joan Collins|Farley Granger|Luther Adler|Cornelia Otis Skinner|Glenda Farrell|Frances Fuller|Phillip Reed|Gale Robbins|James Lorimer|John Hoyt|Robert F. Simon|Harvey Stephens|Emile Meyer|Rosemarie Ace|Robert Adler|Aladdin|Fred Aldrich|Suzanne Alexander|Heather Ames|Raymond Bailey|Frank Baker|Phil Bloom|Rudy Bowman|Paul Bradley|Harry Carter|Betty Caulfield|Bill Clark|Edmund Cobb|Samuel Colt|James Conaty|Bing Conley|Peggy Connelly|Oliver Cross|Midgie Dare|Steve Darrell|Jimmy Dime|Diane DuBois|Fred Essler|Edith Evanson|Art Felix|Marlene Felton|Charles Ferguson|George Ford|William Forrest|Paul Glass|Kit Guard|Robert Haines|Stuart Hall|Kay Hammond|Buck Harrington|Sam Harris|Chester Hayes|Edna Holland|Stuart Holmes|Art Howard|Karolee Kelly|Colin Kenny|Johnny Kern|Henry Kulky|Mike Lally|Ruta Lee|Theresa Lyons|Wilbur Mack|Jerry Martin|Thomas Martin|Mathew McCue|Frank McLure|Harold Miller|Frank Mills|Leonard Mudie|Barry Norton|Monty O'Grady|Leslie Parrish|Charles Perry|Murray Pollack|Paul Power|Ainslie Pryor|Jack Raine|Fred Rapport|Harry Raven|Robert Robinson|John Roy|Harry Seymour|Cap Somers|Earl Spainard|Ray Spiker|Brick Sullivan|Charles Tannen|Richard Travis|Ivan Triesault|Helen Van Tuyl|Max Wagner|Fred Walton|Barbara Wilson","keywords":"seductive|period drama|love triangle|swing|showgirl","year":1955,"director":"Director: Richard Fleischer","genre":"Biography|Crime|Drama|History|Romance","rating":6.5,"title":"La muchacha del trapecio rojo"}