{"summary":"Tomboyish outcast \"Cinder\" Ella and the duke's charming son Charles fall in love in this comedic rendition of the classic fairy tale.","cast":"Leslie Caron|Michael Wilding|Keenan Wynn|Estelle Winwood|Elsa Lanchester|Barry Jones|Amanda Blake|Lisa Daniels|Lurene Tuttle|Liliane Montevecchi|Les Ballets de Paris|David Ahdar|Jessie Arnold|Dawn Bender|Margaret Bert|Arline Bletcher|Gail Bonney|Hugh Boswell|Lovyss Bradley|George Calliga|Mary Ellen Clemons|Robert Cole|Lillian Culver|Lucille Curtis|Linda Danson|Bobby Diamond|Robert Dix|Richard Emory|Sue George|James Gonzalez|Ronald Green|Sam Harris|Chester Hayes|Steve Hayes|Nikki Juston|David Kasday|Kenner G. Kemp|Doris Kemper|Caryl Lincoln|Robert Locke Lorraine|Tyler MacDuff|Wilbur Mack|May McAvoy|William H. O'Brien|Norman Ollestad|Bud Osborne|Walter Pidgeon|Jean Ransome|Kay Riehl|Norbert Schiller|Kathryn Sheldon|Reginald Simpson|Elizabeth Slifer|Robert R. Stephenson|Bert Stevens|Jack Tornek|Violette Verdy|Gisele Verlaine|Harte Wayne|Jeane Wood","keywords":"f rated|romantic rivalry|male female relationship|male male relationship|homosexual subtext","year":1955,"director":"Director: Charles Walters","genre":"Fantasy|Musical|Romance","rating":6.5,"title":"La zapatilla de cristal"}