{"summary":"In New York, a gambler is challenged to take a cold female missionary to Havana, but they fall for each other, and the bet has a hidden motive to finance a crap game.","cast":"Marlon Brando|Jean Simmons|Frank Sinatra|Vivian Blaine|Robert Keith|Stubby Kaye|B.S. Pully|Johnny Silver|Sheldon Leonard|Danny Dayton|George E. Stone|Regis Toomey|Kathryn Givney|Veda Ann Borg|Mary Alan Hokanson|Joe McTurk|Kay E. Kuter|Stapleton Kent|Renee Renor|The Goldwyn Girls|George Boyce|Barbara Brent|Steve Carruthers|Gordon Carveth|Jack Chefe|Noble 'Kid' Chissell|Russell Custer|Jann Darlyn|Madelyn Darrow|Sayre Dearing|Larry Duran|Joe Evans|Franklyn Farnum|Adolph Faylauer|Bess Flowers|Charles Fogel|Rubén de Fuentes|Tony Galento|Rudy Germane|Joe Gray|Robert Haines|Stuart Hall|Sam Harris|Earle Hodgins|John Indrisano|Donald Kerr|June Kirby|Maurice Marks|Thomas Martin|Matt Mattox|Bert May|Harold Miller|Charles Morton|Matt Murphy|Troy Patterson|Jack Perry|Foster H. Phinney|Joe Ploski|Frank Richards|Julian Rivero|Edwin Rochelle|Tony Rosa|John Roy|Jeffrey Sayre|Bernard Sell|Pat Sheehan|Leslie Sketchley|Buddy Spencer|Norman Stevans|Brick Sullivan|Larri Thomas|Harry Tyler|Sandra Warner|Sonia Werner|Harry Wilson","keywords":"mission|gambler|new york city|based on stage musical|havana cuba","year":1955,"director":"Director: Joseph L. Mankiewicz","genre":"Comedy|Crime|Musical|Romance","rating":7.1,"title":"Ellos y ellas"}