{"summary":"In a lower-class London community of small shops, open-air vendors and flea-marketers, Joe, a small boy, lives with his mother, Joanne, who works in and rooms above the Kandinsky tailor ... See full summary »","cast":"Celia Johnson|Diana Dors|David Kossoff|Joe Robinson|Jonathan Ashmore|Brenda de Banzie|Primo Carnera|Lou Jacobi|Irene Handl|Danny Green|Sydney Tafler|Sidney James|Vera Day|Daphne Anderson|Joseph Tomelty|Harold Berens|Bart Allison|Barbara Archer|Harry Baird|Alfie Bass|Bruce Beeby|Frank Blake|Rosalind Boxall|Alanna Boyce|Paddy Brannigan|Madge Brindley|Eddie Byrne|Ashr Day|Max Denne|Peter Gilmore|Harold Goodwin|Nora Gordon|Charlie Green|Ray Hunter|George Hurst|Lily Kann|Harold Kasket|Sam Kydd|Meier Leibovitch|Locarno|Harry Locke|James Lomas|Arthur Lovegrove|Martin Lyder|Edward Malin|Lew Marco|Spike Milligan|Norman Mitchell|Judith Nelmes|Jim O'Brady|Mollie Palmer|Dido Plumb|Harry Purvis|Raymond Rollett|Marigold Russell|Charles Saynor|Jack Sharp|Arthur Skinner|Derek Sydney|Peter Taylor|Robert Brooks Turner|Barbara Windsor","keywords":"cobbler the shoemaker|shoe|unicorn|tailor|horn","year":1955,"director":"Director: Carol Reed","genre":"Comedy|Drama|Family|Fantasy|Sport","rating":6.5,"title":"El niño y el unicornio"}