{"summary":"A roguish poet is given the run of the scheming Wazir's harem while pretending to help him usurp the young caliph.","cast":"Howard Keel|Ann Blyth|Dolores Gray|Vic Damone|Monty Woolley|Sebastian Cabot|Jay C. Flippen|Mike Mazurki|Jack Elam|Ted de Corsia|Ray Aghayan|Ed Agresti|Richard Alameda|Suzanne Ames|Jan Arvan|William Bagdad|Ross Bagdasarian|Rama Bai|Nita Bieber|John Bleifer|Lennie Bluett|Herman Boden|David Bond|George Bruggeman|Buddy Bryan|Barrie Chase|Noel Cravat|Jack Dodds|Patricia Dunn|Jamie Farr|Vera Francis|Louise Franklin|Naji Gabbay|Leonard George|Bernie Hamilton|Jean Hartelle|Edmund Hashim|Hilo Hattie|David Hoffman|Sam Hunter|Dick Johnstone|Dulcy Jordan|George Keymas|George Khoury|Kimo|June Kirby|Van Kirke|Marc Krah|Walter Kray|Ethan Laidlaw|Norman Leavitt|Alan Lee|Luana Lee|Vera Lee|Virginia Lee|Wonci Lui|Guy Manford|John Mansfield|Charles Mauu|Reed Maxcy|Bert May|Maria McClay|Frank Mitchell|Leonard Mudie|Naji|Diana Norris|Donna Norris|Don Orlando|Hamil Petroff|Frank Radcliffe|Gloria Rhoads|Phil Rich|Julie Robinson|Herman Rudin|Reiko Sato|Sam Scar|Norbert Schiller|Pat Sheehan|Reginald Lal Singh|Aaron Spelling|Nick Thompson|Arthur Tookoian|Dee Turnell|Bruno VeSota|Charles Wagenheim|George Wandell|Mel Welles|Marc Wilder|Norman Wright","keywords":"remake|camp|impostor|beggar|male female relationship","year":1955,"director":"Directors: Vincente Minnelli, Stanley Donen (uncredited)","genre":"Adventure|Musical|Fantasy|Comedy|Romance","rating":6.3,"title":"Un extraño en el paraíso"}