{"summary":"The romantic tale of a sheltered uptown Cocker Spaniel dog and a streetwise downtown Mutt.","cast":"Peggy Lee|Larry Roberts|Bill Baucom|Verna Felton|George Givot|Stan Freberg|Lee Millar|Barbara Luddy|Bill Thompson|Dal McKennon|Alan Reed|The Mellowmen Quartet|Taylor Holmes","keywords":"dog|title based on song|aunt|baby|cat","year":1955,"director":"Directors: Clyde Geronimi, Wilfred Jackson | 2 more credits »","genre":"Animation|Adventure|Comedy|Drama|Family|Romance","rating":7.3,"title":"La dama y el vagabundo"}