{"summary":"A young orphan is sent to the village of Moonfleet, in Dorset, England to stay with his mother's former lover, who has the facade of a gentleman but is a leader of a gang of swashbuckling bootleggers. The duo went on a treasure hunt.","cast":"Stewart Granger|George Sanders|Joan Greenwood|Viveca Lindfors|Jon Whiteley|Liliane Montevecchi|Melville Cooper|Sean McClory|Alan Napier|John Hoyt|Donna Corcoran|Jack Elam|Dan Seymour|Ian Wolfe|Lester Matthews|Skelton Knaggs|Richard Hale|John Alderson|Ashley Cowan|Frank Ferguson|Booth Colman|Oliver Blake|Leo Britt|Dorinda Clifton|Tom Cound|Charles Davis|Jean Del Val|Michelle Ducasse|Elspeth Dudgeon|George Ford|Alex Frazer|Stuart Hall|Dick Johnstone|Lillian Kemble-Cooper|Colin Kenny|Guy Kingsford|James Logan|Peggy Maley|Keith McConnell|John O'Malley|Patrick O'Moore|Bruce Payne|Hilda Plowright|Jack Raine|Gordon Richards|Erin Selwyn|Guy Teague|Wilson Wood|Ben Wright","keywords":"dorset england|smuggler|smuggling|diamond|village","year":1955,"director":"Director: Fritz Lang","genre":"Adventure|Drama","rating":6.7,"title":"Los contrabandistas de Moonfleet"}