{"summary":"The police investigates five possible suspects in the murder of a greedy and scheming woman who wronged them.","cast":"Marie Windsor|John Archer|Patric Knowles|Nancy Gates|Jil Jarmyn|Richard Crane|Fern Hall|Louis Jean Heydt|John Gallaudet|Douglas Wood|Percy Helton|Morris Ankrum|Paul Bryar|Morris Buchanan|Ted Cooper|Franklyn Farnum|Joe Gilbert|Hans Moebus|Charles Perry|Joe Phillips|Will J. White","keywords":"dead woman on the floor|shooting a woman|dysfunctional marriage|adulterous wife|male male relationship","year":1955,"director":"Director: Franklin Adreon","genre":"Crime|Film-Noir|Mystery|Romance","rating":6.3,"title":"No Man's Woman"}