{"summary":"An ego-driven, aspiring physician, intolerant of the weaknesses of others, especially those closest to him, comes to grips with his own imperfections.","cast":"Olivia de Havilland|Robert Mitchum|Frank Sinatra|Gloria Grahame|Broderick Crawford|Charles Bickford|Myron McCormick|Lon Chaney Jr.|Jesse White|Harry Morgan|Lee Marvin|Virginia Christine|Whit Bissell|Jack Raine|Mae Clarke|William Vedder|John Dierkes|Al Murphy|David Alpert|Robert Bailey|Gail Bonney|Ralph Brooks|Brad Brown|Steve Carruthers|James Conaty|Jack Daly|King Donovan|Marlo Dwyer|Franklyn Farnum|Tom Ferrandini|Israel Garcia|John Goddard|Herschel Graham|Paul Guilfoyle|Don C. Harvey|Jimmy Hawkins|Earle Hodgins|Gertrude Hoffman|Stuart Holmes|Shep Houghton|Frank Jenks|Donald Kerr|Nancy Kulp|Harry Lauter|Kate MacKenna|Eve McVeagh|Frank Mills|Juanita Moore|Ralph Moratz|Scotty Morrow|Dorothy Neumann|Frank Orth|Jerry Paris|Bob Perry|Stafford Repp|Suzanne Ridgway|Scott Seaton|Harry Shannon|Mabel Smaney|Carl 'Alfalfa' Switzer|Irene Tedrow|Herb Vigran|Mack Williams|Will Wright","keywords":"marital estrangement|reconciliation|unwanted pregnancy|terminal illness|unplanned pregnancy","year":1955,"director":"Director: Stanley Kramer","genre":"Drama|Film-Noir|Romance","rating":6.7,"title":"No serás un extraño"}