{"summary":"In 1927, a Kansas City, Missouri cornet player and his band perform nightly at a seedy speakeasy until a racketeer tries to extort them in exchange for protection.","cast":"Jack Webb|Janet Leigh|Edmond O'Brien|Peggy Lee|Andy Devine|Lee Marvin|Ella Fitzgerald|Martin Milner|Than Wyenn|Herbert Ellis|John Dennis|Jayne Mansfield|Mort Marshall|Moe Schneider|George Van Eps|Ray Sherman|Matty Matlock|Eddie Miller|Nick Fatool|Jud De Naut|Don Abney|Nesdon Booth|Perry Botkin Sr.|Teddy Buckner|Dick Cathcart|Harper Goff|Jester Hairston|Jimmie Horan|Donald Kerr|William Lazeras|Hank Mann|'Snub' Pollard|Herman S. Saunders|Joe Venuti","keywords":"kansas city missouri|psychotronic film|jazz|male male relationship|male female relationship","year":1955,"director":"Director: Jack Webb","genre":"Crime|Drama|Music","rating":6.4,"title":"Los blues de Pete Kelly"}