{"summary":"Rise, fall and execution of John Brown, fanatic abolitionist.","cast":"Raymond Massey|Debra Paget|Jeffrey Hunter|Larry Pennell|Leo Gordon|John Smith|James Best|Dennis Weaver|Guy Williams|Tom Irish|James Anderson|James Edwards|John Pickard|Smoki Whitfield|Jack Lomas|Robert F. Simon|Dabbs Greer|Ann Tyrrell|Fred Aldrich|Rayford Barnes|Gregg Barton|Lane Bradford|Paul Bryar|Bill Coontz|Richard H. Cutting|Sayre Dearing|Lester Dorr|Richard Emory|Joel Fluellen|William Hamel|Don C. Harvey|Stuart Holmes|Selmer Jackson|I. Stanford Jolley|Gayle Kellogg|Don Kennedy|John Larch|John Lupton|Kenneth MacDonald|Hank Mann|Donald Murphy|William Newell|Leighton Noble|Robert Osterloh|Dick Paxton|Jack Perrin|Jeffrey Sayre|Mickey Simpson|Bert Stevens|David Wolfson|Barbara Wooddell|Al Wyatt Sr.|Carleton Young","keywords":"john brown|abolitionist|kansas|fanatic|settler","year":1955,"director":"Director: Charles Marquis Warren","genre":"Biography|History|Western","rating":6.5,"title":"Seven Angry Men"}