{"summary":"During a police raid at Villa Borghese, the agent and widower Antonio Caccavallo, stays to get to know the young Carolina.","cast":"Totò|Anna Maria Ferrero|Gianni Cavalieri|Maurizio Arena|Arnoldo Foà|Fanny Landini|Mario Castellani|Claudio Agostinelli|Enzo Garinei|Nino Milano|Maurizio Bramante|Giovanni Corporale|Eugenio Galadini|Giovanni Grasso|Bruno Lanzarini|Salvo Libassi|Luigi Moneta|Tina Pica|Rosita Pisano|Tullio Tomadoni|Nino Vingelli","keywords":"italy|girl|suicide attempt|pregnancy|policeman","year":1955,"director":"Director: Mario Monicelli","genre":"Comedy","rating":6.8,"title":"Totò e Carolina"}