{"summary":"Two scuba divers find a shipwreck which may contain undiscovered treasure, however, their attempt to salvage it is threatened by scavengers.","cast":"Jane Russell|Gilbert Roland|Richard Egan|Lori Nelson|Robert Keith|Joseph Calleia|Eugene Iglesias|Ric Roman|Dámaso Pérez Prado|Dan Bernaducci|Robert Polo|James H. Russell|Max Wagner","keywords":"caribbean island|man wears a swimsuit|woman wears pajamas|big breasts|cleavage","year":1955,"director":"Director: John Sturges","genre":"Adventure|Drama","rating":5.2,"title":"La sirena de las aguas verdes"}