{"summary":"Sir Walter Raleigh (Richard Todd) overcomes court intrigue to win favor with Queen Elizabeth I (Bette Davis) in order to get financing for a proposed voyage to the New World.","cast":"Bette Davis|Richard Todd|Joan Collins|Jay Robinson|Herbert Marshall|Dan O'Herlihy|Robert Douglas|Romney Brent|Leslie Parrish|Lisa Daniels|Robert Adler|Heather Ames|Gertrude Astor|Frank Baker|Barry Bernard|Janice Carroll|John Costello|Ashley Cowan|Lisa Davis|Terence de Marney|Noel Drayton|Michael Ferris|Arthur Gould-Porter|A. Cameron Grant|Michael Hadlow|Bill Hines|Diane Howe|Charissa Hughes|Richard Kean|Nelson Leigh|Wilbur Mack|Alan Marston|Frank Mills|Ian Murray|Patrick O'Moore|Felippa Rock|Clint Sharp|Rod Taylor|David Thursby|Trevor Ward|Margery Weston","keywords":"queen elizabeth i|year 1581|knight|elizabethan era|queen of england","year":1955,"director":"Director: Henry Koster","genre":"Biography|Drama|History|Romance","rating":6.8,"title":"El favorito de la reina"}