{"summary":"When an aspiring barber becomes inadvertently involved in the theft of a valuable diamond, necessity forces him to masquerade as a 12 year-old child - with humorous consequences.","cast":"Dean Martin|Jerry Lewis|Diana Lynn|Nina Foch|Raymond Burr|Mitzi McCall|Veda Ann Borg|Margery Maude|Romo Vincent|Nancy Kulp|Milton Frome|Peter Adams|Heather Ames|Bobby Barber|James Burke|Robert Carson|Hans Conried|Richard H. Cutting|Roy Damron|Elaine DuPont|Franklyn Farnum|Mickey Finn|Bess Flowers|Dick Gordon|Herschel Graham|Donna Jo Gribble|Whitey Haupt|Tommy Ivo|Tor Johnson|Louise Lorimer|Robert Locke Lorraine|Hank Mann|Peggy Moffitt|Gloria Penny Moore|Bob Morgan|Forbes Murray|Paul Newlan|Mary Newton|Monty O'Grady|Emory Parnell|Donna Percy|Isabel Randolph|Edward Rickard|Edward C. Short|Dick Simmons|Tommy Summers|Sid Troy|Irene Walpole|Johnstone White","keywords":"remake|adult as child|based on play|screwball comedy|barber","year":1955,"director":"Director: Norman Taurog","genre":"Comedy|Musical","rating":6.6,"title":"Un fresco en apuros"}