{"summary":"The life and military conquests of Alexander III of Macedon (July 20\/21, 356 - June 10\/11, 323 B.C.), commonly known as Alexander the Great.","cast":"Richard Burton|Fredric March|Claire Bloom|Barry Jones|Harry Andrews|Stanley Baker|Niall MacGinnis|Peter Cushing|Michael Hordern|Marisa de Leza|Gustavo Rojo|Rubén Rojo|Peter Wyngarde|Helmut Dantine|William Squire|Friedrich von Ledebur|Virgilio Teixeira|Teresa del Río|Julio Peña|José Nieto|Carlos Baena|Larry Taylor|José Marco|Ricardo Valle|Carmen Carulla|Jesús Luque|Ramsay Ames|Ellen Rossen|Carlos Acevedo|Danielle Darrieux|Manuel Arbó|Mario De Barros|Miguel de la Riva|Enrique Diosdado|Christopher Lee|Sergio Orta|Robert Rietty|Gérard Tichy","keywords":"battlefield|greece|ancient greece|alexander the great character|character name as title","year":1956,"director":"Director: Robert Rossen","genre":"Biography|Drama|History|War","rating":5.8,"title":"Alejandro el Magno"}