{"summary":"Bill Benson and Ted Adams are to appear in a Broadway show together and, while in Paris, each 'discovers' the perfect leading lady for the plum female role. Each promises the prize role to ... See full summary »","cast":"Bing Crosby|Donald O'Connor|Zizi Jeanmaire|Mitzi Gaynor|Phil Harris|Kurt Kasznar|Richard Erdman|Walter Sande|Archer MacDonald|Argentina Brunetti|Alma Macrorie|Dorothy Neumann|James Griffith|Linda Bennett|John Benson|Ralph Brooks|Buddy Bryan|Albert Carrier|Robert Carson|Lesley-Marie Colburn|James Conaty|Marcel Dalio|Jann Darlyn|Nancy Lee Davis|Jean Del Val|John Erman|Bess Flowers|Emily Heath|Tom Hernández|Craig Hill|Stuart Holmes|Kenner G. Kemp|Lucille Knox|Nancy Kulp|Ruta Lee|Wilbur Mack|Edward Manouk|Thomas Martin|Philo McCullough|Virginia McDowall|Don Megowan|Torben Meyer|Buzz Miller|Harold Miller|Alberto Morin|Forbes Murray|William H. O'Brien|Doris Packer|Howard Parker|Jack Pepper|Tracey Roberts|Tony Russel|Autumn Russell|Paul Wexler|Marc Wilder","keywords":"remake|show|based on play","year":1956,"director":"Director: Robert Lewis","genre":"Musical","rating":6.2,"title":"Anything Goes"}