{"summary":"A bunch of pernicious salamander men from the planet Kulimon in the Moffit Galaxy plan on taking over Earth by unleashing a lethal plague on mankind. It's up to valiant superhero Starman ... See full summary »","cast":"Ken Utsui|Minako Yamada|Junko Ikeuchi|Sachihiro Ohsawa|Shôji Nakayama|Hiroshi Hayashi|Minoru Takada|Utako Mitsuya|Chisako Hara|Reiko Seto|Akira Tamura|Tomohiko Ôtani|Fumiko Miyata|Jôji Ôhara|Kami Ashita|Terumi Hoshi|Shinsuke Mikimoto|Makoto Abe|Hiroshi Asami|Shôzaburô Date|Ryo Iwashita|Noriko Katsuma|Akira Nakamura|Akiko Ono|Masao Takamatsu","keywords":"psychotronic film|starman|outer space|super giant","year":1965,"director":"Directors: Koreyoshi Akasaka, Teruo Ishii | 1 more credit »","genre":"Sci-Fi","rating":4.4,"title":"Invaders from Space"}