{"summary":"In the War's closing days, when a conscience-driven Japanese soldier fails to get his countrymen to surrender to overwhelming force, he adopts the lifestyle of a Buddhist monk.","cast":"Rentarô Mikuni|Shôji Yasui|Jun Hamamura|Taketoshi Naitô|Shunji Kasuga|Kô Nishimura|Keishichi Nakahara|Toshiaki Itô|Hiroshi Hijikata|Tomio Aoki|Norikatsu Hanamura|Sanpei Mine|Takashi Koshiba|Tomoko Tonai|Tokuhei Miyahara|Yoshiaki Kato|Masahiko Naruse|Bin Moritsuka|Sôjirô Amano|Yôji Nagahama|Kunitarô Sawamura|Eiji Nakamura|Asao Sano|Shôjirô Ogasawara|Tanie Kitabayashi|Tatsuya Mihashi|Yûnosuke Itô|Shôki Fukae|Hiroshi Ichimura|Keiji Itami|Jun Kizaki|Ken Mikasa|Victor Minenko","keywords":"soldier|surrender|buddhist|monk|prayer","year":1956,"director":"Director: Kon Ichikawa","genre":"Drama|Music|War","rating":8.1,"title":"El arpa birmana"}