{"summary":"A hapless carnival performer masquerades as the court jester as part of a plot against an evil ruler who has overthrown the rightful King.","cast":"Danny Kaye|Glynis Johns|Basil Rathbone|Angela Lansbury|Cecil Parker|Mildred Natwick|Robert Middleton|Michael Pate|Herbert Rudley|Noel Drayton|John Carradine|Edward Ashley|Alan Napier|Lewis Martin|Patrick Aherne|Richard Kean|Hermine's Midgets|The Jackson Michigan Zouave Drill Team|Eric Alden|Brandon Beach|Lee Belser|Chad Dee Block|Phil Bloom|Leo Britt|George Bruggeman|Bill Cartledge|Phyllis Coghlan|Tommy Cottonaro|Billy Curtis|Frank Delfino|Leslie Denison|Burnell Dietch|Floyd Hugh Dixon|Irving Douglas|Ken DuMain|Alan Eric|Franklyn Farnum|William Augustus Fuller|Irving Fulton|Russell Gaige|Joe Garcio|Edward Peter Gibbons|Richard Gilden|Harry Guardino|Roy G. Gunther|Kenneth Harp|Robert Hart|Len Hendry|Robin Hughes|John Irving|Charles Irwin|James B. Jordan|Morgan Justin|Ray Kellogg|Ethan Laidlaw|Mike Mahoney|Tipp McClure|Roger Lee McKee|Frank Meservey|Lee Miller|Harry Monty|Lloyd Nelson|Nels P. Nelson|Paul Newlan|John O'Malley|Tudor Owen|Norman Papson|Larry Pennell|Gerald R. Peters|Joe Ploski|William Pullen|A.J. Buster Resmondo|'Little Billy' Rhodes|Ronald R. Rice|John Roy|Thomas G. Royal Jr.|Wallace Russell|Joel Smith|Robert E. Smith|Stephen Soldi|Ray Spiker|George Spotts|Gary Stalley|Larry Stalley|Ed Stoddard|Henry Lewis Stone|Trevor Ward|Leo Wheeler|Claud Wuhrman|Stephen Wyman","keywords":"king|jester|key|birthmark|little person","year":1955,"director":"Directors: Melvin Frank, Norman Panama","genre":"Adventure|Comedy|Family|Musical","rating":7.9,"title":"El bufón de la corte"}