{"summary":"Two bank robbers abandon their wounded partner to the posse and run with the loot but their partner, after serving time in prison, seeks revenge.","cast":"James Arness|Angie Dickinson|Robert J. Wilke|Emile Meyer|Don Megowan|Michael Emmet|Harry Carey Jr.|Frank Fenton|Pedro Gonzalez Gonzalez|George Bell|Tony Dante|George DeNormand|Bob Folkerson|Al Haskell|Robert Hinkle|Ray Jones|James Stone|Jack Tornek","keywords":"arizona territory|sheriff","year":1956,"director":"Director: Andrew V. McLaglen","genre":"Western","rating":6.3,"title":"Matar a un hombre"}