{"summary":"A trapper and his two partners work as scouts for a remote army fort where they witness an incompetent colonel's decision to throw his small unprepared garrison against Red Cloud's sizable Sioux force.","cast":"Victor Mature|Guy Madison|Robert Preston|James Whitmore|Anne Bancroft|Russell Collins|Peter Whitney|Pat Hogan|Guillermo Calles|John Cason|Manuel Dondé|Bill Hale|Mickey Kuhn|Regis Parton|Jack Pennick|Allen Pinson|Robert St. Angelo|William Traylor|Guy Williams|Terry Wilson","keywords":"u.s. army|fort|indian war|fur trapper|based on novel","year":1955,"director":"Director: Anthony Mann","genre":"History|Romance|Western","rating":6.4,"title":"Desierto salvaje"}