{"summary":"In 1883 South Dakota, two buffalo hunters start a personal feud over a captured squaw and a stand-off with a Dakota raiding party over some stolen horses.","cast":"Robert Taylor|Stewart Granger|Lloyd Nolan|Debra Paget|Russ Tamblyn|Constance Ford|Joe De Santis|Ainslie Pryor|Ralph Moody|Fred Graham|Ed Lonehill|Joe Balch|Roy Barcroft|Jimmie Booth|Steve Darrell|Rosemary Johnston|Casey MacGregor|Jerry Martin|Russell Meeker|Joe Phillips|William 'Bill' Phillips|Dick Rich|Robert Robinson|Dale Van Sickel|Dan White|Henry Wills|Terry Wilson","keywords":"south dakota|native american reservation|based on novel|capture|captive","year":1956,"director":"Director: Richard Brooks","genre":"Drama|Western","rating":6.9,"title":"La última caza"}