{"summary":"Wagon train survivors of an Apache attack entrust the sheriff's prisoner, scout Comanche Todd, with their lives despite his wanted-for-murder status.","cast":"Richard Widmark|Felicia Farr|Susan Kohner|Tommy Rettig|Stephanie Griffin|Ray Stricklyn|Nick Adams|Carl Benton Reid|Douglas Kennedy|George Mathews|James Drury|Ken Clark|John Barton|John Bose|Timothy Carey|Gene Coogan|Juney Ellis|Abel Fernandez|Chick Hannan|George Huggins|Bob Reeves|George Ross|Ray Spiker","keywords":"apache territory|arizona territory|war party|tucson arizona|territory","year":1956,"director":"Director: Delmer Daves","genre":"Adventure|Drama|Western","rating":7.0,"title":"La ley del talión"}