{"summary":"An ex-soldier faces ethical questions as he tries to earn enough to support his wife and children well.","cast":"Gregory Peck|Jennifer Jones|Fredric March|Marisa Pavan|Lee J. Cobb|Ann Harding|Keenan Wynn|Gene Lockhart|Gigi Perreau|Portland Mason|Arthur O'Connell|Henry Daniell|Connie Gilchrist|Joseph Sweeney|Sandy Descher|Mickey Maga|Tristram Coffin|William 'Bill' Phillips|Dorothy Adams|Leon Alton|Gene Ardell|Mary Benoit|Robert Boon|Jim Brandt|John Breen|Kenneth Brischof|George Bruggeman|Alfred Caiazza|Alexander Campbell|Harry Carter|Ruth Clifford|Johnny Crawford|Paul Cristo|Stuart W. Culp|George Ford|Robert Fuller|Paul Glass|Roy Glenn|Phyllis Graffeo|Lee Graham|Jerry Hall|Joy Harmon|Clark Howat|William Hudson|Michael Jeffers|DeForest Kelley|Harry Lauter|King Lockwood|Nan Martin|Jack Mather|Dorothy Phillips|William Phipps|Otto Reichow|Gene Reynolds|Mario Siletti|Lomax Study|Bob Taylor|Kenneth Tobey|Renata Vanni|Langdon A. Viracola|Geraldine Wall|Guy Way|Frank Wilcox|Raymond Winston","keywords":"business ethics|new york city|melodrama|based on novel|suburb","year":1956,"director":"Director: Nunnally Johnson","genre":"Drama|Romance|War","rating":7.1,"title":"El hombre del traje gris"}