{"summary":"The efforts of test pilot John Mitchell to make a better life for his wife Mary and their two children seem doomed to failure and he blames himself. At the Conway Aero-Manufacturing Company... See full summary »","cast":"Jack Hawkins|Elizabeth Sellars|Jeremy Bodkin|Gerard Lohan|Walter Fitzgerald|John Stratton|Eddie Byrne|Victor Maddern|Lionel Jeffries|Donald Pleasence|Catherine Lacey|Megs Jenkins|Ernest Clark|Raymond Francis|Russell Waters|Howard Marion-Crawford|Esme Easterbrook|Ann Johnson|Anne Dobson|Janet Davis|Jennifer Cuff|John Baddeley|Tom Elwell|S.K. Andrews|Derek Butler|Gerry Cuff|Reginald Slater|Glynn Davies|Mary Mackenzie","keywords":"wolverhampton|test pilot|reporter|parachuting|husband wife relationship","year":1957,"director":"Director: Charles Crichton","genre":"Drama|Thriller","rating":6.8,"title":"The Man in the Sky"}