{"summary":"Romolo and Salvatore are two young men that are neighbors and friends. They live with their parents in Piazza Navona in Rome. They are poor but handsome, and both fall in love with the beautiful Giovanna.","cast":"Marisa Allasio|Maurizio Arena|Renato Salvatori|Memmo Carotenuto|Lorella De Luca|Alessandra Panaro|Mario Carotenuto|Virgilio Riento|Mario Ambrosino|Rossella Como|Marcello Avallone|Luciano Basso|Luciano Berti|Gildo Bocci|Sergio Cardinaletti|Lina Ferri|Tina De Santis|Maurizio Monticelli|Carla Onofrio|Erminio Spalla|Ettore Manni|Nino Vingelli|Claudine Astrella|Ughetto Bertucci|Mimmo Poli","keywords":"italy|vespa|part of trilogy|first part|first of trilogy","year":1957,"director":"Director: Dino Risi","genre":"Comedy|Romance","rating":6.9,"title":"Poveri ma belli"}