{"summary":"Rather undiplomatic British diplomat Harrington Brande (Sir Michael Hordern) takes up his new post in Spain accompanied by his son Nicholas (Jon Whiteley). The posting is something of a ... See full summary »","cast":"Dirk Bogarde|Jon Whiteley|Michael Hordern|Cyril Cusack|Maureen Swanson|Lyndon Brook|Josephine Griffin|Bernard Lee|Rosalie Crutchley|Ina De La Haye|Geoffrey Keen|Harold Scott|Jack Stewart|Richard Molinas|Susan Lyall Grant|John Adderley|David Lander|Maurice Denham|Michael Bates|Mandy Harper","keywords":"gardener|friend|diplomat|spain|jealousy","year":1956,"director":"Director: Philip Leacock","genre":"Drama","rating":6.8,"title":"El jardinero español"}