{"summary":"Two clumsy provincial uncles visit a metropolis to stop the relationship between their nephew and a woman of ill repute.","cast":"Totò|Peppino De Filippo|Dorian Gray|Teddy Reno|Vittoria Crispo|Mario Castellani|Nino Manfredi|Linda Sini|Salvo Libassi|Luisa Ciampi|Corrado Annicelli|Edoardo Toniolo|Gianna Cobelli|Donatella Randisi|Gino Ravazzini|Delia Orman|Lamberto Antinori|Mirko Baiocchi|Renato Montalbano|Gianni Partanna|Emilio Petacci|Franco Rimoldi","keywords":"italy|brother|nephew|dancer|train","year":1956,"director":"Director: Camillo Mastrocinque","genre":"Comedy|Musical|Romance","rating":7.7,"title":"Totò, Peppino e la... malafemmina"}