{"summary":"A jury holdout attempts to prevent a miscarriage of justice by forcing his colleagues to reconsider the evidence.","cast":"Martin Balsam|John Fiedler|Lee J. Cobb|E.G. Marshall|Jack Klugman|Edward Binns|Jack Warden|Henry Fonda|Joseph Sweeney|Ed Begley|George Voskovec|Robert Webber|Rudy Bond|Tom Gorman|James Kelly|Billy Nelson|John Savoca|Walter Stocker","keywords":"jury|dialogue driven|courtroom|single set production|trial","year":1957,"director":"Director: Sidney Lumet","genre":"Crime|Drama","rating":9.0,"title":"12 hombres sin piedad"}