{"summary":"Broke small-time rancher Dan Evans is hired by the stagecoach line to put big-time captured outlaw leader Ben Wade on the 3:10 train to Yuma but Wade's gang tries to free him.","cast":"Glenn Ford|Van Heflin|Felicia Farr|Leora Dana|Henry Jones|Richard Jaeckel|Robert Emhardt|Sheridan Comerate|George Mitchell|Robert Ellenstein|Ford Rainey|Dorothy Adams|Jimmie Booth|Danny Borzage|John Cason|Woody Chambliss|Barry Curtis|Richard Devon|William Dyer Jr.|Frank Hagney|Bill Hale|Jerry Hartleben|Joe Haworth|Robert 'Buzz' Henry|Tex Holden|Fred Marlow|Tony Mayo|Erwin Neal|Jerry Oddo|William Rhinehart|Boyd Stockman|Guy Teague|Guy Wilkerson","keywords":"yuma arizona|arizona|yuma territorial prison|benson arizona|arizona desert","year":1957,"director":"Director: Delmer Daves","genre":"Drama|Thriller|Western","rating":7.6,"title":"El tren de las 3:10"}