{"summary":"A kindly English botanist and a gruff American scientist lead an expedition to the Himalayas in search of the legendary Yeti.","cast":"Forrest Tucker|Peter Cushing|Maureen Connell|Richard Wattis|Robert Brown|Michael Brill|Wolfe Morris|Arnold Marlé|Anthony Chinn|Jack Easton|Fred Johnson|Joe Powell|John Rae","keywords":"scientist hero|british horror|1950s horror|cryptozoology|1950s","year":1957,"director":"Director: Val Guest","genre":"Adventure|Horror","rating":6.4,"title":"El abominable hombre de las nieves"}