{"summary":"A couple falls in love and agrees to meet in six months at the Empire State Building - but will it happen?","cast":"Cary Grant|Deborah Kerr|Richard Denning|Neva Patterson|Cathleen Nesbitt|Robert Q. Lewis|Charles Watts|Fortunio Bonanova|Dorothy Adams|Richard Allen|Al Bain|Dino Bolognese|Paul Bradley|George Calliga|Mary Carroll|Steve Carruthers|Norman Champion III|Kathleen Charney|Brian Corcoran|Anthony De Mario|Minta Durfee|Michka Egan|Suzanne Ellers|Juney Ellis|Theresa Emerson|Franklyn Farnum|Jesslyn Fax|Priscilla Garcia|Rudy Germane|Kenneth Gibson|Stuart Hall|Sam Harris|Lars Hensen|Rachel Holmen|Ken Kane|Terry Kelman|Walter Woolf King|Jeanne Lafayette|Mike Lally|Richard LaMarr|Caryl Lincoln|Jack Lomas|Leota Lorraine|Robert Lynn|Wilbur Mack|Leo Marcus|Nora Marlowe|Nita Mathews|Helen Mayon|Anthony Mazzola|Louis Mercier|Harold Miller|Hans Moebus|Michele Montau|Matt Moore|Alberto Morin|Scotty Morrow|Charles Morton|Sol Murgi|Alena Murray|Marni Nixon|Tom Nolan|Monty O'Grady|Don Pietro|Murray Pollack|Patricia Powell|Jack Raine|Jean Ransome|Fred Rapport|Leoda Richards|Jeffrey Sayre|Sarah Selby|Eddie Lou Simms|Carl Sklover|Marc Snegoff|Marc Snow|Bert Stevens|Tina Thompson|Roger Til|Geraldine Wall|George Winslow|Tom Wyner","keywords":"new york city|rendezvous at top of empire state building|1950s|50s|port","year":1957,"director":"Director: Leo McCarey","genre":"Drama|Musical|Romance","rating":7.5,"title":"Tú y yo"}