{"summary":"In 1950, at night, a passenger train kills a man on the tracks. He is Orzechowski, an engineer since 1914. An inquiry immediately follows. Testimony takes the form of flashbacks. Tuszka, ... See full summary »","cast":"Kazimierz Opalinski|Zygmunt Maciejewski|Zygmunt Zintel|Zygmunt Listkiewicz|Roman Klosowski|Kazimierz Fabisiak|Ludoslaw Kozlowski|Janusz Bylczynski|Stanislaw Marecki|Józef Para|Stanislaw Jaworski|Celina Klimczakówna|Natalia Szymanska|Józef Nowak|Janusz Paluszkiewicz|Leon Niemczyk","keywords":"train|death|poland|flashback|investigation","year":1957,"director":"Director: Andrzej Munk","genre":"Drama","rating":7.6,"title":"Czlowiek na torze"}