{"summary":"All funny adventures of Pashka Gusarov started the moment he fell in love with Katya.","cast":"Svetlana Karpinskaya|Nikolay Rybnikov|Erast Garin|Vasili Toporkov|Yuri Belov|Svetlana Shcherbak|Zoya Fyodorova|Sergey Filippov|Rina Zelyonaya|Pavel Tarasov|Svetlana Kharitonova|Olga Aroseva|Georgiy Georgiu|Georgi Tusuzov|Lidiya Korolyova|Pyotr Savin|Mikhail Garkavi|Tatyana Guretskaya|Yevgeny Gurov|Valentin Abramov|Zoya Vinogradova","keywords":"russia|memory|memory lapse","year":1958,"director":"Director: Eldar Ryazanov","genre":"Comedy|Romance","rating":7.1,"title":"Devushka bez adresa"}