{"summary":"A movie about the mixed feelings of young adulthood. Main characters rather casually enter into marriage, never intending true fidelity to their spouses. When they realize that they're ... See full summary »","cast":"Isabelle Corey|Antonio Cifariello|Franco Interlenghi|Raf Mattioli|Gérard Blain|Ennio Girolami|Rosy Mazzacurati|Anna Maria Guarnieri|Antonella Lualdi|Sylva Koscina|Lyla Rocco|Anne-Marie Baumann|Marcella Rovena|Lilly Mantovani|Guido Celano|Roberto Chevalier|Gina Amendola","keywords":"betrayal by a friend|betrayal|engagement party|marriage engagement|wedding proposal","year":1958,"director":"Director: Mauro Bolognini","genre":"Comedy|Romance","rating":6.6,"title":"Giovani mariti"}