{"summary":"Giant mollusk monsters attack California.","cast":"Tim Holt|Audrey Dalton|Hans Conried|Barbara Darrow|Max Showalter|Harlan Warde|Gordon Jones|Mimi Gibson|Marjorie Stapp|Jody McCrea|Wallace Earl Laven|Robert Benevides|John Carlyle|John Close|Michael Dugan|William Forrest|Gil Frye|Dan Gachman|Joseph Hamilton|Charles Herbert|Shep Houghton|Byron Kane|Dennis McCarthy|David McMahon|Ralph Moody|Milton Parsons|Sarah Selby|William Swan|Hal Taggart|Charles Tannen|Dale Van Sickel|Mack Williams","keywords":"monster|giant snail|police|policeman|pig","year":1957,"director":"Director: Arnold Laven","genre":"Horror|Sci-Fi|Thriller","rating":5.8,"title":"The Monster That Challenged the World"}