{"summary":"A fired railroad man is re-hired and trusted to carry a ten thousand dollar payroll in secret, even though he is suspected of being connected to outlaws.","cast":"James Stewart|Audie Murphy|Dan Duryea|Dianne Foster|Elaine Stewart|Brandon De Wilde|Jay C. Flippen|Herbert Anderson|Robert J. Wilke|Hugh Beaumont|Jack Elam|Tommy Cook|Paul Fix|Olive Carey|James Flavin|Donald Curtis|Ellen Corby|John Daheim|Kenny Williams|Frank Chase|Harold Goodwin|Harold 'Tommy' Hart|Jack Williams|Boyd Stockman|Henry Wills|Chuck Roberson|Willard W. Willingham|Polly Burson|Patsy Novak|Ted Mapes|Emile Avery|Clem Fuller|Edwin C. Johnson|William 'Bill' Phillips|Ben Welden","keywords":"two gun holster|gun|holster|gun holster|double gun holster","year":1957,"director":"Director: James Neilson","genre":"Action|Adventure|Drama|Western","rating":6.7,"title":"La última bala"}