{"summary":"Pekka and Pätkä start a detective agency. Two businessmen give them a mission they think is impossible.","cast":"Esa Pakarinen|Masa Niemi|Anja Hatakka|Ami Loven|Siiri Angerkoski|Veikko Linna|Maija Lehtonen|Fiinu Autio|Birre Blom|Tellervo Boman|Sirkka-Liisa Carlstedt|Kyösti Erämaa|Bertil Holmström|Arvo Hämäläinen|Hannes Jantunen|Armas Jokio|Brita Juutinen|Sinikka Juutinen|Eino Kaipainen|Heimo Karppinen|Aura Kilpeläinen|Juhani Kumpulainen|Raimo Lehto|Pirjo Lindahl|Katri Linna|Anna-Liisa Lohikoski|Tauno Majuri|Uuno Montonen|Heli Pesonen|Sakari Pesonen|Kaarina Pitkänen|Irja Rannikko|Eeva-Liisa Ruuskanen|Kaarlo Saarnio|Lasse Saxelin|Walle Siivonen|Enok Sikiö|Tauno Söder|Riitta Viiste","keywords":"1950s|finland|private detective|detective agency|cruise","year":1957,"director":"Director: Armand Lohikoski","genre":"Comedy","rating":5.7,"title":"Pekka ja Pätkä salapoliiseina"}