{"summary":"Breck Coleman leads hundreds of settlers in covered wagons from the Mississippi River to their destiny out West.","cast":"John Wayne|Marguerite Churchill|El Brendel|Tully Marshall|Tyrone Power Sr.|David Rollins|Frederick Burton|Ian Keith|Charles Stevens|Louise Carver|Victor Adamson|Walter Bacon|Chief John Big Tree|Ward Bond|Nino Cochise|Iron Eyes Cody|Don Coleman|Jack Curtis|Emslie Emerson|Alphonse Ethier|Dannie Mac Grant|Marcia Harris|Marilyn Harris|DeWitt Jennings|Marjorie Leet|Marion Lessing|William V. Mong|Pete Morrison|Dodo Newton|Jack Padjan|Helen Parrish|Robert Parrish|Jack Peabody|Russ Powell|Frank Rainboth|Apache Bill Russell|Lucile Sewall|Andy Shuford|Gertrude Van Lent|Lucille Van Lent","keywords":"zion national park|sequoia national park|yellowstone national park|western frontier|dutchman","year":1930,"director":"Directors: Raoul Walsh, Louis R. Loeffler (uncredited)","genre":"Adventure|Romance|Western","rating":7.2,"title":"La gran jornada"}