{"summary":"Baron Frankenstein escapes from the guillotine and goes to Germany. There, he names himself Dr. Stein and plans to restart his experiments by using parts of dead bodies.","cast":"Peter Cushing|Francis Matthews|Eunice Gayson|Michael Gwynn|John Welsh|Lionel Jeffries|Oscar Quitak|Richard Wordsworth|Charles Lloyd Pack|John Stuart|Arnold Diamond|Marjorie Gresley|Anna Walmsley|George Woodbridge|Michael Ripper|Ian Whittaker|Avril Leslie|Ernest Blyth|Gordon Boyd|Jimmy Charters|Alex Gallier|John Gayford|Charles Gilliard|George Hirste|Raymond Hodge|Gerald Lawson|Eugene Leahy|Michael Mulcaster|Julia Nelson|George Spence|John Tatham|Robert Brooks Turner|Freddie Watts|Middleton Woods","keywords":"professional jealousy|guillotine|hospital|tattoo|severed arm","year":1958,"director":"Director: Terence Fisher","genre":"Horror|Sci-Fi","rating":6.8,"title":"La venganza de Frankenstein"}