{"summary":"When Jim Macauley finds his wife with another man, he takes their young daughter and they hit the road. With a young child as his responsibility, he finds he can't be quite the fancy-free ... See full summary »","cast":"Peter Finch|Dana Wilson|Elizabeth Sellars|George Rose|Rosemary Harris|Russell Napier|Niall MacGinnis|Tessie O'Shea|Sidney James|Charles 'Bud' Tingwell|Reg Lye|Barbara Archer|Alec Mango|John Phillips|Bruce Beeby|Lloyd Berrell|John Cazabon|Mark Daly|Ed Devereaux|Bettina Dickson|Guy Doleman|Gordon Glenwright|Fred Goddard|Clifford Hunter|Frank Leighton|Betty McDowall|Henry Murdoch|Frank Raynor|Lou Vernon|David Williams|Chin Yu|Liz Fraser|Bill Hunter|Bill Kerr|Nigel Lovell|Ron Whelan","keywords":"australia","year":1957,"director":"Director: Leslie Norman","genre":"Drama","rating":6.6,"title":"The Shiralee"}