{"summary":"A young couple inherits a debt-ridden old movie theater, appropriately nicknamed \"The Flea Pit\", and the three eccentric senior citizens who work there.","cast":"Virginia McKenna|Bill Travers|Margaret Rutherford|Peter Sellers|Bernard Miles|Francis De Wolff|Leslie Phillips|June Cunningham|Sidney James|George Cross|George Cormack|Stringer Davis|Michael Corcoran|The Blake Twins|Terry Burton|John Bush|Ted Carroll|Marian Collins|Peter Copley|Mario Fabrizi|Ernest Fennemore|Liz Fraser|Otto Friese|Shayle Gardner|Frazer Hines|Richard Jacques|Frank Launder|Billy Lawrence|Leonard Llewellyn|Alf Mangan|Louis Matto|Jack May|Manny Michael|John Pike|John Preston|June Ramsay|Trevor Reid|Lynne Roberts|Michael Scoble|Jack Sharp|Jeff Silk|John Slavid|Leslie Slysz|George Spence|Barry Steele|Audrey Sykes|Alma Taylor|Robert Vossler|June West|Meadows White|Johnny Wyne|Doris Yorke","keywords":"movie theatre|projectionist|employer employee relationship|arson|alcoholic","year":1957,"director":"Director: Basil Dearden","genre":"Comedy","rating":7.0,"title":"The Smallest Show on Earth"}