{"summary":"Jean Simmons (a school teacher) takes a secretarial job in a nightclub. The two club owners quibble about a lot, including her. Unfortunately, she develops an interest for the partner who disapproves of her employment at the club.","cast":"Jean Simmons|Paul Douglas|Anthony Franciosa|Julie Wilson|Neile Adams|Joan Blondell|J. Carrol Naish|Rafael Campos|Zasu Pitts|Tom Helmore|Murvyn Vye|Vaughn Taylor|Frank Ferguson|William Joyce|James Todd|Ray Anthony|Don Anderson|Francesca Bellini|Chuck Berry|June Blair|Bart Braverman|Leonard Bremen|Richard Collier|Walter Davis Jr.|Bruno Della Santina|Bobby Diamond|M'el Dowd|Matty Fain|Med Flory|Bess Flowers|Boy Foy|Tim Graham|John Harding|Percy Helton|Harry Hines|Edna Holland|Sid Kane|Frank Kreig|Len Lesser|Carol LeVeque|Nora Marlowe|Gregg Martell|Bill McLean|Sid Melton|Ernesto Molinari|Robin Morse|Billy Nelson|Gloria Pall|Paul Petersen|Leoda Richards|Andrew Robinson|Archie Savage|J. Lewis Smith|Billy Stoll|Leonard Strong|Nita Talbot|Betty Utey|Charles Wagenheim|Ray Walker","keywords":"nightclub|reference to casanova|gangster","year":1957,"director":"Director: Robert Wise","genre":"Comedy","rating":6.7,"title":"This Could Be the Night"}