{"summary":"A negro woman having an adulterous affair with a white man causes his wife to go mad and re-enforces the towns-folk's prejudice against Negroes.","cast":"Paul Robeson|Eslanda Robeson|Hilda Doolittle|Gavin Arthur|Charlotte Arthur|Blanche Lewin|Winifred Ellerman","keywords":"white male black female relationship|homoeroticism|racism|african american|interracial relationship","year":1930,"director":"Director: Kenneth MacPherson (as Kenneth Macpherson)","genre":"Drama","rating":6.2,"title":"Límite: Borderline"}