{"summary":"Set against the picturesque springtime in Paris, the prime minister's daughter marries a buttoned down cabinet official, but when her new husband starts stepping out behind her back, the young bride takes of for the Riviera.","cast":"Charles Boyer|Henri Vidal|Brigitte Bardot|Noël Roquevert|Madeleine Lebeau|Fernand Sardou|Claire Maurier|Robert Pizani|Guy Tréjan|Judith Magre|Harry-Max|Marcel Charvey|Vera Talchi|Marcel Pérès|Henri Cogan|Hubert de Lapparent|Nadia Gray|André Luguet|Danièle Dupré|Daniel Emilfork|Claude Emy|Renée Gardès|Charles Lemontier|Laura Lor|Jacques Marin|Roger Saget|Louis Saintève|Irène Tunc","keywords":"daughter","year":1957,"director":"Director: Michel Boisrond","genre":"Comedy","rating":6.3,"title":"Una parisina"}