{"summary":"A self-assured businessman murders his employer, the husband of his mistress, which unintentionally provokes an ill-fated chain of events.","cast":"Jeanne Moreau|Maurice Ronet|Georges Poujouly|Yori Bertin|Jean Wall|Elga Andersen|Sylviane Aisenstein|Micheline Bona|Gisèle Grandpré|Jacqueline Staup|Marcel Cuvelier|Gérard Darrieu|Charles Denner|Hubert Deschamps|Jacques Hilling|Marcel Journet|François Joux|Iván Petrovich|Félix Marten|Lino Ventura|Micheline Sarfati|Robert Balpo|Nicolas Bataille|Marcel Bernier|Jean-Claude Brialy|Christian Brocard|Olivier Darrieux|Lucien Desagneaux|Pierre Devilder|Pierre Frag|Guy Henry|Roger Jacquet|Alice Reichen","keywords":"murder investigation|stuck in lift|attempted suicide|internal monologue|photo","year":1958,"director":"Director: Louis Malle","genre":"Crime|Drama|Thriller","rating":8.0,"title":"Ascensor para el cadalso"}