{"summary":"A newspaper salesman at the train station in Cairo develops an unhealthy obsession with a woman who sells refreshments.","cast":"Farid Shawqi|Hind Rustum|Youssef Chahine|Hassan el Baroudi|Abdulaziz Khalil|Naima Wasfy|Said Khalil|Abdel Ghani Nagdi|Loutfi El Hakim|Abdel Hamid Bodaoha|F. El Demerdache|Ahmed Abaza|Hana Abdel Fattah|Safia Sarwat|Asaad Kellada|Sherine|Soheir|Esmat Mahmoud|Nawal Morsi|Gharib Moawad|Mohamed Mazhar|Galal Issa|Mahrous El Garhi|Ahmed El Tantawi|S. Abdel Aziz|Sayyed El Araby|Nadia Lutfi","keywords":"train|working class|labor union|union|buxom","year":1958,"director":"Director: Youssef Chahine","genre":"Comedy|Crime|Drama","rating":7.7,"title":"Estación central"}