{"summary":"Released from the Yuma Prison in 1898, ex-killer John McBain wants to go straight while ex-robber Peter Van Hoek seeks revenge but their destinies eventually converge in the mining town of Prescott.","cast":"Alan Ladd|Ernest Borgnine|Katy Jurado|Claire Kelly|Kent Smith|Nehemiah Persoff|Robert Emhardt|Anthony Caruso|Adam Williams|Ford Rainey|John Daheim|Barbara Baxley|Zina Provendie|Richard Bartell|Gregg Barton|Paul Baxley|John Bose|George Boyce|Annette Claudier|Roberto Contreras|Gene Coogan|Vinnie De Carlo|Richard Devon|Joe Dominguez|Ann Doran|Sam Edwards|Robert Griffin|Joe Haworth|Jackie Hummer|Helen Jay|Pat Lawless|James McCallion|Jorge Moreno|Anna Navarro|Erwin Neal|Carol Nugent|Jack Perkins|Almira Sessions|Karl Swenson|Hal Taggart|Tex Terry|Robert Totten|Henry Wills","keywords":"nogales arizona|arizona desert|yuma territorial prison|oak creek arizona|yuma prison","year":1958,"director":"Director: Delmer Daves","genre":"Romance|Western","rating":6.4,"title":"Arizona, prisión federal"}