{"summary":"An alien lifeform consumes everything in its path as it grows and grows.","cast":"Steve McQueen|Aneta Corsaut|Earl Rowe|Olin Howland|Stephen Chase|John Benson|George Karas|Lee Payton|Elbert Smith|Hugh Graham|Vincent Barbi|Audrey Metcalf|Jasper Deeter|Tom Ogden|Elinor Hammer|Pamela Curran|Ralph Roseman|Charlie Overdorff|David Metcalf|Josh Randolph|George Gerbereck|Julie Cousins|Keith Almoney|Eugene Sabel|Robert Fields|James Bonnet|Tony Franke|Molly Ann Bourne|Diane Tabben|Russ Conway|Howard Fishlove|Jack H. Harris|Theodore Simonson","keywords":"meteorite|alien|teenager|eaten alive|disbelieving adult","year":1958,"director":"Directors: Irvin S. Yeaworth Jr., Russell S. Doughten Jr. (uncredited)","genre":"Horror|Sci-Fi","rating":6.4,"title":"La masa devoradora"}