{"summary":"Teenagers from a rural community and their high school science teacher join forces to battle a giant mutant spider.","cast":"Ed Kemmer|June Kenney|Eugene Persson|Gene Roth|Hal Torey|June Jocelyn|Mickey Finn|Sally Fraser|Troy Patterson|Skip Young|Howard Wright|Bill Giorgio|Hank Patterson|Jack Kosslyn|Bob Garnet|Shirley Falls|Robert Tetrick|Nancy Kilgas|George Stanley|David Tomack|Merritt Stone|Dick D'Agostin","keywords":"giant spider|school gymnasium|child in jeopardy|woman in jeopardy|kaiju","year":1958,"director":"Director: Bert I. Gordon","genre":"Horror|Sci-Fi|Thriller","rating":4.5,"title":"La araña"}