{"summary":"Simmons is magnetic as Charlotte, her lovely, delicate face reflecting the inner turmoil of a woman battling for sanity after she walks out of a mental institution.","cast":"Jean Simmons|Dan O'Herlihy|Rhonda Fleming|Efrem Zimbalist Jr.|Mabel Albertson|Stephen Dunne|Joan Weldon|Joanna Barnes|Kathryn Card|Marjorie Bennett|Johnstone White|Eleanor Audley|Walter Bacon|Fred C. Blau Jr.|Gail Bonney|Evelyn Clarke|Lillian Culver|Susan Davis|Betsy Duncan|Franklyn Farnum|Elizabeth Flournoy|George Ford|Tom Gleason|Albert Godderis|Herschel Graham|Stuart Hall|Rand Harper|Sam Harris|Chuck Hicks|Mary Alan Hokanson|Edna Holland|Stuart Holmes|Edwin Jerome|Kenner G. Kemp|Mary Koval|Mike Lally|Perk Lazelle|Stacey Marshall|Joel Marston|Frank McLure|Harold Miller|Jack Mower|Sol Murgi|Ron Nyman|William H. O'Brien|Monty O'Grady|Murray Pollack|Jose Portugal|Ed Prentiss|Leoda Richards|Jeffrey Sayre|Bernard Sell|Hart Sprager|Norman Stevans|Frieda Stoll|Hal Taggart|Bunny Waters|Lillian West|Barbara Bell Wright","keywords":"three word title|female protagonist|husband wife relationship|female mental patient|mental illness","year":1958,"director":"Director: Mervyn LeRoy","genre":"Drama","rating":7.0,"title":"Después de la oscuridad"}