{"summary":"Marshal Jake Wade aids outlaw Clint Hollister escape jail but Clint wants to know where Wade hid an old hold-up loot taken while both men were outlaws in the same gang.","cast":"Robert Taylor|Richard Widmark|Patricia Owens|Robert Middleton|Henry Silva|DeForest Kelley|Burt Douglas|Eddie Firestone|Fred Coby|Gene Coogan|Richard H. Cutting|Roy Engel|Al Ferguson|Rory Mallinson|Reginald Simpson|Dean Smith|Henry Wills","keywords":"buried money|sheriff|native american attack|escape from prison|hostage","year":1958,"director":"Director: John Sturges","genre":"Drama|Romance|Western","rating":6.8,"title":"Desafío en la ciudad muerta"}