{"summary":"Love takes precedence over art and politics as Spanish painter Goya pines for an aloof duchess.","cast":"Ava Gardner|Anthony Franciosa|Amedeo Nazzari|Gino Cervi|Lea Padovani|Massimo Serato|Carlo Rizzo|Audrey McDonald|Ivana Kislinger|Renzo Cesana|Carlo Giustini|Carmen Mora|Patrick Crean|Peter Meersman|John Karlsen|John Horne|Tonio Selwart|Richard McNamara|Erminio Spalla|Pamela Sharp|Paul Muller|Stella Rho|Gustavo De Nardo|Yemiko Fullwood|Amru Sani|Vittorio André|Armando Annuale|Nadia Balabine|Alberto Barberito|Leonardo Botta|Pina Bottin|Roberto Chevalier|Andrea Esterhazy|Giuseppe Giardina|Clayton Hall|Renata Mauro|Gino Passarelli|Amina Pirani Maggi|Alberto Plebani|Roberta Primavera|Rita Rubirosa|Marino Scarfi|Enzo Fiermonte","keywords":"painter|francisco de goya|artist|painting","year":1958,"director":"Director: Henry Koster","genre":"Adventure|Biography|Drama|Romance","rating":5.6,"title":"La maja desnuda"}