{"summary":"One day in the life of an alcohol addict. With the help of his girlfriend Krysia, Kuba attempts to regain control of his life. But when she's at work, Kuba is home alone, and it becomes hard not to resist the temptation.","cast":"Gustaw Holoubek|Aleksandra Slaska|Teresa Szmigielówna|Tadeusz Fijewski|Stanislaw Milski|Wladyslaw Dewoyno|Tadeusz Gwiazdowski|Juliusz Grabowski|Marian Jastrzebski|Emil Karewicz|Roman Klosowski|Ignacy Machowski|Helena Makowska|Igor Przegrodzki|Zygmunt Zintel|Zdzislaw Jan Nowicki|Stefan Bartik|Adolf Chronicki|Cezary Julski|Tadeusz Kalinowski|Waclaw Kowalski|Jan Machulski|Henryk Modrzewski|Irena Netto|Józef Pieracki|Wlodzimierz Skoczylas","keywords":"poland|post war poland|alcohol|drunkard|alcoholism","year":1958,"director":"Director: Wojciech Has (as Wojciech J. Has)","genre":"Drama","rating":7.7,"title":"Petla"}