{"summary":"A brave prince wants to win the heart of a stubborn princess by finding the singing, ringing tree for her.","cast":"Christel Bodenstein|Charles Hans Vogt|Eckart Dux|Richard Krüger|Dorothea Thiesing|Günther Polensen|Fredy Barten|Egon Vogel|Paul Knopf|Paul Pfingst|Friedrich Teitge|Maria Besendahl|Jürgen Baumgart|Norbert Bischof|Wolfgang Böhm|Peter Wolf","keywords":"camp|campy|man in tights|tree|singing","year":1957,"director":"Director: Francesco Stefani","genre":"Adventure|Family|Fantasy","rating":7.0,"title":"El tintineante arbolito cantante"}