{"summary":"An ornithologist battles a family of bird poachers in the Florida Everglades.","cast":"Burl Ives|Christopher Plummer|Chana Eden|Gypsy Rose Lee|Tony Galento|Sammy Renick|Pat Henning|Peter Falk|Cory Osceola|Emmett Kelly|MacKinlay Kantor|Totch Brown|George Voskovec|Curt Conway|Sumner Williams|Howard Smith|Rufus Beecham|Cynthia Betout|Brad Bradford|Toby Bruce|Fred Holliday|Joe Hunter|Minella Jiras|Sally Marlowe|Mary Osceola|Ray Osmer|Owen Pavitt|Mary Pennington|Dorothy Rogers|Frank Rothe|David Schulberg|Sandra Schulberg|Stephan Schulberg|Thelma Smallwood|Dick Wesson","keywords":"birds|bare chested male|hairy chest|homosexual subtext|poacher","year":1958,"director":"Directors: Nicholas Ray, Budd Schulberg (uncredited)","genre":"Adventure|Drama|Romance","rating":6.7,"title":"Muerte en los pantanos"}