{"summary":"WW2 drama that follows the lives of three young men, one German and two Americans, during wartime.","cast":"Marlon Brando|Montgomery Clift|Dean Martin|Hope Lange|Barbara Rush|May Britt|Maximilian Schell|Dora Doll|Lee Van Cleef|Liliane Montevecchi|Parley Baer|Arthur Franz|Hal Baylor|Richard Gardner|Herbert Rudley|John Alderson|John Banner|Stephen Bekassy|Dagmar Biener|Paul Bradley|Joe Brooks|Julian Burton|Robert Burton|Wade Cagle|Ann Codee|Bud Cokes|Paul Comi|Ashley Cowan|David Dabov|Ann Daniels|Joan Douglas|Larry Duran|Robert Ellenstein|Harry Ellerbe|Milton Frome|John Gabriel|Sam Gilman|Norman Grabowski|Joe Gray|L.Q. Jones|Stan Kamber|Craig Karr|Kurt Katch|Kenner G. Kemp|Hubie Kerns|Nicholas King|Gil Lasky|Gustave Lax|George Meader|Gordon Mitchell|Clive Morgan|Alberto Morin|Monty O'Grady|Ann Paige|Christian Pasques|Michael Pataki|Voltaire Perkins|Mary Pierce|Art Reichle|Otto Reichow|Edward Rickard|Gene Roth|G.F. Rowe|Henry Rowland|Jeffrey Sayre|Norbert Schiller|Kendall Scott|Michael Smith|Ann Stebbins|Harvey Stephens|Vaughn Taylor|Alfred Tonkel|Ivan Triesault|Blaine Turner|Lee J. Winters|Doris Wiss","keywords":"prisoner of war|british army|u.s. army|german army|nazi soldier","year":1958,"director":"Director: Edward Dmytryk","genre":"Action|Drama|War","rating":7.2,"title":"El baile de los malditos"}