{"summary":"A boy, no bigger than a thumb, manages to outwit two thieves determined to make a fortune from him.","cast":"Russ Tamblyn|Alan Young|June Thorburn|Terry-Thomas|Peter Sellers|Bernard Miles|Jessie Matthews|Ian Wallace|Peter Butterworth|Peter Bull|Stan Freberg|Dal McKennon|Ayshea Brough|Barbara Ferris|Suzanna Leigh|Alan Meacham","keywords":"disappearing woman|tied to a post|false accusation of theft|bag of gold|gold coin","year":1958,"director":"Director: George Pal","genre":"Family|Fantasy|Musical","rating":6.5,"title":"El pequeño gigante"}