{"summary":"A chronicle of the rise and fall of Chicago crime boss Al Capone during the Prohibition era.","cast":"Rod Steiger|Fay Spain|James Gregory|Martin Balsam|Nehemiah Persoff|Murvyn Vye|Robert Gist|Lewis Charles|Joe De Santis|Sandy Kenyon|Raymond Bailey|Al Ruscio|Louis Quinn|Ron Soble|Steve Gravers|Raikin Ben-Ari|Fred Aldrich|Cindy Ames|James Bacon|Paul Bradley|Ralph Brooks|George Bruggeman|Paul Bryar|Charles Campbell|Cappy Carey|Gordon Carveth|James J. Casino|Albert Cavens|Larry Chance|Dick Cherney|Robert Christopher|John Close|Gene Coogan|Mason Curry|Russell Custer|Peter Dane|Bru Danger|George DeNormand|Jimmy Dime|Rudy Doucette|Craig Duncan|Donald Foster|Ralph Gamble|Bobby Gilbert|Marilyn Gladstone|Bennie Goldberg|Mickey Golden|Sol Gorss|Herman Hack|Jack Harris|Elizabeth Harrower|Ed Haskett|Jim Healy|Jack Henderson|Stuart Holmes|Shep Houghton|Clegg Hoyt|Mauritz Hugo|Allen Jaffe|William Janssen|Roy Jenson|Erskine Johnson|Mitchell Kowall|Richard LaMarr|Sydney Lassick|John Lomma|Harold Miller|John Mitchum|Ernesto Molinari|Mike Morelli|Forbes Murray|Norman Nazarr|Richard Norris|Monty O'Grady|Jack Orrison|Murray Pollack|Ervin Richardson|George Riley|Dan Riss|Edwin Rochelle|John Roy|Frosty Royce|Barry Russo|Joseph Sargent|Jeffrey Sayre|Sam Scar|Phil Schumacher|Bernard Sell|Charles Sherlock|Fred Sherman|Al Silvani|Cap Somers|Ray Spiker|Frank Stanlow|Brick Sullivan|Sally Todd|Ralph Volkie|Lee Weaver|Russ Whiteman|Morgan Windbiel","keywords":"prohibition|true crime|chicago illinois|neo noir|gangster","year":1959,"director":"Director: Richard Wilson","genre":"Biography|Crime|Drama","rating":6.8,"title":"Al Capone"}