{"summary":"During the Irish Civil War in 1922, a family earns a big inheritance. They start leading a rich life, forgetting what the most important values are.","cast":"Barry Fitzgerald|Maire O'Neill|Edward Chapman|Sidney Morgan|Sara Allgood|John Laurie|Dave Morris|Kathleen O'Regan|John Longden|Dennis Wyndham|Fred Schwartz|Donald Calthrop|George Spence","keywords":"inheritance|family relationships|unwed pregnancy|unwanted pregnancy|tenement","year":1930,"director":"Director: Alfred Hitchcock","genre":"Comedy|Drama","rating":4.8,"title":"Juno and the Paycock"}