{"summary":"More than anything in the world, Sam Lawson wants to be a successful actor. Is he willing to sacrifice his wife, happiness and personal reputation to achieve his goal?","cast":"Dean Martin|Anthony Franciosa|Shirley MacLaine|Carolyn Jones|Joan Blackman|Robert Middleton|Donna Douglas|Jerry Paris|Frank McHugh|Chuck Wassil|Mary Treen|Yuki Shimoda|Alan Hewitt|Marjorie Bennett|Alan W. Adler|Fred Aldrich|Don Anderson|Kathie Anderson|Edit Angold|David Armstrong|Bobby Barber|Leslie Barrett|Leonard Bell|John Benson|Danny Borzage|Charles Cirillo|Paul Cristo|Oliver Cross|Carl Crow|Frank Dana|Walt Davis|Jack Deery|George DeNormand|John Diggs|Pamela Duncan|Franklyn Farnum|Mickey Finn|Jac Fisher|Art Fleming|George Ford|Ike Gibson|James Gonzalez|Roy Gordon|Stuart Hall|Sam Harris|Ken Hooker|Jimmie Horan|Trustin Howard|John Indrisano|Roy Jenson|June Jocelyn|Dick Johnstone|Kenner G. Kemp|Richard Kipling|Barbara Knudson|Nolan Leary|Paul Lees|Jon Lormer|George Lynn|Mike Mahoney|Kathy Marlowe|William Meader|Carla Merey|Walter Merrill|Harold Miller|Hans Moebus|Ralph Montgomery|Richard Neill|Charles Perry|Murray Pollack|Paul Ravel|Tony Regan|Hal Riddle|Edwin Rochelle|Michael Ross|John Roy|Carl Saxe|Court Shepard|Roy N. Sickner|Maxine Stuart|Hal Taggart|Charles Ward|Napoleon Whiting|Trude Wyler","keywords":"mccarthy era|new york city|political persecution|based on novel|based on play","year":1959,"director":"Director: Joseph Anthony","genre":"Drama","rating":6.9,"title":"Los ambiciosos"}