{"summary":"A dedicated FBI agent recalls the agency's battles against the Klan, organized crime and Communist spies.","cast":"James Stewart|Vera Miles|Murray Hamilton|Larry Pennell|Nick Adams|Diane Jergens|Jean Willes|Joyce Taylor|Victor Millan|Parley Baer|Fay Roope|Ed Prentiss|Robert Gist|Buzz Martin|Ken Mayer|Paul Genge|Victor Adamson|Luana Anders|Audley Anderson|Herb Armstrong|Eleanor Audley|Benjie Bancroft|David Barclay|Fern Barry|Charles Bateman|Barbara Beall|Kimberly Beck|Shirley Bonne|Nesdon Booth|Nick Borgani|Richard Boyer|Chet Brandenburg|Jerry Brent|Lowell Brown|Peter Brown|Charles Brunner|Theona Bryant|Henry Casso|Dick Cherney|Robert Clarke|Mary Lou Clifford|Bud Cokes|Alan Craig|Jane Crowley|John Damler|Jeanne Dante|Susan Davis|Angelo De Meo|Sayre Dearing|Gabriel Del Valle|Vera Denham|Paul Denton|Ann Doran|Joan Dupuis|Robin Eccles|Mary Ann Edwards|Tippy Elam|Ben Erway|Ella Ethridge|Sam Flint|George Ford|Terry Frost|Michael Garrett|Kenneth Gibson|Arthur D. Gilmour|James Gonzalez|Roy Gordon|Rand Harper|Elizabeth Harrower|Harry Harvey|Les Hellman|Jack Henderson|Tex Holden|Judd Holdren|J. Edgar Hoover|Rand Hopper|Carroll House|Sid Kane|Stacy Keach Sr.|Rickey Kelman|George Khoury|Walter Kightly|Kay E. Kuter|Morgan Lane|Eddie Little Sky|Robert Locke Lorraine|William Lovett|Jennie Lynn|Ted Mapes|Lori Martin|Russ McCubbin|Al McGranary|David McMahon|Tom Monroe|Ray Montgomery|Burt Mustin|Dorothy Neumann|Ron Nyman|Al Paige|George Pembroke|Bob Peoples|Scott Peters|Bob Peterson|William Phipps|John Pickard|Murray Pollack|Jim Porcupine|James Porta|Charles Postal|John Quijada|Paul Ravel|Grandon Rhodes|Herman Rudin|Emily All Runner|Grant Scott|George Selk|Dorothy Skyeagle|Mabel Smaney|Gil Smith|Michael Smith|Paul Smith|Charles Soldani|Bert Spencer|Vincent St. Cyr|Glenn Stensel|Michael Switlick|Forrest Taylor|Guy Teague|Jack Tesler|Roy Thinnes|William J. Thomas|Clyde Tolson|Alfred Tonkel|John Truax|John Varnum|James Vickery|Elmore Vincent|Ed Wagner|Selene Walters|Maurice Wells|Adam West|Will J. White|Patrick Whyte|Guy Wilkerson|Tom Wilson|Britt Wood|Roque Ybarra|Chief Yowlachie","keywords":"ku klux klan|federal bureau of investigation|native american|fbi agent|terrorism","year":1959,"director":"Director: Mervyn LeRoy","genre":"Crime|Drama|History|Thriller","rating":6.6,"title":"FBI contra el imperio del crimen"}