{"summary":"The first pilot to leave Earth's atmosphere lands, then vanishes; but something with a craving for blood prowls the countryside...","cast":"Marshall Thompson|Marla Landi|Bill Edwards|Robert Ayres|Bill Nagy|Carl Jaffe|Roger Delgado|John McLaren|Spencer Teakle|Chuck Keyser|John Fabian|Richard Shaw|Bill Nick|Helen Forrest|Roland Brand|Barry Shawzin|Mark Sheldon|Michael Bell|Sheree Winton|Franklyn Fox|Larry Taylor","keywords":"psychotronic film|low budget sci fi movie|rocket|outer space|police chase","year":1959,"director":"Director: Robert Day","genre":"Drama|Horror|Sci-Fi","rating":5.5,"title":"El primer hombre en el espacio"}