{"summary":"A group of drag-racing fanatics, members of a Los Angeles club, move into an old deserted mansion and set up shop, making it their headquarters. They hold a Halloween masked ball for the ... See full summary »","cast":"Jody Fair|Russ Bender|Henry McCann|Martin Braddock|Elaine DuPont|Leon Tyler|Jack Ging|Nancy Anderson|Dorothy Neumann|Sanita Pelkey|Kirby Smith|Jeanne Tatum|Beverly Scott|Bill St. Johns|Tommy Ivo|Judy Howard|Roy Wright|Harrison Lewis|Paul Blaisdell|Marvin Almars|George Dockstader|Jimmie Maddin","keywords":"beach party|psychotronic film|monster|drag racing|talking car","year":1959,"director":"Director: William J. Hole Jr. (as William Hole)","genre":"Comedy|Horror","rating":4.8,"title":"Ghost of Dragstrip Hollow"}