{"summary":"An aspiring white actress takes in an African-American widow whose mixed-race daughter is desperate to be seen as white.","cast":"Lana Turner|John Gavin|Sandra Dee|Susan Kohner|Robert Alda|Dan O'Herlihy|Juanita Moore|Karin Dicker|Terry Burnham|John Vivyan|Lee Goodman|Ann Robinson|Troy Donahue|Sandra Gould|David Tomack|Joel Fluellen|Jack Weston|Billy House|Maida Severn|Than Wyenn|Peg Shirley|Mahalia Jackson|Frank Baker|George Barrows|Chuckie Bradley|Paul Bradley|Chet Brandenburg|Teddy Buckner|George Calliga|Steve Carruthers|Richard Collier|Paul Cristo|Joe Darensbourg|Robert Darin|Mike De Lay|Elinor Donahue|Adolf Eichmann|Cicely Evans|Myrna Fahey|Bess Flowers|George Ford|Paul Gustine|Tedd Hadfield|Shep Houghton|Lynne Hunter|Nelson Leigh|Paul Levitt|Leota Lorraine|John Marlowe|John McNamara|Joseph Mell|Forbes Murray|Eddie Parker|Waclaw Rekwart|Cosmo Sardo|Jeffrey Sayre|Eddie Smith|Cap Somers|Norman Stevans|Ted Thorpe|Jeanne Westmore|Napoleon Whiting","keywords":"african american|housekeeper|light skinned black|race relations|melodrama","year":1959,"director":"Director: Douglas Sirk","genre":"Drama","rating":7.9,"title":"Imitación a la vida"}