{"summary":"A young Jewish girl leads an escape attempt from a concentration camp.","cast":"Susan Strasberg|Laurent Terzieff|Emmanuelle Riva|Didi Perego|Gianni Garko|Annabella Besi|Graziella Galvani|Paola Pitagora|Eleonora Bellinzaghi|Bruno Scipioni|Dragomir Felba|Mira Dinulovic|Semka Sokolovic-Bertok|Dirjana Dojic|Graziella Durano|Rastislav Jovic","keywords":"jewish|german|concentration camp|remorse|doctor","year":1960,"director":"Director: Gillo Pontecorvo","genre":"Drama|War","rating":7.6,"title":"Kapò"}