{"summary":"Juliette Merteuil and Valmont is a sophisticated couple, always looking for fun and excitement. Both have sexual affairs with others and share their experiences with one another. But there ... See full summary »","cast":"Jeanne Moreau|Gérard Philipe|Annette Stroyberg|Madeleine Lambert|Jeanne Valérie|Nicolas Vogel|Boris Vian|Gillian Hills|Paquita Thomas|Jean-Louis Trintignant|Simone Renant|Yves Barsacq|Jacques Brizzio|James Campbell|Michel Dacquin|Pierre Durou|Guy Henry|Jacques Hilling|Lisa Jouvet|Jean-Pierre Laverne|Serge Marquand|Frédéric O'Brady|Renée Passeur|François Perrot|Alexandra Stewart|Nadine Vogel|Jean-Pierre Zola","keywords":"female feet|topless female nudity|sex|nudity|hand on breast","year":1959,"director":"Director: Roger Vadim","genre":"Drama|Romance","rating":6.9,"title":"Las relaciones peligrosas"}