{"summary":"A shell-shocked World War II veteran with memory problems is accused of being an impostor by a former comrade.","cast":"Dirk Bogarde|Olivia de Havilland|Paul Massie|Robert Morley|Wilfrid Hyde-White|Anthony Dawson|Richard Wattis|Richard Dimbleby|Martin Miller|Millicent Martin|Toke Townley|Deering Wells|Bill Shine|Ivan Samson|Sebastian Saville|Richard Pearson|Robert Shaw|Geoffrey Bayldon|Gordon Sterne|Arthur Howard|Joyce Carey|Josephine Middleton|Kenneth Griffith|Barbara Archer|Tony Doonan|Vanda Hudson|Jack Armstrong|Joe Beckett|Wallace Bosco|Peter Evans|Fred Griffiths|Pat Hagan|Patrick Halpin|Victor Harrington|Sam Kydd|Aileen Lewis|Joe Phelps|Pat Ryan|Arnold Schulkes|Jack Sharp|Fred Stroud|Reg Thomason|Dervis Ward","keywords":"courtroom drama|impersonation|pow camp|based on play|whistling","year":1959,"director":"Director: Anthony Asquith","genre":"Drama|Mystery","rating":7.1,"title":"La noche es mi enemiga"}