{"summary":"Fifteen years after WWII, a group of ex-resistance fighters are brought together by Marie-Octobre, so that the former members of the network can finally relive one fateful night and find out who betrayed their murdered leader, Castille.","cast":"Danielle Darrieux|Bernard Blier|Robert Dalban|Paul Frankeur|Jeanne Fusier-Gir|Paul Guers|Daniel Ivernel|Paul Meurisse|Serge Reggiani|Noël Roquevert|Lino Ventura|René Brejot|Roger Delaporte|Iska Khan|King Kong Taverne|Paul Villard","keywords":"cigar smoking|character name as title|two word title|war veteran|reference to the spanish civil war","year":1959,"director":"Director: Julien Duvivier","genre":"Drama|Mystery","rating":7.6,"title":"Cena de acusados"}