{"summary":"After leaving a wealthy Belgian family to become a nun, Sister Luke struggles with her devotion to her vows during crisis, disappointment, and World War II.","cast":"Audrey Hepburn|Peter Finch|Edith Evans|Peggy Ashcroft|Dean Jagger|Mildred Dunnock|Beatrice Straight|Patricia Collinge|Rosalie Crutchley|Ruth White|Barbara O'Neil|Margaret Phillips|Patricia Bosworth|Colleen Dewhurst|Stephen Murray|Lionel Jeffries|Niall MacGinnis|Eva Kotthaus|Molly Urquhart|Dorothy Alison|Jeanette Sterke|Errol John|Diana Lambert|Orlando Martins|Elsa Albani|Gabriella Andreini|Juan Aymerich|Ludovice Bonhomme|Grazia De Rossi|Giovanna Galletti|Dara Gavin|Penelope Horner|Irene Labhart|Charles Lamb|Ave Ninchi|Richard O'Sullivan|Elfride Simbari|Frank Singuineau|Marina Wolkonsky","keywords":"nun|nurse|belgian congo|world war two|leper colony","year":1959,"director":"Director: Fred Zinnemann","genre":"Drama","rating":7.6,"title":"Historia de una monja"}