{"summary":"An interior decorator and a playboy songwriter share a telephone party line and size each other up.","cast":"Rock Hudson|Doris Day|Tony Randall|Thelma Ritter|Nick Adams|Julia Meade|Allen Jenkins|Marcel Dalio|Lee Patrick|Mary McCarty|Alex Gerry|Hayden Rorke|Valerie Allen|Jacqueline Beer|Arlen Stuart|Perry Blackwell|Robert B. Williams|Muriel Landers|William Schallert|Karen Norris|Lois Rayman|Don Beddoe|Paul Bradley|Tex Brodus|George Calliga|Steve Carruthers|Lillian Culver|Franklyn Farnum|George Ford|James Gonzalez|John Indrisano|Kenner G. Kemp|Joseph Mell|Hans Moebus|Boyd 'Red' Morgan|Sol Murgi|Ron Nyman|William H. O'Brien|Monty O'Grady|Eddie Parker|Murray Pollack|Cosmo Sardo|Jeffrey Sayre|Charles Seel|Norman Stevans|Blaine Turner|Harry Tyler","keywords":"telephone party line|telephone|split screen|womanizer|split screen telephone call","year":1959,"director":"Director: Michael Gordon","genre":"Comedy|Romance","rating":7.4,"title":"Confidencias de medianoche"}