{"summary":"Based on Finnish mythology, this movie traces the exploits of Lemminkäinen as he woos the fair Annikki and battles the evil witch Louhi. Louhi kidnaps Annikki to compel her brother to build... See full summary »","cast":"Urho Somersalmi|Anna Orochko|Ivan Voronov|Andris Osins|Ada Vojtsik|Eve Kivi|Georgiy Millyar|Mikhail Troyanovskiy|Anatoliy Barantsev|Vladimir Boriskin|Valentin Bryleev|Anneli Haahdenmaa|Maikki Hako|Hilkka Helinä|E. Hippeläinen|Mauno Hyvönen|D. Karpova|Kauko Kokkonen|N. Kollen|Varma Lahtinen|Toivo Lankinen|Lennart Lauramaa|Helmi Lehosti|A. Lenskaya|Annikki Linnoila|Alice Lyly|Aleksandra Macheret|Marvin Miller|P. Modnikov|Maija-Liisa Pohjola|John 'Shorty' Powers|Pirkko Raitio|T. Romppainen|Sylva Rossi|Kuuno Sevander|Maininki Sippola|Aune Somersalmi|Viktor Uralskiy|Yrjö Jyrinkoski|Nikolay Lebedev|Lea Venkula","keywords":"psychotronic film|russia|folk tale|mythology|magic","year":1959,"director":"Director: Aleksandr Ptushko","genre":"Adventure|Fantasy","rating":3.9,"title":"Sampo"}