{"summary":"When an alien artifact discovered on Earth is found to have come from Venus, an international team of astronauts embarks to investigate its origins.","cast":"Yôko Tani|Oldrich Lukes|Ignacy Machowski|Julius Ongewe|Mikhail N. Postnikov|Kurt Rackelmann|Günther Simon|Hua-Ta Tang|Lucyna Winnicka|Klaus Bamberg|Fredy Barten|Christoph Beyertt|Karl Brenk|Fritz Decho|Karen Fredersdorf|Eva-Maria Hagen|Karl-Helge Hofstadt|Peter Kiwitt|Gertraud Kreissig|Ruth-Maria Kubitschek|Heinz Kögel|Hans Ulrich Laufer|Barbara Leonhard|Erich Lie|Omani Mensah|Vera Oelschlegel|Paul Paulsen|Lieselotte Schmoock|Horst Schäfer|Werner Senftleben|Danuta Szaflarska|San Din Tscho|Nico Turoff|Eduard von Winterstein","keywords":"space travel|nuclear threat|venus the planet|alien technology|spacecraft","year":1960,"director":"Director: Kurt Maetzig","genre":"Sci-Fi","rating":4.5,"title":"Destino Espacial: Venus"}