{"summary":"A cabaret singer and a Legionnaire fall in love, but their relationship is complicated by the results of his womanizing and due to the appearance of a rich man who wants her for himself.","cast":"Gary Cooper|Marlene Dietrich|Adolphe Menjou|Ullrich Haupt|Eve Southern|Francis McDonald|Paul Porcasi|Emile Chautard|Juliette Compton|Albert Conti|Thomas A. Curran|Theresa Harris|Lillian Savin|Harry Schultz|Philip Sleeman|Michael Visaroff","keywords":"love|legionnaire|singer|nightclub|foreign legion","year":1930,"director":"Director: Josef von Sternberg (as Josef Von Sternberg)","genre":"Drama|Romance","rating":7.1,"title":"Marruecos"}