{"summary":"The story of a man (Andrey Sokolov) whose life was ruthlessly crippled by World War II. His wife and daughters were killed during the bombing of his village, he spent some time as a ... See full summary »","cast":"Sergey Bondarchuk|Pavel Boriskin|Zinaida Kirienko|Pavel Volkov|Yuri Averin|Konstantin Alekseev|Pavel Vinnikov|Evgeniy Teterin|Anatoli Chemodurov|Lev Borisov|Georgi Shapovalov|Aleksandr Novikov|Nikolai Aparin|Vyacheslav Beryozko|Vladimir Ivanov|L. Kadochkin|Yevgeni Kudryashov|Aleksandr Kuznetsov|Aleksandr Lebedev|Viktors Lorencs|Viktor Markin|Yevgeniya Melnikova|Georgiy Millyar|Evgeniy Morgunov|Jüri Müür|Daniil Netrebin|Nikolay Pechentsov|Andrey Puntus|Pyotr Savin|Aleksandr Strelnikov|R. Sutra|Andrey Karasyov|Anatoliy Nikitin|Mikko Niskanen","keywords":"prisoner|driver|soldier|orphan|escape","year":1959,"director":"Director: Sergey Bondarchuk","genre":"Drama|War","rating":8.0,"title":"El destino de un hombre"}