{"summary":"A mad scientist transforms a panther into a man-like creature that escapes and goes on a murderous rampage.","cast":"Francis Lederer|Greta Thyssen|Richard Derr|Oscar Keesee|Lilia Duran|Peyton Keesee|Flory Carlos","keywords":"bare chested male|hairy chest|dysfunctional marriage|husband wife relationship|female sexual predator","year":1959,"director":"Directors: Gerardo de Leon (as Gerry de Leon), Eddie Romero (co-director) (uncredited)","genre":"Horror|Romance|Sci-Fi","rating":5.5,"title":"La isla del terror"}