{"summary":"An obsessed pathologist discovers and captures a parasitic creature that grows when fear grips its host.","cast":"Vincent Price|Judith Evelyn|Darryl Hickman|Patricia Cutts|Pamela Lincoln|Philip Coolidge|Leon Alton|Richard Barthelmess|Gail Bonney|William Castle|Pat Colby|George DeNormand|Amy Fields|Bob Gunderson|Dal McKennon|Clarence Straight|Ernest Torrence","keywords":"fear|deaf mute|infidelity|spinal column|theatre audience","year":1959,"director":"Director: William Castle","genre":"Horror","rating":6.7,"title":"Escalofrío"}