{"summary":"A widow tries to marry off her daughter with the help of her late husband's three friends.","cast":"Setsuko Hara|Yôko Tsukasa|Mariko Okada|Keiji Sada|Miyuki Kuwano|Shin'ichirô Mikami|Shin Saburi|Chishû Ryû|Nobuo Nakamura|Kuniko Miyake|Sadako Sawamura|Ryûji Kita|Fumio Watanabe|Ayako Senno|Yuriko Tashiro|Fujio Suga|Toyo Takahashi|Mutsuko Sakura|Hisao Toake|Yoshie Minami|Shima Iwashita|Tsûsai Sugawara|Kôji Shitara|Masahiko Shimazu|Norikazu Takeda|Tomoka Hasebe|Koji Shirotani|Isao Suenaga|Yukari Yamashina|Aiko Ikumi|Kazuko Mitsukawa|Junko Hara|Tami Yamamoto|Kôhei Kawamura|Shôsuke Oni|Zenichi Inagawa","keywords":"almond eyes|japanese woman|japanese man|friend|mother","year":1960,"director":"Director: Yasujirô Ozu","genre":"Comedy|Drama","rating":8.0,"title":"Otoño tardío"}