{"summary":"A young boy is magically transported back in time to a pirate ship on the high seas.","cast":"Charles Herbert|Susan Gordon|Murvyn Vye|Paul Guilfoyle|Joe Turkel|Archie Duncan|Than Wyenn|Albert Cavens|Mickey Finn|Morgan Jones|Timothy Carey|George Bruggeman|Duke Fishman|Chuck Hamilton|Cap Somers|Ray Spiker","keywords":"psychotronic film|pirate ship|boy|pirate|coming of age","year":1960,"director":"Director: Bert I. Gordon","genre":"Family|Adventure|Fantasy","rating":5.2,"title":"The Boy and the Pirates"}