{"summary":"A young college student arrives in a sleepy Massachusetts town to research witchcraft; during her stay at an eerie inn, she discovers a startling secret about the town and its inhabitants.","cast":"Dennis Lotis|Christopher Lee|Patricia Jessel|Tom Naylor|Betta St. John|Venetia Stevenson|Valentine Dyall|Ann Beach|Norman MacOwan|Fred Johnson|James Dyrenforth|Maxine Holden|William Abney|Andy Alston|Ted Carroll|Rodney Dines|Nickolas Grace|Anthony Lang|Terry Sartain|Gerry Wain","keywords":"inn|sacrifice|new england|college student|burned at the stake","year":1960,"director":"Director: John Llewellyn Moxey (as John Moxey)","genre":"Horror|Mystery|Thriller","rating":6.8,"title":"El hotel del horror"}