{"summary":"A fast-talking traveling salesman with a charming, loquacious manner convinces a sincere evangelist that he can be an effective preacher for her cause.","cast":"Burt Lancaster|Jean Simmons|Arthur Kennedy|Dean Jagger|Shirley Jones|Patti Page|Edward Andrews|John McIntire|Hugh Marlowe|Joe Maross|Philip Ober|Barry Kelley|Wendell Holmes|Dayton Lummis|Harry Antrim|Larry J. Blake|Phil Bloom|Paul Bradley|Peter Brocco|Budd Buster|Mushy Callahan|George Cisar|Bing Conley|Tony Dante|George DeNormand|Ralph Dumke|George Ford|Sally Fraser|Raoul Freeman|Everett Glass|Joseph Glick|Sol Gorss|Mary Adams Hayes|Jack Henderson|Jimmie Horan|Charles Horvath|Rex Ingram|Colin Kenny|Johnny Kern|Mike Lally|Joanna Lancaster|Sighle Lancaster|Norman Leavitt|Robert P. Lieb|BarBara Luna|John Marlin|Mathew McCue|John McKee|David McMahon|William Meader|Charles Morton|Ed Nelson|William H. O'Brien|Gloria Pall|Milton Parsons|Bob Perry|Jack Perry|Paul Power|John Qualen|Jean Ransome|John Rice|Dan Riss|John Roy|Max Showalter|Leslie Sketchley|Mabel Smaney|Marjorie Stapp|Bert Stevens|Jack Stoney|Ken Terrell|Blaine Turner|Dale Van Sickel|Ray Walker|Michael Whalen|Guy Wilkerson|Jean Willes","keywords":"preacher|religion|tent revival|evangelist|traveling salesman","year":1960,"director":"Director: Richard Brooks","genre":"Drama","rating":7.8,"title":"El fuego y la palabra"}