{"summary":"Four adventurers descend to the depths of the ocean when the cable on their underwater diving bell snaps. The rest of their expedition, believing them to be lost, abandons hope of finding ... See full summary »","cast":"John Carradine|Robert Clarke|Phyllis Coates|Allen Windsor|Sheila Noonan|George Skaff|Maurice Bernard|Joe Maierhauser|Harry Raven|Lloyd Nelson|Jack Haffner|Milt Collion|Robert Carroll|Lowell Hopkins|Jerry Warren","keywords":"psychotronic film|b movie|poverty row film|double feature film|drive in movie","year":1959,"director":"Director: Jerry Warren","genre":"Action|Adventure|Sci-Fi|Thriller","rating":3.1,"title":"The Incredible Petrified World"}