{"summary":"Young Harry is in love and wants to marry an actress, much to the displeasure of his family. Harry thinks that Bishop Armstrong knows nothing about love so Armstrong tells him the story of ... See full summary »","cast":"Greta Garbo|Lewis Stone|Gavin Gordon|Elliott Nugent|Florence Lake|Clara Blandick|Henry Armetta|Mathilde Comont|Rina De Liguoro|Agostino Borgato|Roy D'Arcy|Pat Harmon|James T. Mack|Margaret Mann|Rolfe Sedan|William Stack","keywords":"opera|illicit love|singer|new york city|new year's eve","year":1930,"director":"Director: Clarence Brown","genre":"Drama|Romance","rating":5.9,"title":"Romance"}