{"summary":"After a married woman and her lover murder her cruel husband, they find themselves targeted by someone who is aware of their crime.","cast":"Lana Turner|Anthony Quinn|Richard Basehart|Sandra Dee|John Saxon|Ray Walston|Virginia Grey|Anna May Wong|Dennis Kohler|Lloyd Nolan|Elizabeth Chan|John Wengraf|John McNamara|George Womack|Paul Birch|Robert P. Lieb|James Nolan|Richard Norris|Paul Bradley|Jack Bryan|Harold Goodwin|Harold Miller|William H. O'Brien|Henry S. Quan|Charles Thompson","keywords":"neo noir|disposing of a dead body|murder disguised as natural death|manipulative woman|murder plot","year":1960,"director":"Director: Michael Gordon","genre":"Crime|Drama|Mystery|Thriller","rating":6.5,"title":"Retrato en negro"}