{"summary":"At a church in the country, eternally optimistic John marries Maria, his Atomic War Bride, as a war starts, planes buzz overhead and bombs start dropping. Though John is \"mobilized\" by the ... See full summary »","cast":"Antun Vrdoljak|Zlatko Madunic|Ljubisa Jovanovic|Ita Rina|Janez Vrhovec|Marija Kohn|Ewa Krzyzewska|Olivera Markovic|Tana Mascarelli|Nevenka Mikulic|Vasa Pantelic|Dusan Pocek|Branislav Radovic|Ratko Saric|Bosa Stojadinovic|Tito Strozzi|Petar Vujovic|Velimir 'Bata' Zivojinovic","keywords":"irreverence|explosion|airplane|war satire|tragicomedy","year":1960,"director":"Director: Veljko Bulajic","genre":"Comedy|Drama","rating":6.0,"title":"Rat"}