{"summary":"A young man finds a very special school. It teaches him how to take advantage of people. He begins to put the lessons into operation.","cast":"Ian Carmichael|Terry-Thomas|Alastair Sim|Janette Scott|Dennis Price|Peter Jones|Edward Chapman|John Le Mesurier|Irene Handl|Kynaston Reeves|Hattie Jacques|Hugh Paddick|Barbara Roscoe|Gerald Campion|Monte Landis|Jeremy Lloyd|Charles Lamb|Anita Sharp-Bolster|Andrew Andreas|Jack Armstrong|Paul Beradi|Jimmy Cains|Mabel Etherington|Vilma Ann Leslie|Geremy Phillips|Joseph Tregonino","keywords":"london england|romantic rivalry|lifemanship|clothesmanship|partymanship","year":1960,"director":"Directors: Robert Hamer, Hal E. Chester (uncredited) | 1 more credit »","genre":"Comedy","rating":7.4,"title":"School for Scoundrels"}