{"summary":"Respected black cavalry Sergeant Brax Rutledge stands court-martial for raping and killing a white woman and murdering her father, his superior officer.","cast":"Jeffrey Hunter|Constance Towers|Billie Burke|Woody Strode|Juano Hernandez|Willis Bouchey|Carleton Young|Judson Pratt|Phil Adams|Mario Arteaga|Gertrude Astor|Brandon Beach|Oscar Blank|Clifton Brandon|Naaman Brown|Louis Byrd|Ruth Clifford|Jane Crowley|Shug Fisher|Eugene Gaines|Sam Harris|Chuck Hayward|William Henry|James Johnson|Rafer Johnson|Jack Kenny|Mike Lally|Jack Lewis|Fred Libby|Marvin Luster|Cliff Lyons|Wilbur Mack|Mae Marsh|Toby Michaels|Jack Mower|Trusse R. Norris|Eva Novak|Jack Pennick|Jack Perrin|Walter Reed|Chuck Roberson|Charles Seel|Ed Shaw|Bobby Lee Smith|Ed Sweeny|Walter Torrence|David Washington|William Wellman Jr.|Lloyd Winston|Hank Worden","keywords":"u.s. soldier|army|u.s. cavalry|u.s. army|monument valley","year":1960,"director":"Director: John Ford","genre":"Crime|Western","rating":7.4,"title":"El sargento negro"}