{"summary":"A prison truck is assaulted and the two convicts inside are murdered. The prison guard on duty gets suspended for negligence and takes it upon himself to track down the killers.","cast":"Michitarô Mizushima|Misako Watanabe|Shôichi Ozawa|Shinsuke Ashida|Mari Shiraki|Tôru Abe|Ryôhei Uchida|Akira Hisamatsu|Saburô Hiromatsu|Tatsuo Matsushita|Reiko Arai|Kotoe Hatsui|Hiroshi Chô|Tomio Aoki|Norikatsu Hanamura|Keisuke Noro|Kaoru Yamamoto|Kyôko Natsu|Ayako Fukuda|Yôko Yokota|Tamaki Katori|Eiko Takada|Arata Shibata|Shô Furuta|Kôichi Uenoyama|Shigeno Iwasaki|Reina Hanayagi|Toyo Fukuda|Hiroshi Midorikawa|Hiroshi Nagashi","keywords":"yakuza|japan|1960s|prisoner transport|armed assault","year":1960,"director":"Director: Seijun Suzuki","genre":"Action|Crime|Mystery","rating":6.7,"title":"'Jûsangô taihisen' yori: Sono gosôsha o nerae"}