{"summary":"A young man with artistic talent who lives in a close-knit, English coal-mining town during the early 20th Century finds himself inhibited by his emotionally manipulative, domineering mother.","cast":"Trevor Howard|Dean Stockwell|Wendy Hiller|Mary Ure|Heather Sears|William Lucas|Conrad Phillips|Ernest Thesiger|Donald Pleasence|Rosalie Crutchley|Sean Barrett|Elizabeth Begley|Edna Morris|Ruth Kettlewell|Anne Sheppard|Susan Travers|Rosalie Ashley|Dorothy Gordon|Vilma Ann Leslie|Anne Scott|Patsy Smart|Gwendolyn Watts|Philip Ray|Trevor Little|Sheila Bernette","keywords":"london england|snow|train|train station|fight","year":1960,"director":"Director: Jack Cardiff","genre":"Drama","rating":7.1,"title":"Hijos y amantes"}