{"summary":"In Osaka's slum, capricious folks without futures engage in pilfering, assault and robbery, prostitution, and the trading of ID cards and blood.","cast":"Kayoko Honoo|Kôji Nakahara|Masahiko Tsugawa|Fumio Watanabe|Isao Sasaki|Yûsuke Kawazu|Junzaburô Ban|Kamatari Fujiwara|Tanie Kitabayashi|Eitarô Ozawa|Asao Koike|Kei Satô|Jun Hamamura|Hôsei Komatsu|Gen Shimizu|Rokkô Toura|Bokuzen Hidari|Ichirô Nagai|Kunie Tanaka|Kunie Tominaga|Kyu Ito|Tsunagorô Rashômon","keywords":"yakuza|gang|youth|japanese new wave|japan","year":1960,"director":"Director: Nagisa Ôshima","genre":"Crime|Drama","rating":7.1,"title":"El entierro del sol"}