{"summary":"Young Danny, better known as Tomb, is the toughest in a street gang in Paris. She dresses as a boy and fights like a man.","cast":"Danièle Gaubert|Roland Lesaffre|Maurice Caffarelli|Constantin Andrieu|Jean-Louis Bras|Dominique Dieudonné|Denise Vernac|François Nocher|Alfonso Mathis|Pierre Richard|Georges Wilson|Dominique Davray|Simone Berthier|Pierre Collet|Claudine Auger|Pierre Parel|Anne Béranger|Gib Grossac|Georgette Peyron|Jacques Berger|Jacques Galland|Jacques Mancier|Charles Bayard|Dominique Lepinay","keywords":"fight|family relationships|youth violence|youth suicide|working class","year":1960,"director":"Director: Marcel Carné","genre":"Drama","rating":6.9,"title":"El solar"}