{"summary":"An extended family split up in France and Germany find themselves on opposing sides of the battlefield during World War I.","cast":"Pomeroy Cannon|Josef Swickard|Bridgetta Clark|Rudolph Valentino|Virginia Warwick|Alan Hale|Mabel Van Buren|Stuart Holmes|John St. Polis|Alice Terry|Mark Fenton|Derek Ghent|Nigel De Brulier|Bowditch M. Turner|Edward Connelly|Wallace Beery|Harry Northrup|Arthur Hoyt|Tom Amandares|C.E. Collins|Xavier Cugat|Jacques D'Auray|Claire de Lorez|Rose Dione|Beatrice Dominguez|Louise Emmons|John George|Richard Headrick|Jean Hersholt|Noble Johnson|Isabelle Keith|Fred Kelsey|Kathleen Key|Henry Klaus|J. Jiquel Lanoe|Andy MacLennan|Minnehaha|Bull Montana|Steve Murphy|Ramon Novarro|Curt Rehfeld|Brinsley Shaw|Georgia Woodthorpe|Patrick Youch","keywords":"anti war|debauchery|cousin cousin relationship|national film registry|f rated","year":1921,"director":"Director: Rex Ingram","genre":"Drama|Romance|War","rating":7.2,"title":"Los cuatro jinetes del apocalipsis"}