{"summary":"\"Le Dabe\" retired many years ago and now he lives in the Tropics where he owns stables and horses. He is a very rich man. He was the king of all money counterfeiters. He is contacted from ... See full summary »","cast":"Jean Gabin|Martine Carol|Françoise Rosay|Bernard Blier|Frank Villard|Maurice Biraud|Antoine Balpêtré|Ginette Leclerc|Gérard Buhr|Robert Dalban|Albert Dinan|Heinrich Gretler|Charles Bouillaud|Hélène Dieudonné|Clara Gansard|René Hell|Albert Michel|Marcel Charvey|Paul Faivre|Gabriel Gobin|Lisa Jouvet|Antonio Ramírez|Claude Achard|Marcel Bernier|Pierre Collet|Max Doria|Claude Ivry|Jacques Marin|Jean Moulard","keywords":"horse|seine river|orly airport paris|paper flower|partner in crime","year":1961,"director":"Director: Gilles Grangier","genre":"Comedy|Crime|Family","rating":7.1,"title":"Le cave se rebiffe"}