{"summary":"A priest travels to investigate a miller suspected to be working with the devil.","cast":"Vítezslav Vejrazka|Miroslav Machácek|Cestmír Randa|Vít Olmer|Karla Chadimová|Vlastimil Hasek|Frantisek Kovárík|Jaroslav Moucka|Josef Hlinomaz|Bedrich Karen|Jirí Belohoubek|Jirina Bílá|Monika Indingerová|Ladislav Kazda|Milan Kindl|Dagmar Kofronová|Zdenek Kutil|Frantisek Nechyba|Antonín Novotný|Viktor Ocásek|Zlatomir Vacek|Jirí Vrstála|Richard Záhorský","keywords":"based on novel","year":1962,"director":"Director: Frantisek Vlácil","genre":"Drama","rating":7.6,"title":"Dáblova past"}