{"summary":"Tony Blair, a producer of Broadway plays, is murdered on a California-bound passenger liner, and a series of events leads to an assumption that Claire Norvelle has committed the killing. ... See full summary »","cast":"Aileen Pringle|Jameson Thomas|Dorothy Christy|Richard Tucker|Harry Myers|Niles Welch|John Vosper|Jack Mower|Wilfred Lucas|William Bailey|Bill Elliott|Lee Phelps","keywords":"murder|producer|play|manhattan new york city|false accusation","year":1931,"director":"Director: Christy Cabanne","genre":"Mystery|Romance","rating":5.0,"title":"Convicted"}