{"summary":"Dr. Frankenstein dares to tamper with life and death by creating a human monster out of lifeless body parts.","cast":"Colin Clive|Mae Clarke|John Boles|Boris Karloff|Edward Van Sloan|Frederick Kerr|Dwight Frye|Lionel Belmore|Marilyn Harris|Ted Billings|Mae Bruce|Jack Curtis|Arletta Duncan|William Dyer|Francis Ford|Mary Gordon|Soledad Jiménez|Carmencita Johnson|Seessel Anne Johnson|Margaret Mann|Michael Mark|Robert Milasch|Pauline Moore|Inez Palange|Paul Panzer|Cecilia Parker|Rose Plumer|Cecil Reynolds|Ellinor Vanderveer","keywords":"monster|experiment|mad scientist|universal monsters|fire","year":1931,"director":"Director: James Whale","genre":"Drama|Horror|Sci-Fi|Thriller","rating":7.8,"title":"El doctor Frankenstein"}