{"summary":"After an unappreciated minister dies, his daughter loses her faith in God, prompting her to open a phony temple with a con man. Can the love of a blind aviator restore her faith and happiness?","cast":"Barbara Stanwyck|David Manners|Sam Hardy|Beryl Mercer|Russell Hopton|Charles Middleton|Eddie Boland|Thelma Hill|Jessie Arnold|Robert Bolder|Mary Bracken|Aileen Carlyle|Mary Doran|Frank Holliday|Lorraine Hubbell|John Kelly|June Lang|Edward LeSaint|Ivan Linow|Lafe McKee|Dennis O'Keefe|Bud Osborne|Al Stewart|Harry Todd|Fred Warren|Paul Weigel","keywords":"miracle|f rated|melodrama|radio preacher|radio broadcasting","year":1931,"director":"Director: Frank Capra (as Frank R. Capra)","genre":"Drama|Romance","rating":7.2,"title":"La mujer milagro"}