{"summary":"The Tramp cares for an abandoned child, but events put that relationship in jeopardy.","cast":"Carl Miller|Edna Purviance|Jackie Coogan|Charles Chaplin|Albert Austin|Beulah Bains|Nellie Bly Baker|Henry Bergman|Edward Biby|B.F. Blinn|Kitty Bradbury|Frank Campeau|Bliss Chevalier|Frances Cochran|Elsie Codd|Jack Coogan Sr.|Estelle Cook|Lillian Crane|Philip D'Oench|Dan Dillon|Robert Dunbar|Florette Faulkner|Rupert Franklin|Sadie Gordon|Lita Grey|Frank Hale|Martha Hall|Jules Hanft|Louise Hathaway|Silas Hathaway|Flora Howard|Ed Hunt|Lulu Jenks|Irene Jennings|Kathleen Kay|Grace Keller|Sarah Kernan|Raymond Lee|Walter Lynch|V. Madison|Clyde McAtee|Michael J. McCarthy|John McKinnon|Ethel O'Neil|Lew Parker|Charles I. Pierce|Laura Pollard|Evans Quirk|Esther Ralston|Granville Redmond|Charles Reisner|Henry Roser|J.B. Russell|George V. Sheldon|Edgar Sherrod|Elsie Sindora|Minnie Stearns|Arthur Thalasso|Edith Valk|Mother Vinot|May White|S.D. Wilcox|Baby Wilson|Tom Wilson|Amanda Yanez|Baby Yanez|Elsie Young","keywords":"baby|boy|orphan|social worker|abandoned baby","year":1921,"director":"Director: Charles Chaplin (as Charlie Chaplin)","genre":"Comedy|Drama|Family","rating":8.3,"title":"El chico"}