{"summary":"Events take an unhappy turn for two Bill and Jack, two locomotive engineers, after Bill is attracted to his best friend's wife.","cast":"Grant Withers|Mary Astor|Regis Toomey|James Cagney|Fred Kohler|J. Farrell MacDonald|Joan Blondell|Lillian Worth|Walter Long|Pat Harmon|Pat Hartigan|Lee Moran|Kewpie Morgan|Bob Perry|Lucille Ward","keywords":"engineer|tuberculosis|peg leg|irish american|alcoholic","year":1931,"director":"Director: William A. Wellman","genre":"Drama|Romance","rating":6.5,"title":"Mujeres enamoradas"}