{"summary":"Two guys end up in prison after attempting to sell beer to a policeman during Prohibition.","cast":"Stan Laurel|Oliver Hardy|June Marlowe|Wilfred Lucas|James Finlayson|Walter Long|Tiny Sandford|Frank Austin|Chester A. Bachman|Eddie Baker|Belle|Harry Bernard|Bobby Burns|Baldwin Cooke|Al Corporal|Charles Dorety|Gordon Douglas|Bobby Dunn|Eddie Dunn|The Etude Ethiopian Chorus|Otto Fries|Dick Gilbert|Laughing Gravy|Charlie Hall|Jack Herrick|Jack Hill|Frank Holliday|Bob Kortman|Sam Lufkin|Jerry Mandy|George Miller|Gene Morgan|James Parrott|Hal Roach|Charley Rogers|Will Stanton|Harry Thomas|Guido Trento|Blackie Whiteford|S.D. Wilcox|Leo Willis","keywords":"prohibition|bootlegging|blackface|white person disguised as black person|prison riot","year":1931,"director":"Director: James Parrott","genre":"Comedy|Crime|Drama|Musical","rating":7.0,"title":"De bote en bote"}