{"summary":"In the waning days of WWI, a U.S. \"Mystery Ship,\" sets sail for the coast of Spain towing a submarine. Their mission is to find and sink a U-boat that has been especially effective in ... See full summary »","cast":"George O'Brien|Marion Lessing|Mona Maris|Walter C. Kelly|Warren Hymer|Steve Pendleton|Walter McGrail|Larry Kent|Henry Victor|John Loder|Philip Ahlm|Al Bennett|Earl Wayland Bowman|Bill Brande|William Collier Sr.|Leonard Davison|Joseph Depew|Francis Ford|Robert Ford|Hans Fuerberg|Curt Furberg|Al Generaux|Bob Gillette|George Golden|Ben Hall|George Harris|Bob Kyle|Jack Martin|Harry Mount|Jack Murphy|Maurice Murphy|Bob Nelson|Edward Peil Jr.|Nat Pendleton|Terrance Ray|Marvin Schecter|Harry Schultz|Ferdinand Schumann-Heink|Robert Shepherd|Harry Strang|Anton Tell|George Templeton|Harry Tenbrook|T.J.F. von Blankerburg|Frank Walton|Harry Weil|Hans Winterhalder","keywords":"female sexual predator|manipulative female|romantic rivalry|male female relationship|male male relationship","year":1931,"director":"Director: John Ford","genre":"Action|Drama|War","rating":5.8,"title":"Mar de fondo"}