{"summary":"An old traditional family and a modern family battle over land in a small English village and almost destroy each other.","cast":"C.V. France|Helen Haye|Jill Esmond|Edmund Gwenn|John Longden|Phyllis Konstam|Frank Lawton|Herbert Ross|Dora Gregory|Edward Chapman|R.E. Jeffrey|George Bancroft|Ronald Frankau|Rodney Ackland|Ivor Barnard|Wally Patch","keywords":"car|pushing|estate|blackmail|factory","year":1931,"director":"Director: Alfred Hitchcock","genre":"Drama","rating":5.8,"title":"Juego sucio"}