{"summary":"A Greek barber has uncommon skills in playing poker and soon rises in the seedy world of illegal gambling, but pretty blondes remain his Achilles' heel.","cast":"Edward G. Robinson|James Cagney|Evalyn Knapp|Ralf Harolde|Noel Francis|Margaret Livingston|Maurice Black|Billy House|Paul Porcasi|Gladys Lloyd|Polly Walters|Ernie Alexander|Edwin Argus|Spencer Bell|Clark Burroughs|Donald Cook|John George|Eddie Hart|Edward Hearn|Eulalie Jensen|Eddie Kane|Boris Karloff|Charles Lane|John Larkin|Gus Leonard|Wallace MacDonald|Mae Madison|Charlotte Merriam|William H. O'Brien|Charles O'Malley|Walter Percival|George Reed|Hector V. Sarno|Harry Semels|Ben Taggart|Morgan Wallace","keywords":"male male relationship|homosexual subtext|femme fatale|main character mentioned in walter winchell's newspaper column|greek","year":1931,"director":"Director: Alfred E. Green","genre":"Crime|Drama","rating":6.8,"title":"Dinero fácil"}