{"summary":"Chain gang prisoners forced to construct a \"liberty highway\" for their overseer chasten under his brutal stewardship, causing Duke Ellis to mastermind a mass riot.","cast":"Richard Dix|Rochelle Hudson|Tom Brown|C. Henry Gordon|Oscar Apfel|Stanley Fields|John Arledge|Warner Richmond|Charles Middleton|Clarence Muse|Louise Carter|Sandy Roth|Fuzzy Knight|Louise Beavers|Allan Cavan|Al Corporal|The Etude Ethiopian Chorus|Eddie Hart|Robert Homans|John Lester Johnson|Jed Kiley|Frank Marlowe|Broderick O'Farrell|Bob Perry|Harry Smith|Bert Starkey","keywords":"kid brother|road gang|brutality|chain gang|sweat box","year":1932,"director":"Directors: Rowland Brown, John Cromwell (uncredited)","genre":"Action|Crime|Drama","rating":6.8,"title":"La carretera del infierno"}