{"summary":"Wrongly convicted James Allen serves in the intolerable conditions of a southern chain gang, which later comes back to haunt him.","cast":"Paul Muni|Glenda Farrell|Helen Vinson|Noel Francis|Preston Foster|Allen Jenkins|Berton Churchill|Edward Ellis|David Landau|Hale Hamilton|Sally Blane|Louise Carter|Willard Robertson|Robert McWade|Robert Warwick|William Le Maire|Erville Alderson|Irving Bacon|Reginald Barlow|James Bell|Everett Brown|Frederick Burton|A.S. 'Pop' Byron|Eddy Chandler|Wallis Clark|G. Pat Collins|George Cooper|Jack Curtis|Douglass Dumbrille|J. Frank Glendon|Lew Kelly|Jack La Rue|Edward LeSaint|Walter Long|Jack Low|John Marston|Charles McAvoy|Edward McNamara|Charles Middleton|Dennis O'Keefe|William Pawley|Charles Sellon|Allen D. Sewall|Lee Shumway|William H. Strauss|Sheila Terry|Fred 'Snowflake' Toones|Jack Wise|Harry Woods|John Wray","keywords":"blackmail|escaped prisoner|escape from prison|chain gang|hamburger","year":1932,"director":"Director: Mervyn LeRoy","genre":"Crime|Drama|Film-Noir","rating":8.2,"title":"Soy un fugitivo"}