{"summary":"This remake of Los pantanos de Zanzíbar (1928) made four years later tries to outdo the Lon Chaney original in morbidity. From a wheelchair a handicapped white man rules an area of ... See full summary »","cast":"Walter Huston|Lupe Velez|Conrad Nagel|Virginia Bruce|C. Henry Gordon|Mitchell Lewis|Forrester Harvey|Curtis Nero|Everett Brown|Charles Irwin|Sarah Padden","keywords":"wheelchair|brandy|ivory trade|africa|bare chested male","year":1932,"director":"Director: William J. Cowen (as William Cowen)","genre":"Drama|Horror","rating":6.6,"title":"Congo"}