{"summary":"In hard times just after World War I, three ex-fighter pilots manage to land jobs as Hollywood stunt fliers working for dictatorial director Von Furst.","cast":"Richard Dix|Mary Astor|Robert Armstrong|Dorothy Jordan|Joel McCrea|Erich von Stroheim|Hugh Herbert|Ralph Ince|Marjorie Peterson|Ralph Lewis|William B. Davidson|Frank Clarke|Thomas A. Curran|Edgar Dearing|Art Goebel|Dick Grace|Arnold Gray|Freeman Lang|Leo Nomis|Frank O'Connor","keywords":"grauman's chinese theatre los angeles|opening action scene|battle|air battle|hollywood","year":1932,"director":"Director: George Archainbaud","genre":"Drama|History|War","rating":6.5,"title":"La escuadrilla deshecha"}