{"summary":"Unscrupulous Paul Kroll, starting as a Chicago janitor, uses graft to finance a trip to Sweden where by trickery he gains control of his uncle's small match factory. By expert manipulation ... See full summary »","cast":"Warren William|Lili Damita|Glenda Farrell|Juliette Compton|Claire Dodd|Harold Huber|John Wray|Spencer Charters|Murray Kinnell|Hardie Albright|Alan Hale|Edmund Breese|Robert McWade|Oscar Apfel|Irving Bacon|Harry Beresford|Ed Brady|Wallis Clark|Cyril Delevanti|John Elliott|Frank Ellis|Alphonse Ethier|Antonio Filauri|John Ince|Amo Ingraham|DeWitt Jennings|Lee Kohlmar|Arnold Lucy|Alphonse Martell|George Meeker|Greta Meyer|Torben Meyer|Harold Minjir|Bodil Rosing|Rolfe Sedan|Charles Sellon|John St. Polis|Frederick Sullivan|Sheila Terry|Wilhelm von Brincken","keywords":"sweden|chicago illinois|stock market crash 1929|rags to riches|match industry","year":1932,"director":"Directors: Howard Bretherton, William Keighley","genre":"Drama","rating":6.9,"title":"The Match King"}