{"summary":"A red-haired boy is his mother's punching bag ; only his father's presence is a great comfort to him,but this weak man is under the shrew's thumb.His pain is so great he feels suicidal.","cast":"Harry Baur|Robert Lynen|Louis Gauthier|Simone Aubry|Maxime Fromiot|Colette Segall|Marthe Marty|Christiane Dor|Catherine Fonteney|Claude Borelli|Claude Borelli|Colette Borelli|Jean Borelli","keywords":"boy|holding someone's head underwater|attempted child suicide|hanged child|church bell","year":1932,"director":"Director: Julien Duvivier","genre":"Drama","rating":7.3,"title":"Pelirrojo"}