{"summary":"A young woman turns to Sherlock Holmes for protection when she's menaced by an escaped killer seeking missing treasure. However, when the woman is kidnapped, Holmes and Watson must penetrate the city's criminal underworld to find her.","cast":"Arthur Wontner|Isla Bevan|Ian Hunter|Graham Soutten|Miles Malleson|Herbert Lomas|Gilbert Davis|Margaret Yarde|Roy Emerton|Mr. Burnhett|Charles Farrell|Clare Greet|Moore Marriott|Edgar Norfolk|Kynaston Reeves|Ernest Sefton|Togo","keywords":"sherlock holmes character|dr. john watson character|eight word series title|missing treasure|escaped killer","year":1932,"director":"Director: Graham Cutts","genre":"Crime|Drama|Mystery|Romance","rating":6.0,"title":"The Sign of Four: Sherlock Holmes' Greatest Case"}