{"summary":"Doc Bull, a no-nonsense country doctor who has served his community for decades, fights small-town prejudice and provincialism in several crises.","cast":"Will Rogers|Vera Allen|Marian Nixon|Howard Lally|Berton Churchill|Louise Dresser|Andy Devine|Rochelle Hudson|Tempe Pigott|Elizabeth Patterson|Nora Cecil|Ralph Morgan|Patsy O'Byrne|Veda Buckland|Effie Ellsler|Helen Freeman|Reginald Barlow|Betty Bryson|Louise Carter|James Donlan|Mike Donlin|Francis Ford|Mary Gordon|Ethel Griffies|Otis Harlan|George Humbert|Si Jenks|Cammilla Johnson|Carmencita Johnson|Marcia Mae Jones|Charles Middleton|Sarah Padden|Robert Parrish|Billy Watson","keywords":"character name as title|surname in title|doctor|small town|widow","year":1933,"director":"Director: John Ford","genre":"Comedy|Drama|Romance","rating":6.5,"title":"Doctor Bull"}