{"summary":"A gangster tries to find redemption with the inadvertent help of an innocent shop girl and his jealous girlfriend will do anything to keep him.","cast":"Kinuyo Tanaka|Jôji Oka|Sumiko Mizukubo|Kôji Mitsui|Yumeko Aizome|Yoshio Takayama|Koji Kaga|Yasuo Nanjo|Shunsaku Kashima|Seiji Nishimura|Chishû Ryû|Nobuo Takemura|Reikô Tani","keywords":"gangster|redemption|japanese noir|brother sister relationship|shopgirl","year":1933,"director":"Director: Yasujirô Ozu","genre":"Crime|Drama|Romance","rating":7.0,"title":"La mujer proscrita"}