{"summary":"A scientist finds a way of becoming invisible, but in doing so, he becomes murderously insane.","cast":"Claude Rains|Gloria Stuart|William Harrigan|Henry Travers|Una O'Connor|Forrester Harvey|Holmes Herbert|E.E. Clive|Dudley Digges|Harry Stubbs|Donald Stuart|Merle Tottenham|Robert Adair|Ted Billings|Walter Brennan|Robert Brower|John Carradine|D'Arcy Corrigan|Jack Deery|Dwight Frye|Mary Gordon|Bobbie Hale|Stuart Hall|Tiny Jones|Violet Kemble Cooper|Crauford Kent|Paul Kruger|John Merivale|Monte Montague|Jack Montgomery|Charles Morton|Bob Reeves|Jack Richardson|Tom Ricketts|Kathryn Sheldon|Emma Tansey|Jameson Thomas|Leo White|Bert Young","keywords":"invisibility|scientist|world domination|mad scientist|bandaged face","year":1933,"director":"Director: James Whale","genre":"Horror|Sci-Fi","rating":7.7,"title":"El hombre invisible"}