{"summary":"A cavalry officer helps save a family's ranch from land grabbers.","cast":"John Wayne|Duke|Ruth Hall|Luis Alberni|Donald Reed|Nina Quartero|Francis Ford|Lafe McKee|Lillian Leighton|Slim Whitaker|Sam Appel|Hank Bell|Ralph Bucko|Roy Bucko|Jim Corey|Joe Dominguez|Frank Ellis|Jack Evans|Clarence Geldart|George Hazel|Tom London|Chris-Pin Martin|Bud McClure|John T. Prince|Blackjack Ward","keywords":"female jealousy|romantic rivalry|monterey california|unrequited love|no colt 45","year":1933,"director":"Director: Mack V. Wright","genre":"Adventure|Music|Romance|Western","rating":5.4,"title":"The Man from Monterey"}