{"summary":"Polio breaks out in Rio de Janeiro, the serum is in Santiago and there's only one way to get the medicine where it's desperately needed: flown in by daring pilots who risk the treacherous weather and forbidding peaks of the Andes.","cast":"John Barrymore|Helen Hayes|Clark Gable|Lionel Barrymore|Robert Montgomery|Myrna Loy|William Gargan|C. Henry Gordon|Leslie Fenton|Harry Beresford|Frank Conroy|Dorothy Burgess|Irving Pichel|Helen Jerome Eddy|Buster Phelps|Ralf Harolde|Marcia Ralston|Maurice Black|Ed Brady|Sidney D'Albrook|Claire Du Brey|Sherry Hall|Otto Hoffman|George Irving|Wallace MacDonald|Michael Mark|Francis McDonald|Louis Natheaux|Inez Palange|Edward Peil Sr.|Evelyn Selbie","keywords":"rio de janeiro brazil|child's coffin|grieving mother|film starts with text|keep out sign","year":1933,"director":"Director: Clarence Brown","genre":"Drama","rating":6.2,"title":"Vuelo nocturno"}