{"summary":"A meek young man must find the courage within when a rogue tramp menaces his home town.","cast":"Harold Lloyd|Mildred Davis|Anna Townsend|Charles Stevenson|Dick Sutherland|Noah Young|Jack Morgan|Roy Brooks|Sammy Brooks|Jack Edwards|William Gillespie|John Hatton|Wallace Howe|Mark Jones|James T. Kelley|Gus Leonard|Gaylord Lloyd|George Rowe|May Wallace|George Ward","keywords":"young man in tight pants|cowardly hero|bully comeuppance|double barreled shotgun|shyness","year":1922,"director":"Director: Fred C. Newmeyer (as Fred Newmeyer)","genre":"Comedy|Family","rating":7.0,"title":"El mimado de la abuelita"}