{"summary":"A fake music-hall clairvoyant meets a woman, and suddenly his predictions seem to come true ...","cast":"Claude Rains|Fay Wray|Mary Clare|Ben Field|Jane Baxter|Athole Stewart|C. Denier Warren|Felix Aylmer|Donald Calthrop|Frank Cellier|Margaret Davidge|Carleton Hobbs|Romilly Lunge|Graham Moffatt|Jack Raine|D.J. Williams","keywords":"psychotronic film|horse races|1930s|binoculars|theatre","year":1935,"director":"Director: Maurice Elvey","genre":"Drama|Mystery|Romance|Thriller","rating":6.7,"title":"El vidente"}