{"summary":"After greedy men have Edmound Dantes unjustly imprisoned for 20 years for innocently delivering a letter entrusted to him, he escapes to get his revenge on them.","cast":"Robert Donat|Elissa Landi|Louis Calhern|Sidney Blackmer|Raymond Walburn|O.P. Heggie|Irene Hervey|Georgia Caine|Walter Walker|Lawrence Grant|Luis Alberni|Douglas Walton|Juliette Compton|Clarence Wilson|Eleanor Phelps|Ferdinand Munier|Holmes Herbert|Paul Irving|Mitchell Lewis|Clarence Muse|Lionel Belmore|William Farnum|Wally Albright|Leon Ames|Symona Boniface|Fred Cavens|Harry Cording|Gino Corrado|Paul Fix|Clarence Geldart|Edward Hearn|Jack Hyam|Sydney Jarvis|Edward Keane|Theodore Lorch|Wilfred Lucas|Wilbur Mack|John Marsden|Alphonse Martell|Harold Miller|William H. O'Brien|Russ Powell|Marjorie Prax|Tom Ricketts|Desmond Roberts|Harry Tenbrook|Nick Thompson|William Wagner|Niles Welch|Eric Wilton|Joan Woodbury","keywords":"escape from prison|sword fight|revenge|prison|dungeon","year":1934,"director":"Director: Rowland V. Lee","genre":"Action|Adventure|Drama|History|Romance|Thriller","rating":7.5,"title":"El conde de Montecristo"}