{"summary":"The wealthy Rothschild family undergoes prejudice from the anti-Semitic society they live within.","cast":"George Arliss|Boris Karloff|Loretta Young|Robert Young|C. Aubrey Smith|Arthur Byron|Helen Westley|Reginald Owen|Florence Arliss|Alan Mowbray|Holmes Herbert|Paul Harvey|Ivan F. Simpson|Noel Madison|Murray Kinnell|Georges Renavent|Oscar Apfel|Lumsden Hare|Leo McCabe|Gilbert Emery|Charles E. Evans|Desmond Roberts|Earl McDonald|Lee Kohlmar|Ethel Griffies|William H. Strauss|Matthew Betz|Reginald Sheffield|Brandon Hurst|Harold Minjir|Horace Claude Cooper|Crauford Kent|C. Montague Shaw|Harry Allen|Gerald Pierce|Milton Kahn|George Offerman Jr.|Cullen Johnson|Bobbie La Manche|Leonard Mudie|Rafael Alcayde|Dick Alexandria|Mr. Bonn|E.H. Calvert|Jack Carlyle|Harry Cording|Mr. Corey|Max Davidson|Nigel De Brulier|Arthur Dulac|Harold Entwistle|Martin Faust|Frank Hagney|Mr. Jerome|Edward LeSaint|Theodore Lodi|Walter Long|Wilfred Lucas|Mary MacLaren|Murdock MacQuarrie|Del Marget|Rosita Marstini|Bill McDougal|Paul McVey|Miss Monroe|Joe Ray|Louis Shapiro|Mike Siebert|Pietro Sosso|Bert Sprotte|Louis Van der Ecker|Miss Vedera|Perry N. Vekroff|Henry Wardell|Paul Weigel","keywords":"family character name in title|psychotronic film|rothschild|jew|napoleon","year":1934,"director":"Directors: Alfred L. Werker (as Alfred Werker), Sidney Lanfield (uncredited)","genre":"Biography|Drama|History|War","rating":6.6,"title":"La casa de los Rothschild"}