{"summary":"The Great Elmer and Company, two out-of-work magicians, help lovelorn Jerry Bronson adopt Spanky Milford, to distract him. When Bronson makes up and elopes, the pair are stuck with the ... See full summary »","cast":"Bert Wheeler|Robert Woolsey|Mary Carlisle|George 'Spanky' McFarland|Noah Beery|Lucille La Verne|Willie Best|Margaret Dumont|Louis Mason|Paul Page|Frank McGlynn Jr.|Richard Alexander|William Pawley|Harry Bernard|Edgar Dearing|Jack A. Goodrich|William Gould|Dorothy Granger|Frances Grant|Roger Gray|Harrison Greene|Harriette Haddon|Charlie Hall|Otto Hoffman|Donald Kerr|John Larkin|Robert Milasch|Frank O'Connor|Hank Potts|Ruth Riley|Marion Sheldon|Valerie Traxler|Clarence Wilson","keywords":"1930s|vaudeville magician|deception|song|singer","year":1934,"director":"Director: George Stevens","genre":"Comedy|Music","rating":6.0,"title":"Dos y medio"}