{"summary":"Bookie Sorrowful Jones receives a little girl as an IOU.","cast":"Adolphe Menjou|Dorothy Dell|Charles Bickford|Shirley Temple|Lynne Overman|Frank McGlynn Sr.|John Sheehan|Garry Owen|Willie Best|Huey White|Tammany Young|Sam Hardy|Edward Earle|John Kelly|Warren Hymer|Ernie Adams|Phil Bloom|Don Brodie|Veda Buckland|James Burke|Wong Chung|Frank Conroy|Tom Gardner|Mildred Gover|Jack Green|Joseph Herrick|Willie Keeler|Crauford Kent|Texas Kid|Solly Kreiger|Jerry Mandy|Frank Mills|Barney O'Toole|Stanley Price|Dream Prince|Phillips Smalley|Sailor Vincent|Pauline Wagner","keywords":"redemption|orphan|nightclub|suicide|singer","year":1934,"director":"Director: Alexander Hall","genre":"Comedy|Drama|Family|Musical","rating":7.1,"title":"Dejada en prenda"}