{"summary":"Union spy Gail Loveless impersonates a black maid in the early days of the Civil War, but complications arise when she falls in love with a Confederate officer.","cast":"Marion Davies|Gary Cooper|Jean Parker|Katharine Alexander|Ted Healy|Russell Hardie|Henry Wadsworth|Douglass Dumbrille|Willard Robertson|Fuzzy Knight|Sidney Toler|Robert McWade|Marjorie Gateson|Wade Boteler|Walter Long|The Mills Brothers|Marta DeVeaux|Ernie Adams|Larry Adler|Ernie Alexander|Sam Ash|Zita Baca|Reginald Barlow|Margaret Bert|Frank Burt|Claudia Coleman|Nell Craig|Belle Daube|Donald Douglas|John Elliott|Douglas Fowley|Paul 'Mousie' Garner|Arthur Grant|Billy Griffith|Sherry Hall|Mary Halsey|Theresa Harris|William Henry|Hattie Hill|Samuel S. Hinds|Sterling Holloway|Curly Howard|Wallie Howe|Si Jenks|DeWitt Jennings|Edgar Kennedy|John Kirkley|Lia Lance|John Larkin|Frank Leighton|Charles Lloyd|Wilfred Lucas|Mary MacLaren|James A. Marcus|Frank Marlowe|Hattie McDaniel|Sam McDaniel|Francis McDonald|Frank McGlynn Jr.|Donald Mills|Harry Mills|Herbert Mills|John Mills|Ruth Moody|James C. Morton|Etta Moten|Clarence Muse|Wheeler Oakman|Franklin Parker|Lee Phelps|Richard Powell|Buddy Roosevelt|James Sheridan|Robert R. Stephenson|Madame Sul-Te-Wan|Fred 'Snowflake' Toones|Richard Tucker|Martin Turner|Dorothy Vernon|E. Alyn Warren|Poppy Wilde|Clarence Wilson","keywords":"general|espionage|confederate army|secret service|female spy","year":1934,"director":"Director: Richard Boleslawski (as Richard Boleslavsky)","genre":"Drama|History|Romance|War|Western","rating":6.1,"title":"La espía número 13"}