{"summary":"In 19th century Russia, peasant Polikei is sent by the wealthy landlady to town. Things start to get complicated and even tragic, when he loses the lady's money he was sent for.","cast":"Ivan Moskvin|Vera Pashennaya|Evgeniya Raevskaya|Varvara Bulgakova|Sergei Aidarov|Dimitri Gundurov|Sergei Golovin|Aleksandr Istomin|Nikolai Znamenskiy|Varvara Massalitinova|Nikolai Kostromskoy","keywords":"based on novel","year":1922,"director":"Director: Aleksandr Sanin","genre":"Drama","rating":6.8,"title":"Polikushka"}