{"summary":"A young woman is seduced by a charismatic highwayman who offers her promises of fame as a singer in exchange for romance.","cast":"Irene Dunne|Richard Dix|Mary Boland|Conway Tearle|Andy Devine|Henry Stephenson|George Barraud|Una O'Connor|'Snub' Pollard|Reginald Owen|Billy Bevan|Robert Greig|Robert Adair|Norma Adoree|Luis Alberni|Alyce Ardell|Frank Baker|May Beatty|Lionel Belmore|Evelyn Beresford|Arthur Clayton|Roger Cluett|John Connan|Earl Covert|Adrienne D'Ambricourt|Dan Dix|Ralph Fitzsimmons|Joe Garion|Carl Gordon|Ferdinand Gottschalk|Silver Harr|Harry Harris|Sam Harris|Ben Hendricks Jr.|Howard Hickey|Keith Hitchcock|Patty James|Jack Kennedy|Richard Lancaster|Allen Lee|Jack Lindell|Edgar Norton|Hank Potts|Jack Ranier|Georges Renavent|Harrington Reynolds|Rolfe Sedan|Ivan F. Simpson|Carol Tevis|Sailor Vincent|James Warwick|Dick Winslow","keywords":"romantic triangle|australian western|melbourne australia|police inspector|outlaw","year":1934,"director":"Director: William A. Wellman (as William Wellman)","genre":"Comedy|Drama|Romance","rating":5.8,"title":"Stingaree"}