{"summary":"A European princess arrives in New York City to secure a much-needed loan for her country. She contracts the mumps, and an actress who looks exactly like her is hired to impersonate her.","cast":"Sylvia Sidney|Cary Grant|Edward Arnold|Henry Stephenson|Vince Barnett|Edgar Norton|Ray Walker|Lucien Littlefield|Robert McWade|George Baxter|Marguerite Namara|William Arnold|William Augustin|Allan Cavan|Jean Chatburn|Oliver Cross|Edgar Dearing|Sayre Dearing|Adolph Faylauer|Jean Fowler|Dick Gordon|Sam Harris|Carey Harrison|Jack Holmes|Robert Homans|Thomas Monk|Edmund Mortimer|Dick Rush|Loretta Russell|Scott Seaton|Phillips Smalley|Frederick Sullivan|Bruce Warren|Eleanor Wesselhoeft","keywords":"bonds|fictional kingdom|fictional country|title in title|automat","year":1934,"director":"Director: Marion Gering","genre":"Comedy|Romance","rating":6.8,"title":"Princesa por un mes"}