{"summary":"Zou Zou tries to help her childhood friend prove his innocence after he's accused of murder.","cast":"Josephine Baker|Jean Gabin|Pierre Larquey|Yvette Lebon|Illa Meery|Palau|Madeleine Guitty|Claire Gérard|Marcel Vallée|Irène Ascoua|Roger Blin|Floyd Du Pont|Geo Forster|Serge Grave|Teddy Michaud|Philippe Richard|Viviane Romance|Robert Seller|Eugène Stuber|Adrienne Trenkel|Georges Van Parys|Lucien Walter|Andrée Wendler|Louis Wins","keywords":"stage performer|romantic rivalry|unrequited love|brother sister relationship|seamstress","year":1934,"director":"Director: Marc Allégret","genre":"Crime|Musical|Romance","rating":6.4,"title":"Zouzou"}