{"summary":"Hard-hitting news editor Jim Branch falls for high-society type Sharon Norwood but can't get to first base as he continually makes use of her knowledge of the rich and famous to try to ... See full summary »","cast":"Constance Bennett|Clark Gable|Stuart Erwin|Billie Burke|Harvey Stephens|Katharine Alexander|Hale Hamilton|Henry Travers|Henry Armetta|Charles Richman|Herbert Bunston|Stanley Andrews|Jack Chefe|Sayre Dearing|William Demarest|Tom Dugan|Margaret Dumont|James Ellison|Pat Flaherty|James Flavin|Bess Flowers|George Guhl|Olaf Hytten|Bud Jamison|Rita La Roy|Wilbur Mack|Mary MacLaren|Tom Mahoney|Pat O'Malley|Inez Palange|Alexander Pollard|David Thursby|Dale Van Sickel|Monte Vandergrift","keywords":"newspaper editor|socialite|murder|new york city|newspaper","year":1935,"director":"Director: Robert Z. Leonard","genre":"Comedy|Crime|Drama","rating":6.4,"title":"El escándalo del día"}