{"summary":"A romanticized biography of the famous sharpshooter.","cast":"Barbara Stanwyck|Preston Foster|Melvyn Douglas|Moroni Olsen|Pert Kelton|Andy Clyde|Chief Thunderbird|Margaret Armstrong|Delmar Watson|Adeline Craig|Ernie Adams|Richard Alexander|Philip Armenta|Frank Austin|Brooks Benedict|Willie Best|Stanley Blystone|Eddie Borden|Harry Bowen|Sonny Bupp|Iron Eyes Cody|Jimmy Dime|Eddie Dunn|Dick Elliott|Bud Geary|Donald Haines|Charlie Hall|Sam Harris|Otto Hoffman|Brandon Hurst|Gladden James|Si Jenks|Donald Kerr|George Lollier|Walter Long|Theodore Lorch|Joe Smith Marba|Jim Mason|Philo McCullough|Robert McKenzie|Sammy McKim|Lew Meehan|Frank Mills|Jack Rice|Will Stanton|Jerry Tucker|E. Alyn Warren|Blue Washington","keywords":"character name as title|buffalo bill's wild west show|sharpshooter|clay pigeon shooting|shooting contest","year":1935,"director":"Director: George Stevens","genre":"Biography|Drama|Western","rating":6.6,"title":"Annie Oakley"}