{"summary":"Mickey is a frustrated bandleader dealing with obnoxious peanut vendor and flute player Donald, who tries to persuade the band to play \"Turkey in the Straw,\" and a cyclone hits before his concert of \"William Tell Overture\" is completed.","cast":"Clarence Nash","keywords":"half dressed cartoon animal|barefoot cartoon animal|goofy the dog character|mickey mouse character|donald duck character","year":1935,"director":"Director: Wilfred Jackson (uncredited)","genre":"Animation|Short|Comedy|Family|Music","rating":7.9,"title":"El concierto de la banda"}