{"summary":"Set against the background of the Battle of Waterloo, Becky Sharp is the story of Vanity Fair by Thackeray. Becky and Amelia are girls at school together, but Becky is from a \"show biz\" ... See full summary »","cast":"Miriam Hopkins|Frances Dee|Cedric Hardwicke|Billie Burke|Alison Skipworth|Nigel Bruce|Alan Mowbray|G.P. Huntley|William Stack|George Hassell|William Faversham|Charles Richman|Doris Lloyd|Colin Tapley|Leonard Mudie|May Beatty|Charles Coleman|Bunny Beatty|Finis Barton|Olaf Hytten|Pauline Garon|Jimmy Robinson|Elspeth Dudgeon|Tempe Pigott|Ottola Nesmith|Joan Arnold|Billie Bellport|Mrs. Leslie Carter|Margaret Dee|Gaston Glass|Creighton Hale|Stuart Hall|Keith Hitchcock|Viola Moore|Pat Nixon|C. Montague Shaw|Reginald Sheffield|Pat Somerset|John Warburton|Madeline Wilson","keywords":"national film registry|three strip technicolor|vanity|battle of waterloo|historical event","year":1935,"director":"Directors: Rouben Mamoulian, Lowell Sherman (uncredited)","genre":"Drama|Romance|War","rating":5.9,"title":"La feria de la vanidad"}