{"summary":"An immigrant coal miner finds himself in the middle of a bitter labor dispute between the workers and the mine owners.","cast":"Paul Muni|Karen Morley|William Gargan|Barton MacLane|John Qualen|J. Carrol Naish|Vince Barnett|Tully Marshall|Henry O'Neill|Joseph Crehan|Mae Marsh|Sara Haden|Willard Robertson|Effie Ellsler|Wade Boteler|Egon Brecher|G. Pat Collins|Ward Bond|Akim Tamiroff|Purnell Pratt|Eddie Shubert|Wally Albright|John Bleifer|Ferike Boros|Don Brodie|Glen Cavender|Eddy Chandler|Nick Copeland|Harry Cording|Jane Eberling|Edith Fellows|Dick French|Dorothy Gray|Henry Hastings|Oscar 'Dutch' Hendrian|Herbert Heywood|Samuel S. Hinds|Mitchell Ingraham|Milton Kibbee|Michael Mark|Mike Mazurki|Claire McDowell|Pat Moriarity|Bobby Nelson|George Offerman Jr.|Henry Otho|Inez Palange|Pedro Regas|Mickey Rentschler|Addison Richards|Constantine Romanoff|Jack Roper|Christian Rub|Mary Russell|Floyd Shackelford|Harry Tenbrook|William H. Turner|Kathrin Clare Ward|Leo White|Jack Wise","keywords":"immigrant|coal miner|pennsylvania|labor union|deception","year":1935,"director":"Director: Michael Curtiz","genre":"Crime|Drama|Romance","rating":6.5,"title":"Infierno negro"}