{"summary":"Stan and Ollie mistakenly enlist in the army and find themselves posted to the Northwest Frontier in India on a dangerous mission.","cast":"Stan Laurel|Oliver Hardy|June Lang|William Janney|Anne Grey|Vernon Steele|James Finlayson|David Torrence|Maurice Black|Daphne Pollard|Mary Gordon|Lionel Belmore|Nath Bali|Phyllis Barry|May Beatty|Jay Belasco|Frank Benson|Ted Billings|Barlowe Borland|James P. Burtis|David Clyde|Russell Custer|Eddie Das|Belle Daube|J. Gunnis Davis|Carlos De Valdez|Jack Deery|Faizada Devinder|Bobby Dunn|Anthony Francis|Otto Frisco|Bud Geary|Julia Halia|Charlie Hall|Sam Harris|Abdullah Hassan|Vaino Hassan|Marvin Hatley|Jack Hill|Hona Hoy|Brandon Hurst|Olaf Hytten|John Sutherland's Scotch Pipers|Colin Kenny|Claude King|Sam Lufkin|James T. Mack|Mary MacLaren|Murdock MacQuarrie|Margaret Mann|Dan Maxwell|James May|G.L. McDonnell|Lal Chand Mehra|Carlotta Monti|Clive Morgan|Frances Morris|Bob O'Connor|Ted Oliver|Peter Potter|John Powers|Art Rowlands|Kathryn Sheldon|Shura Shermet|Bhogwan Singh|Gurdial Singh|Philip Sleeman|Pat Somerset|A. Tehir|Minerva Urecal|Clare Verdera|Dick Wessel|Elizabeth Wilbur|Leo Willis|Noah Young","keywords":"scotland|1930s|british army|india|army","year":1935,"director":"Director: James W. Horne","genre":"Comedy","rating":6.9,"title":"Dos fusileros sin bala"}