{"summary":"The cunning Cardinal Richelieu must save King Louis XIII from treachery within his inner circle.","cast":"George Arliss|Maureen O'Sullivan|Edward Arnold|Cesar Romero|Douglass Dumbrille|Francis Lister|Halliwell Hobbes|Violet Kemble Cooper|Katharine Alexander|Robert Harrigan|Joseph R. Tozer|Lumsden Hare|Russell Hicks|Keith Hitchcock|Murray Kinnell|Herbert Bunston|Guy Bellis|Boyd Irwin|Leonard Mudie|David Clyde|Charles E. Evans|Reginald Sheffield|Frank Dunn|William Worthington|Pat Somerset|Leo McCabe|Gilbert Emery|Holmes Herbert|Lionel Belmore|Wilson Benge|John Carradine|Tom Ricketts|Arthur Treacher|David Thursby|Reginald Barlow|Dexter McReynolds|Jack Carlyle|Jack Harvey|Perry Ivins|Raymond Lawrence|Jack Rutherford|Eric Wilton","keywords":"character name as title|cardinal richelieu character|king louis xiii|17th century|queen","year":1935,"director":"Director: Rowland V. Lee","genre":"Drama|History|Romance","rating":6.3,"title":"El cardenal Richelieu"}